variable,smd
baseline_activity,-0.0032156859163988004
pre_metric,-0.002559981605499444
