treat,n,mean_baseline_activity,mean_pre_metric,mean_missing_share
0,50006,4.001069207823811,3.9987401908410303,0.01993332228703984
1,49994,3.9920258900778216,3.9914206595720603,0.02001240148817858
