Genre,Precision,Recall,F1-Score,Support
Action,0.0,0.0,0.0,34
Comedy,0.29,0.5,0.3670886075949367,58
Drama,0.3684210526315789,0.5932203389830508,0.45454545454545453,59
Horror,0.0,0.0,0.0,10
Other,0.4,0.05128205128205128,0.09090909090909091,39
