model,mae,rmse,r2
word2vec_ridge,0.27165091037750244,0.36586751475495377,0.07283776998519897
