review_text,rating,helpful,funny,playtime_forever,playtime_at_review,playtime_last_two_weeks,timestamp,datetime,playtime_forever_hours,playtime_at_review_hours
"I pray that a game like this is made one day. I have replayed this for 20 years probably and nothing comes close. 
Please, oh please make another war game like this one",True,1,0,2475,1733,1447,1776585259,2026-04-19 07:54:19,41.25,28.883333333333333
"although the graphics arent great (2008 graphics keep in mind), and the mechanics can be annoying at times. overall a great game worth a playthrough (the kinda game you play once and never touch again). shame that the series was never continued though. 6.5/10.",True,1,0,607,493,607,1776551480,2026-04-18 22:31:20,10.116666666666667,8.216666666666667
Incredible. Maybe the best WWII shooter there is. The squad tactics keeps this feeling as fresh as the day it came out. Played this blind in 2026 and I'm floored this has been here the whole time ,True,3,0,578,578,0,1774833848,2026-03-30 01:24:08,9.633333333333333,9.633333333333333
"Hell's Highway is a decent squad-based shooter. Story is a bit corny at times, but still gets the point across. The gameplay will eventually feel repetitive. At most, from previous titles, the game offers 2 new squads and a cover system that helps in firing at enemy positions. While it is nice to play in the few tank missions, it is rather sad you no longer get to command one unlike the previous installments. For a game made at its time, its decent. Not perfect, but decent. Wish Gearbox adds a 4th installment though.",True,1,0,586,586,0,1774279483,2026-03-23 15:24:43,9.766666666666667,9.766666666666667
"Never played this BiA game, I had the original 2 on classic xbox years ago. This one is really good and the quality is damn levels above the prior 2 and truly holds up today. The weapons are pretty meaty sounding and the combat is hella satisfying.

I was also absolutely blown away when I heard Colonel Sink was voiced by Dale Dye!

I hope one day this franchise gets a 4th entry or a complete remaster of all 3 games, It would be amazing in todays market.",True,3,0,390,124,0,1774197443,2026-03-22 16:37:23,6.5,2.066666666666667
"This game is just a mess really.  Like the entire franchise it is just not interesting, nor is it a great story. It is not bad but just blatant propaganda. Honestly Baker is not as interesting as some of the other members of the unit.

First the gameplay. The game is just an on-rails shooter basically. You have chest-high walls and cover placed conveniently to fire upon enemies and push forward. The enemy AI is basically useless as they stick to their cover and move only a little bit one you kill most of their unit. Then they just move to the next cover and again... stay put awaiting death.
Missions are more like arcade levels where you can peak, wait for the enemy to peak as well and then just headshot them. That is it. Your units are only good for suppressing fire and taking enemy fire, but the moment you are spotted you are a prime target, so you dont rush in, you just flank and snipe everyone. It is extremely boring to play like this. You have no incentive to try different tactics, because for some reason the enemies are either in cover waiting or they push into the 1st cover on the other side of the shooting range and wait.... they do not attack you or try to flank you. 
They go down easily but so do you, so the segment where you go solo in a house are really annoying. As the game was not built for breach and clear type of scenarios. You still push to a knocked over cabinet, then take cover (which for some reason is almost an instant safe mode because if you crouch behind the same cover - in a way you cant see the enemy, you still get hit, but if you get into cover they magically cant hit you anymore lmao) and you proceed to shoot anyone that peeks first, rinse and repeat. Squads can die quickly so they too are useless in pushing. So in the end you end up going solo, flanking solo and sniping enemies one by one until you can push forward. Talk about boring.

Another aspect i despised is the control scheme and the way holding the right click and clicking the right click immedeately issue orders. For the life of me I do not know how many times i thought about ordering to cover fire but ended up clicking for them to go to the point up to the enemy... In the heat of battle this is awful. And best of all, THERE IS NO CANCEL ORDER BUTTON TO THELL THEM TO STAY PUT. Rainbow Six had this and that game was older.

The graphics are serviceable. Although the maps are really closed, narrow corridors that make you feel like you are replaying the same levels even from previous games. Destructable objects are few and far between but are a welcome edition.

The soundtrack and sound design is okay. I do not have much positive or negative to say. It is just there and after a while I cant even remember the soundtrack. Generic military ww2 stuff.

Now the story. As always with these overly dramatic WW2 Murican games that want to talk about the horrors of war, but also about heroes and liberators, they fall flat. Even though the cast is interesting, the overdramaticized story ruins the whole experience. I guess they tried to be like Band of Brothers and went for the cinematic approach, but they are just not fit for this. This is a movie game. So the predictable aspect of PTSD is the key point for our main character, but why so soon. It is barely 3 months after the events of the 1st game and the main character already has heavy PTSD because of private Legett.. In reality while in action your brain does not develop PTSD that quickly. It takes about 3 months to develop and that is with WAR VETERANS. Meaning people out of combat when the brain is trying to adjust to regular life. When you have time to ponder on everything due to no imminent danger and even extra free time (thinking too much) that is the point where the PTSD really kicks in. Daily life. Not in combat when there are bullets flying over your head. Every comrade that dies is a big thing, every ally is a good guy/hero, the Germans are monsters, yada yada. The obvious propaganda shlock. I can talk about war crimes from the US side regarding local women and such but here one private dies trying to save a girl he randomly kissed on a parade in a foreign country. Someone would consider that SA though. Also the part with the kid is dumb as hell. Blatant propaganda. Demonizing the enemy and making this Yankee hero look like a saint. I can go on and on but this has already gone long enough.

Thankfully we do not have more sequels from this series. The ""WW2 muh freedom"" fatigue was real and ended this series. For someone whose family went trough insane horrors of war and returned to destroyed cities with lots of missing friends and families, never to be seen again, starting to rebuild and go on, this game felt like an insult to real war veterans. The US could go to their warm homes and healty family and neighbors, then cry about PTSD because they had to go to Europe and shoot some small contingent of Germans while witnessing less than 1% of what horrors were done on the other parts of Europe. Also had their time with French girls and Wine from time to time.",False,1,4,441,441,0,1773151138,2026-03-10 13:58:58,7.35,7.35
A bummer we never got the battle of the bulge here. It's a bit of a mixed bag compared to earned in blood but still very enjoyable. A very hectic and tactical experience that is oddly unique in a shooter.,True,0,0,491,491,0,1772996382,2026-03-08 18:59:42,8.183333333333334,8.183333333333334
"I've played through once on PC, but I have easily a couple hundred hours on console, and I just need to say, this game is a MASTERPIECE. I have never played another game in this genre or similar that is as incredible in every way. If you have any doubts at all, don't worry, PLAY IT. It's worth it, trust me.",True,0,0,426,426,0,1772862757,2026-03-07 05:52:37,7.1,7.1
"Brothers in Arms: Hell's Highway, developed by Gearbox Software and published by Ubisoft, represents the most ambitious and emotionally intense chapter in the Brothers in Arms trilogy. Shifting the setting from the hedgerows of Normandy to the embattled towns and highways of the Netherlands during Operation Market Garden, the game continues the story of Staff Sergeant Matt Baker and the 101st Airborne Division as they attempt to secure vital routes through enemy territory. While it retains the series’ signature emphasis on tactical squad-based combat, this installment deepens both its mechanical systems and its narrative ambition, aiming to portray not only the strategy of warfare but also its psychological toll.

At its core, Hell’s Highway remains firmly committed to the tactical philosophy that defined its predecessors. Combat revolves around suppression and flanking rather than reflex-driven gunplay. Enemy machine-gun nests and entrenched infantry are formidable threats, requiring careful coordination between Baker’s fire teams and assault squads. The player must pin enemies down with sustained fire before maneuvering a squad to attack from a vulnerable angle. This structured battlefield choreography continues to provide satisfying tactical problem-solving, and the more open urban environments of Dutch towns introduce verticality and tighter corridors that vary the formula. Buildings can be entered, streets become deadly chokepoints, and destructible cover changes firefights dynamically, reinforcing the need for adaptability.

The addition of a modernized cover system marks a significant evolution for the series. Baker can now snap to cover, lean out to fire, and move between positions with greater fluidity, giving engagements a more immediate and contemporary feel compared to the earlier titles. The health system also shifts to a regenerative “threat” mechanic, where sustained exposure to gunfire results in a red haze and eventual death, encouraging careful positioning rather than reckless advances. Although some purists preferred the harsher health rules of previous entries, the updated system helps balance realism with accessibility, smoothing out frustration without abandoning the importance of tactical caution.

One of the most striking elements of Hell’s Highway is its presentation. Built on Unreal Engine 3, the game delivers a noticeable leap in visual fidelity. Character models are more expressive, environments are richly detailed, and lighting effects give the war-torn Dutch countryside a somber atmosphere. Smoke drifts through shattered streets, artillery blasts send debris scattering, and nighttime missions are bathed in an eerie glow that heightens tension. The sound design complements the visuals with sharp weapon reports, distant explosions, and urgent shouts from squadmates that create an immersive battlefield soundscape. A controversial but memorable addition is the dynamic action camera, which slows time and shifts perspective during dramatic kills or explosions. While some players may find it stylistically intrusive, it undeniably amplifies the intensity of key moments.

Narratively, Hell’s Highway aims higher than most shooters of its era. The story does not merely recount military objectives; it delves into the psychological strain of leadership and survivor’s guilt. Baker is portrayed as a man weighed down by past decisions and haunted by earlier losses, and these emotional threads weave through the campaign’s cutscenes and quieter moments. The game explores themes of responsibility, sacrifice, and the blurred line between duty and personal anguish. Squad members are given distinct personalities and arcs, making their fates feel meaningful rather than incidental. The tone is somber and introspective, occasionally bordering on surreal in its depiction of trauma, which gives the experience a gravity that lingers long after firefights end.

Despite its strengths, the game is not flawless. Certain encounters can feel scripted, and while environments are more expansive, the overall mission structure still funnels players along fairly linear paths. The action camera and cinematic flourishes, though impactful, sometimes clash with the grounded realism the series strives for. Multiplayer modes exist but never achieve the same level of depth or acclaim as the single-player campaign, leaving the core experience centered firmly on the story-driven tactical journey. Additionally, AI behavior, while generally competent, can occasionally falter, leading to moments where squadmates hesitate or enemies react predictably.

Even with these imperfections, Brothers in Arms: Hell’s Highway stands as a compelling culmination of the trilogy’s vision. It refines the tactical systems that set the series apart while elevating the emotional storytelling to new heights. The portrayal of Operation Market Garden provides a fresh historical backdrop rarely explored in mainstream shooters, and the focus on the human cost of war gives the campaign resonance beyond its objectives. For players who appreciate deliberate pacing, squad coordination, and character-driven narratives within a World War II setting, the game offers a rich and immersive experience that balances strategic depth with cinematic intensity.

Rating: 9/10",True,2,0,825,825,0,1771280886,2026-02-16 22:28:06,13.75,13.75
"Truely an amazing game that also shows the consequences war has on mans body and soul. We see over the games how all of it affects Baker and the guilt he carries.

To bad a 4th game hasnt been made since the story isnt finished. I recommend buying all three games.",True,2,0,769,769,0,1769371463,2026-01-25 20:04:23,12.816666666666666,12.816666666666666
"Been playing this game since release on console. The fact I can sit down to replay it countless times over in the span of nearly 20 years is a clear signal of how this game ""got it right"" at least back when it came out. Haven't played this yet? Play it. Don't know if it is good game? It is good game.",True,9,0,1278,1278,0,1769134582,2026-01-23 02:16:22,21.3,21.3
"Best of the 3 games by far! Don't get me wrong, its not a perfect game but its a classic, and a real shame the 4th one never came out. Imo the graphics are still pretty good and hold up fairly well by todays standards.",True,0,0,478,478,0,1768833588,2026-01-19 14:39:48,7.966666666666667,7.966666666666667
"Series in dire need of a remaster.

Man, do I love some Brothers in Arms. This series always surprises me with its storytelling and setting, even more in this game. Thanks to great dialog and voice acting paired with outdated but still great graphics, it's able to create a nerve-wracking and tense atmosphere, very much in tune with the real events being presented. The portrayal of each episode is great with the exception of some more mellow circumstances that divert you from the importance of the situation and what's really at stake.

The gameplay always feels fresh and unique even though the level design is not the most complete or in-depth. Even then, it gives you plenty of routes to try different approaches and figure out the best solution. There are plenty of commanding sections sprinkled in with some solo situations. Here things get a bit messy with the AI, as it tries to kill itself at every step and ends up being really difficult to control and do exactly what you expect. But when it's able to follow your instructions and you reach the expected outcome, it's really rewarding. The shooting is okay; sometimes you feel like you can hit all your shots, sometimes you don't even know how you missed, but even that plays into the type of game it is, with some great mechanics implemented into this part of the game.

There's plenty of content to go through and even more after finishing the main story. The progression is fair, but towards the end of the game, missions get really hard, your character feels like it's not able to sponge as many hits as before, and you're being hit from nonexistent or non-shooting enemies.

The art and cutscenes look and feel polished and are accompanied by some great sound design. Would benefit from more weapon variety.

The whole series deserves a remaster and even a sequel.",True,24,1,414,414,0,1768505328,2026-01-15 19:28:48,6.9,6.9
"FIFTEEN MINUTES of cutscenes which are UNSKIPPABLE and TWO minutes of gameplay, i didnt realise i bought an animated film which when it does have a boring introduction mission where a bomb falls on him followed by more unskippable dialogue then transitions to ANOTHER unskippable cutscene.
It has 3rd world controls, shift to swap weapon and space to sprint with no ADS????????????????????????????????
what a SHAMBLES of a game series",False,3,2,18,18,0,1768504068,2026-01-15 19:07:48,0.3,0.3
"Story is amazing, especially compared to the first two games, in someway the first two games are like Assassins Creed, but then this game is like Assassins Creed 2, if you get what I mean then you get it. If you have played the other two Brother in Arms games, then you definitely have to play this one.
The gameplay is really fun and challenging as well, but smoother than the first two games, plus you can accurately shoot nazi's heads clean off.
Controls depending on if you play keyboard or controller, they are a little tricky as moving your units around, but after the first couple of missions you get used to it.
I actually miss games like these, I would hope for a fourth game to come out and blow everyone's mind, but I doubt it.
I had zero bugs or issues.

10/10 - Chefs Kiss x",True,0,0,539,539,0,1768311448,2026-01-13 13:37:28,8.983333333333333,8.983333333333333
"Russian Roulette of a game; it'll either just work or it'll never work and always crash on you (and it'll stay that way too, as there is no fix). Also youre not missing much tbh; Just get Hill 30 & Earned in blood",False,0,0,600,600,0,1767402100,2026-01-03 01:01:40,10.0,10.0
"Honestly surprised how well this played considering the last time i touched this game was over 15 years ago, It's a intresting look back at shooters back in the early 2000's.

Story is quite emotional althrough what I'm more surprised was how well the gameplay worked, the positioning of your troops can be a bit finiky but it's honestly quite good for most of it, When things ♥♥♥♥♥♥ up it was usually because of my own mistakes except the bazooka, That thing was limited as hell. 
",True,1,0,713,713,0,1766659383,2025-12-25 10:43:03,11.883333333333333,11.883333333333333
"Consider myself pleasantly surprised. 

A far more artful and thoughtful experience than what's on the box art. Its a Call of Duty game with actual restraint. Its squad tactics are legible; A.I provides a decent challenge and there some shocking strong moments of psychological horror and brutal historical realism here. Frankly ahead of its time; especially in its cutscene direction. 

Soundtrack is a bit too saccharin for text of the material;  mission and weapon variety suffers from repetitive design and there are no real surprises given they chose to cover the most overplayed and over represented part of the war; but in all honesty; this is a frankly superb experience.  

8/10",True,7,0,523,523,0,1765086103,2025-12-07 05:41:43,8.716666666666667,8.716666666666667
"I played through this game over a decade ago on the Xbox 360 and having played through it again now on PC I can say that this version is excellent. While there are more glitches than I remember such as bugged out AI and Tanks rolling on their back wheels they were few and far between. The story is still rich, the visuals excellent, the sound design engrossing, and the gameplay is still a fantastic mix of challenge, tactical shooting, and strategy. One of the best FPS games on the market, the inclusion of third person cover mechanics was also an awesome feature here that the first two games by and larger lacked outside of manning large weapons. Fantastic game, cannot recommend it enough.",True,0,0,467,467,0,1765003415,2025-12-06 06:43:35,7.783333333333333,7.783333333333333
This Was A Roller Coster Of Emotions... I love the graphics the story and well everything we NEED more games like this as well as you know the frouth Brothers In Arms Game PLEASE UBISOFT AND GEARBOX PLEASE!!!!!,True,3,0,809,497,0,1764740648,2025-12-03 05:44:08,13.483333333333333,8.283333333333333
"I played it all the way through on the xbox soon after it came out back in the day. The controls on the pc are not always easy to remember particularly as I have remapped as I am lefthanded, which stops my more casual approach to playing this, but I have good memories playing this through so am biased - I think it great. This type of story led game you see less of now. I've played a few of the brothers in arms games, but this is my favourite.",True,1,0,774,307,0,1762892443,2025-11-11 20:20:43,12.9,5.116666666666666
Great game with great amount of effort put into the story and the  personality of the individual characters!! Historically seems to be very accurate to what went on in the European Theater in World War 2 after the D- Day Invasion.,True,1,0,21050,21034,0,1761785232,2025-10-30 00:47:12,350.8333333333333,350.56666666666666
"It's just not for me. I really enjoy the music, the visuals, and the camera work. The gunplay is simple, but fun, and I enjoy the historical accuracy that has gone into this. 

The story seems a little dry/lacking substance, and so I don't really see a reason to stay for that. My main issue is, the core gameplay loop is one I find not too enjoyable. While the maps are cool, they are very much linear, with a very clear, direct path that you must take to your objective at all times. And objectives often amount to little more than shooting a bunch of Germans in x area, and then moving on to do the same thing again. The AI isn't smart enough to make that not boring after a couple times. 

I know lots of people like this game, and I appreciate the work the devs put in...but it's just not for me.",False,0,0,120,120,0,1760880748,2025-10-19 13:32:28,2.0,2.0
"Going into this blind I am very surprised how fun and engaging this game was. Its story, voice acting, and direction were believable for the time. And I believe Brothers In Arms is the only game that is a fps with meaningful squad mechanics, not like some top down game, no you are on the battlefield with them  You cannot defeat the enemies by yourself, you have to use your squad, they are at your command wherever you tell them to go and what enemies to concentrate fire on. When your squads and yourself fire enough at a enemy a grey circle appears indicating that the enemy has their heads down and its safe to move your squads. You got your bazooka guys, machine gun guys and the normal assault ones, and with every level having multiple flanking routes it gives a lot freedom for strategy. What really ties it together is the immersion, you really feel like a squad leader in WW2, Everyone yelling, bullets firing all over the place destroying cover, rockets launchers and tanks firing rockets, explosions going off, dirt getting kicked up, it does a really good recreating the chaos of war and its up to you to control your squads and push the line to kill the enemy. And since the ally AI will go where you tell them to, if someone gets killed its 100% your fault. The game isn't 11 hours long, but i restarted the checkpoint every time i got someone killed so i can proudly say I completed the entire game with no casualties. The game isn't perfect as it does show its age in places, you can only sprint in a straight line, the actual first person shooting ok but not good, for some reason there a few levels you are by yourself and its not that fun to play those and a couple levels near the end my ai wouldn't shot at the enemy at all, luckily quitting to menu and reloading fixes that, there are tank missions and they are okay its pretty basic. Overall I loved this game, especially when you are advancing in a area with heavy enemy resistance, and you use your strategy skills to position squads, move them when needed to and fight yourself to in the end kill everyone without suffering a single casualty on your team. Its worth the 10$ it costs but it goes on sale for 3$. Gearbox make another one of these! I would love a modern version of this",True,2,0,674,674,0,1760152762,2025-10-11 03:19:22,11.233333333333333,11.233333333333333
"Great story line and pretty good graphics. Over all it is a decent game. But the game play and 3rd person and 1st person mechanics are just out right terrible. They were designed to eat up time to prolong in game time. This game is a cover shooter that the punishes the player for trying to use any form of accuracy when taking shots at enemies. Aim and pray are the mechanics when in 3rd person, didn't like that one bit. By the end of the game all I wanted to do was get through the stages as quickly as possible to get on with the story line. Don't give players the option to aim when every 2 out of 10 taken land hits. Best advice is to mod it and make the aiming more accurate.",True,0,0,915,915,0,1758797003,2025-09-25 10:43:23,15.25,15.25
Really wish they continued the series... I loved the story line i loved how the characters. conmunicate with another like a movie. and 100% love how you can litterly control a squad. Really disapointed they did not make a 4th one.. really want to know what happens next.... please someone please convince a game company to remake the entire game and add a 4th one to finish it. I think this game evolved alot of 1st person games.,True,0,0,462,14,0,1757017156,2025-09-04 20:19:16,7.7,0.23333333333333334
"Really solid shooter with a much appreciated realistic story, and has an awesome squad mechanic. Unfortunately there are some bugs where your men will get stuck in geometry. I've got stuck myself once too. Other than that it really holds up, and would be a perfect game for a future remaster with updated visuals.",True,4,0,299,218,0,1756236570,2025-08-26 19:29:30,4.983333333333333,3.6333333333333333
"first half is just fine, but second half is broken. half the time you position your squad they won't attack. sometimes it seems like the cover is too high (but it's not too high for me). sometimes it seems like the ground is uneven and so they can't attack (but not too uneven for me). 
because of all that, in the last couple levels I had to do most everything which defeats the entire fun of having squads to command",False,0,0,550,550,0,1754362478,2025-08-05 02:54:38,9.166666666666666,9.166666666666666
"This game is a fond memory and a nice walk down memory lane. It's aged well, as exciting as the day it was released. I played it actively on both PC and Console; it's nice to pop back in from time to time. I sure hope some passionate developer(s) will pick up where the series left off someday!",True,7,0,1980,1980,0,1754209705,2025-08-03 08:28:25,33.0,33.0
"This steam version of the game has saving issue. My progress isn't getting saved at all, i had to restart chapters 3 times from start. Settings are also not saved.
The game was a masterpiece as I completed it nearly 10 years ago from my brother's PC. Now that i bought the game and such experience i had I wouldn't recommend it buying.
EDIT: Disgusting I complete almost 80% of the mission, and then due to some saving bug again im back to mission 3. Very much disgusted",False,4,2,490,490,0,1754145956,2025-08-02 14:45:56,8.166666666666666,8.166666666666666
"Just as fun as I remember it being. The controls are still clunky, and despite the disclaimer on the store page, an Xbox controller functions just fine and makes it a bit more playable.",True,4,1,281,212,0,1753936427,2025-07-31 04:33:47,4.683333333333334,3.533333333333333
"Personally, I enjoyed this latest iteration of the Brothers in Arms series by Gearbox. The graphics and gunplay were improved over the previous titles. I liked the explosion and headshot slow-mo kill cams which can get brutal/gory. The soundtrack was pretty good too. They also added a sprint feature which was fine since having something was better than having nothing.

The story telling was fairly good, emotional, and ties up some events from the previous games in the series. They also added a tank mission or two that you get to fully control one.

This game focuses more on using the new cover system that was implemented. Your accuracy is greatly improved while in cover which adds a level of sustainability so you do not die while fighting and can quick duck back to cover if needed.",True,1,0,1078,1078,0,1753543168,2025-07-26 15:19:28,17.966666666666665,17.966666666666665
"Controllers ARE supported but require the in game button mapping to be reconfigured in the settings menu. I recommend erasing all the keyboard mappings and only using the controller if you want to use one. I only had to change a few of the commands to get it all working. Had 3 or 4 hangups with the controller not responding at random times but you can just pause with the [ESC] key and then un-pause with the controller to fix it. 

Was cool to replay this as an adult after beating it as a kid. I had flashbacks of the different environments and situations but the graphics are way better on PC than what I remember from the PS2.

HOPEFULLY this series gets a remaster or a new series of games in the near future.",True,10,0,625,625,0,1753062555,2025-07-21 01:49:15,10.416666666666666,10.416666666666666
This game i played when i was 12 - 13 and Omg was a sexy game back then and now seeing it again is like wow brought me back a lot of child hood memories of this game i love the squad control the shooting the graphics and visuals and the acting of characters amazing i recommend this game.,True,2,1,1055,1055,0,1752531353,2025-07-14 22:15:53,17.583333333333332,17.583333333333332
Good ass game. a little janky on pc but it played good and i had fun. Nostalgia was a big factor for me. to play this again since i was a kid was cool. the story is ehhh but it never was that great. not like the the other games. either way i lovedn every moment. the tank bit was cool and the asylum part was awesome too. as a ww2 junkie this game is satisfying.,True,0,0,816,381,434,1751939262,2025-07-08 01:47:42,13.6,6.35
"A type of squad combat I can't believe hasn't been done more. This last offering in the series improves the combat mechanics over its predecessors. It is a bit too 'Hollywood' for my taste in terms of the various emotional subplots but it's good this series puts some effort in to fleshing out the characters, particularly when looking after your team is essential. It's a real shame the story hasn't yet been allowed to continue, would love to see this series continue to evolve, particularly when Bastogne is next!",True,0,0,802,802,0,1751672337,2025-07-04 23:38:57,13.366666666666667,13.366666666666667
The game wasn't as enjoyable as I remember it being as a kid. But the sub-plot about the American Paratroopers wielding a gun that steals the souls of those who hold it is ♥♥♥♥♥♥♥ hilarious.,True,1,0,72,72,0,1751242008,2025-06-30 00:06:48,1.2,1.2
"I've known this series since I was a kid, and I can truly say it's very underrated. I believe Hell's Highway still holds up relatively well graphically, especially considering it's a 2008 title. It's not the prettiest game out there, but it still looks good and runs quite smoothly. I can even say it works out of the box with minimal fuss.

The story in this installment can be a bit lacking at times, feeling a bit forced or rushed, but overall, it's decent. So, why does the small Brothers in Arms series still hold a special place in my heart? Because it offers an authentic feeling and the true emotion of war – a thin thread for this genre of games, especially back when many aspects were still being tested. I can still see certain elements that feel like they were in a testing phase.

It's a shame the series stopped here. I think it would have been great to get one more farewell title, especially for us veterans who played or knew the series since its inception. But what more can you ask for? It's Ubisoft, and considering their recent releases, we're definitely not going to see a similar title or a series of this caliber anytime soon.",True,2,0,512,512,0,1750508762,2025-06-21 12:26:02,8.533333333333333,8.533333333333333
"After the first two really solid entries in the series, came the modern hardware, but with that, also came the ""Call of Duty""-sation of the game..
Pros:
-Improved gunplay
-Some of the visuals are still holding today and look spectacular
-One of the few First Person Shooter representations of the Operation Market Garden(maybe the only one, not sure about it tho)
Cons:
-The same improved gunplay, although prefered by most, makes the game the old ""One-man army"", and mostly renders the usage of squads useless, unless its tanks where you need to use the bazooka team
-The story turned cheesier and Hollywood-ish
-The tank gameplay: you no longer have a tank to command around, but you are the one playing as the tank, which is just a point and click section, not even 88's or other panzers being a real threat to you compared to the first two games where sending your tank just slightly awry, could mean the end of it

Concluding, from the first two games, which are revered as one of the most authentic WW2 games, with real locations and missions, to a ""Call of duty""-like story of the war, with predictable moments and toned-down difficulty. Nonetheless, a solid entry, and sadly the last one in the franchise..",True,0,0,437,437,0,1749992068,2025-06-15 12:54:28,7.283333333333333,7.283333333333333
"Make Another Brother's in arms game it's been 17 years, Borderlands is a over-beaten dying horse that's dying fast, that's filled with nothing but spyware/bloatware and filled with EULA inexcusable trash. Make something better with actual quality Randy Pissfart.",True,24,3,389,389,0,1749519097,2025-06-10 01:31:37,6.483333333333333,6.483333333333333
"Very cutscene-heavy compared to the previous games, and I don't care for the linear tank levels. That aside, the gameplay takes a step forward with its destructible cover and new bazooka team. Shooting feels better too, and the contextual third-person camera makes commanding your squad notably easier.",True,3,0,1460,1401,0,1748640415,2025-05-30 21:26:55,24.333333333333332,23.35
"This game aged so much more gracefully than the previous entries in the series. I can fully recommend it. Mainly due to its gameplay mechanics.

[h3] Gameplay [/h3] 

From my point of view previous entries are close to unplayable today. Gun accuracy there is so atrocious you can not take out an enemy from more than 6 meters away. Here this issue is completely gone. Especially with aim down sights weapons you often can hit an enemy on very long distance. However they still managed to balance the gameplay in such a way that player is forced to engage with squad mechanics. So while the core gameplay loop is the same - suppress enemy from front and flank from sides it feels much more natural here and not forced like in previous titles. Not like everything is perfect of course. The AI isn't the smartest so lot your squadmates deaths feel like the games fault rather than the players. Still these are minor gripes and the game is perfectly playable and enjoyable, even on harder difficulties. 


[h3] Story and setting [/h3]

The story is quite good, if you have played the previous entries. By itself it really doesn't stand on its own. The setting has been done to death at this point so it's hard to be impressed. In fact I don't know if the writers missed it during their research but there are other US divisions than 101 and 82 - many of them have done equally impressive things. The writers clearly have some talent so it would have been nice if they gave a try to idk Italy, Africa, British in Burma, or just any heck even other divisions from XVII Airborne corps.

[h3] Missions [/h3]

There are some 9 missions in the game. Most set it Neatherland countryside or small cities. Each one is fairly linear - with just enough sidepaths to enable the gameplay loop - suppressive fire and flanking. As for objectives they aren't anything special -  but given the story anything more special would feel out of place. You play as 101s not some super special forces operating deep behind enemy lines. So we get standard WW2 mix of shooting and disabling tanks/flaks. If the game was longer - currently it takes some 7 hours on harder difficulty, maybe 5 if you run on a easier ones - I guess it would get stale.  But the gameplay loop has enough substance to make even these generic levels feel interesting for the whole runtime.

[h3] Conclusion [/h3]

If you are in a market for WW2 shooter and don't strictly want a one man army experience give it a try. Also don't bother checking out older titles. Sure the story will suffer but the gameplay here is so much better representation of what the devs wanted to achieve it's almost uncomparable.",True,2,0,467,303,0,1748537979,2025-05-29 16:59:39,7.783333333333333,5.05
More of a standard high quality FPS with squad mechanics than a classic BiA squad heavy game. You could solo huge parts of the game with the Kar98 and the exceedingly high accuracy.,True,1,0,580,580,0,1747817584,2025-05-21 08:53:04,9.666666666666666,9.666666666666666
"The is a very good game even if the story and gameplay is short, i had fun in each level.

a much needed remaster of all brothers in arms.

the game ran very well without any issues.

i would recommend this game

7/10",True,1,0,380,380,0,1747624149,2025-05-19 03:09:09,6.333333333333333,6.333333333333333
"Worse brother in arms, couldnt get hooked, gameplay mechanic made me delete the game, but earn in blood and road to hill 30 are good, Deus Ex Mankind Divided is better than that has well, this brother in arms in comparison to the others 2 mains brother in arms is like the difference beetween Deus Ex Mankind Divided and Crysis, both share the same concept but the newer game is far less well finished and well done than the older game, yes I think Crysis beat Deus Ex Mankind Divided. For example we see how messed up it is for first person shooter to have to hold shooting bouton more than 1 second before the character shoot, it aint like that in the others 2. Nonethless that brother in arms has the most badass title for what it is.",False,0,2,14,14,0,1747578413,2025-05-18 14:26:53,0.23333333333333334,0.23333333333333334
"Stumbling upon this game in 2025 was not something I expected to do on the PC, but I'm glad it rang across my brain all the same. Brothers in Arms: Hell's Highway was a great (but incomplete) leap forward for the World War 2 tactical shooter that both feels very well ahead of its time and scratches an itch that's been missing in modern gaming, while also showing a few hiccups that sadly held it back from being an all-timer.

Sergeant Matthew Baker leads a squad of 101st Airborne soldiers through Operation Market Garden, an ambitious failed attempt by the Allied forces during World War II to push through the Rhine River into Germany to end the war by Christmas 1944. It was by all accounts a disaster due to heavier-than-expected resistance by the Germans, supply shortages, bad intelligence and communication failures, and the difficulty of maintaining supply lines over a country with barely any real roads to facilitate the endeavor. One of the biggest reasons the series stands out as a whole against its competitors of its day was giving a great, comprehensive look into the tales of the 101st and their struggles with the war. Baker and his men feel human and share a sense of dread, laugh with each other, and fight like a real military unit would during a doomed invasion. Baker, Joe ""Red"" Hartsock, and the rest of the crew feel straight out of Band of Brothers, and it translates to the gameplay hearing their personalities shine when they shout banter at Nazis they shoot in the face.

The game's graphics and presentation is absolutely stellar even to this day. Troy Baker's first shot at video game stardom was from this series and his performance is fantastic as is the rest of the cast. The story is tight while giving great details of the battle unfolding around them in a way that feels immersive, with a beautiful Dutch landscape that range from beautiful stone cathedrals, to reddish flames of a burning countryside, to an industrial warehouse, to fields and windmills splattered with blood. The audio design is still some of the best in gaming, with Baker screaming orders to his troops with every crack of an M1 Garand or grenade hitting you right in the chest. 

Gameplay has always been one of the standouts of the series; while Medal of Honor and Call of Duty emphasized you as the gun toting badass that would punch a hole through the chest of every goose stepper near you, Brothers in Arms drags you back down to earth to remind you that you are a soldier who will quickly be Swiss-cheesed if you try to run out in the open for too long. Being a tactical shooter, you solely control your squad and let them know whether to follow you, set up in a position near cover, attack an enemy to suppress them, or now with destructible environments, blow up their cover. The friendly and enemy AI may have some hiccups (sometimes your men will refuse to find cover and get themselves shot up or run down an obviously dangerous path) but it's overall great to see in action watching an MG team spray down a small German squad for you to flank them from the sides. Each encounter goes roughly the same but it's a formula that never gets old from how you can approach it. Being a soldier who relies on your men to make it through the day is the best part of the series and one that makes you care about the soldiers you fight with.

Which is why it's a massive bummer when the game itself forgets this for some reason and makes you fight solo in many sections of the game. The game's controls and shooting mechanics are fine enough on their own, but the game is clearly made for squad based approaches. Its attempts to be a solo shooter for Baker always feel completely out of place and in terms of the plot aside from the hospital mission, nonsensical. Thankfully, the tank sections of the game control very well and feel exhilarating at times as a break from the boots on the ground action. 

I do absolutely recommend the game, and at $10 for it, the 5-6 hours it takes to complete it are a great easy thrill ride. It might be on the shorter side sadly, but the action, story, graphics, and pacing are all top notch.",True,0,0,754,754,0,1746469292,2025-05-05 18:21:32,12.566666666666666,12.566666666666666
"Very good, traumatized me as a child on the ps3. I'll wait even in the afterlife if I have to for Brother in Arms : Cold Front or whatever the name will be. (Battle of the Bulge)",True,0,0,1073,1073,0,1745047597,2025-04-19 07:26:37,17.883333333333333,17.883333333333333
"such a shame this will never get the concluding game in the saga, great story and wonderful squad combat mechanics from start to finish. its only crime is being an abysmally short 2-3 hour game.",True,9,0,270,270,0,1744216676,2025-04-09 16:37:56,4.5,4.5
"This game feels a lot like a RTS (Real-Time-Strategy) game! You order your ""fire team"" to lay a supressing fire on the enemy while you (or your ""assault team"") flank them. But many times I find myself doing the flanking on my own while I order my 2 teams to pin the enemy down from 2 sides and keep them busy so I can attack them from another side. The story is a continuation of the Brothers In arms game series and has a semi-scary/horror moment near the end. And there's a fun easter egg hunt - Find the ""Killroy was here"" grafiti hidden on every map!
Multiplayer was never a thing - very rarely there were less than 10 people available to play. Unless you have some friends that wanna join you! The Multiplayer was about either: Team death match..and each team has at least 1 tank. Or capture the flag!  Multiplayer was kinda weird because you can play it in 3rd person...Something we can't do in the singleplayer campaign, unless if you're driving a tank or you're on a Machinegun nest or shooting from behind cover.
Still, the game is a must-have if you like the Brothers in Arms series. Because the maps in the singelplayer are more wide open and feel less 'trenchy."" Now, there are multiple ways to flank the enemy. In other words, you can replay each mission and try a different approach: You lay surpressing fire together with your soldiers then when the enemy is surpressed, you tell them where to go! But unfortunately, you'll be with your soldiers most of the time and even have to run back and forth to point the other squad to move up to a certain location! But this doesn't make the game bad...",True,1,0,6557,6557,0,1743958680,2025-04-06 16:58:00,109.28333333333333,109.28333333333333
"Outstanding game, holds up well for it's age. 

More cinematic than the previous entries, this one builds upon the story and characters developed over the series and goes deeper into the emotional and mental toll of the war on each member of your squad, and of course Baker himself. 
The gameplay is refined, with tighter aiming and a better cover system, the audio & visuals are also improved and represent a big leap forward in technology between the first two games and this one.

Overall probably my favourite WWII shooter series, and it's an absolute travesty that we are left on a cliffhanger for this long!
After a long hiatus, and with a sequel supposedly currently under development, here's hoping that the next Brothers In Arms title is only just over the horizon...",True,1,0,365,365,0,1743319536,2025-03-30 07:25:36,6.083333333333333,6.083333333333333
"I spent few weeks playing the whole trilogy and I enjoyed pacing of this game the most. I miss this goold WW2 shooters. All three games takes between 7-8 hours each approximately, with great story and fun gameplay. If you're nostalgic after old era of FPS I can only recommend this game",True,2,0,478,478,0,1743121093,2025-03-28 00:18:13,7.966666666666667,7.966666666666667
"It's a massive improvement over ""Road to Hill 30"" and ""Earned in Blood"". The controls are a bit stiff but the core gameplay mechanics hold up really well. Squad tactics and solid and motion sway has been reduced significantly. You can actually take out targets yourself now. 

The story is still melodramatic but the voice acting has significantly improved. Themes of PTSD are present throughout the story giving this ""Band of Brothers"" flavors of ""The Pacific"".  It's still really enjoyable to play however I am a bit sad by the lack of extras that were featured in Gearbox's two predecessors. 

Unfortunately I don't think we'll ever see Baker's story finished. The game ends without wrapping up anything. It seems Gearbox were planning to make a sequel that never came. It's very sad to see Brothers in Arms as a dead IP. It's the only tactical squad based WWII shooter I know of. Without Ghost Recon, Rainbow Six, or Brothers in Arms around, we are now without a tactical squad shooter. 

There aren't any WWII shooters that did the time period justice like Brothers in Arms.",True,1,0,690,690,0,1742733656,2025-03-23 12:40:56,11.5,11.5
"Buggy mess, every time I played it it crashed and froze, needed to restart my computer. Crashes at random points, and can't progress past one point because it always bugs out there.",False,0,1,490,490,0,1742694742,2025-03-23 01:52:22,8.166666666666666,8.166666666666666
"I looked through Ubisofts catalog, found the Brothers in Arms games and that they don't use Ubisoft services, decided to buy the pack and give this one a try. I haven't heard, nor watched any gameplay footage of these games, practically, I knew nothing and had no expectations. I completed the story some minutes ago and I think this is a solid game, that sadly is forgotten in Ubisofts cellar.
This is not your typical WWII game, it's not like an action movie or the Allied forces being unstoppable, it's a story about soldiers, soldiers that lose their brothers, soldiers that struggle mentally, soldiers that do not leave their own behind, soldiers that fight for the freedom of others... This isn't a happy story, as it is war and here, every win, every acomplishment comes at a cost. Tonally, it is very different from every other WW game, as the game wants to portray the dark side of the war, which hasn't and still isn't done to such a scale, making the game unique in its own way.
Gameplay wise, it's not exactly your typical First Person Shooter, here we have tactics. Every mission, you'll have 1 or 2 teams to command, you press a key and you can order a team to follow you, move to a specific location or attack and the teams are varied, there's a standard assault one, RPG one, MG one and some others, but they are predetermined for every mission. In addition to that, your squad can die if they are exposed, but they revive upon checkpoints. But, if you are like me and like to be a one man army, you can, it can take you a bit more time, but most if not all leveles are doable without your squad. A slighly weak aspect of the game I'd say is the gunplay, as the weapons don't feel very punchy and are most accurate when used from cover, also, balance is a slight issue, as the Kar98, M1C Garand and Stg.44 are better than pretty much anything else (I tried all except the MG42 from the weapons).

With all that said, I strongly recommend this game - the story is great, gameplay is generally good and no Ubisoft services make this game a must buy if you are into FPS or WW games!",True,3,0,454,454,0,1742666993,2025-03-22 18:09:53,7.566666666666666,7.566666666666666
"Definitely the best one of the trilogy.
The previous ones felt like unfinished work, the gunfight was very unnatural and the graphics have aged badly (not a problem for me but it is worth noticing).

This one has a new gunfight model, good graphics that hold well until today even, the story is good and the action is also present, more even than before. Some would say this one is a litlle bit more casual than the previous ones but I find this very refreshing.

Some of the final missions are a little annoying but overall a very solid game and absolutely worth it at this price.",True,1,0,412,370,0,1741484359,2025-03-09 01:39:19,6.866666666666666,6.166666666666667
"One of my childhood classics and one of the best WWII stories of any game out there. Baker is a wonderful protagonist and the game play, character development, and overall atmosphere of the game is outstanding. Hopefully we get another game with Baker to continue this wonderful story but if not, this game will still forever hold a special place in my heart.",True,0,0,1354,1351,0,1741299664,2025-03-06 22:21:04,22.566666666666666,22.516666666666666
"oof, after the first two this is uh. Well at least your bullets won't have the really bad and awkward hit chance mechanic, and it seemed they tried harder with the story telling. It just really drops literally everything else in favor of those two benefits, not really any strategizing that's noteworthy especially when put up against it's predecessors and the shooting somehow just felt bad which is kindof funny to me how the first two felt nice when you could actually shoot, but now that they fixed my biggest issue it doesn't feel like I'm firing a gun. It also for some reason has a lot of stuttering, not really sure why but the performance just wasn't there. 

I guess overall I can't really recommend this series to anyone, if this game is just cod-lite and significantly worse, and then the first two while trying something interesting don't know how to make it feel like a shooter outside of the strategy mechanics then I can't really see a reason to pick these games up outside the story which personally to me didn't feel good either :/ 

I get a lot of people have fond memories of this game and the previous 2 titles, but I feel like all three of these games fumbled a concept all three times and never found the balance. That really sucks when the idea itself IS pretty cool and hey if I wasn't trying to get through college I probably wouldn't be stingy about 5$ for the bundle and I probably will come back to these, but right now I'd rather use the 5$ on ubisofts classic ghost recon titles or trepang 2 off a key shop, maybe a real good sandwich, I'm definitely taking any of those over this :\",False,3,0,10,10,0,1741231652,2025-03-06 03:27:32,0.16666666666666666,0.16666666666666666
"I played this game ON and OFF for over 9 years, the first day i got this game i played a bit, then after like 2-3 years i played abit more then NOW to this exact time of this review, all i did was play for 16 mins, and most of it is an ending cutscene. I would say that this game is pretty awesome, It took me so long to finally get the time to beat this game from high school until I became a struggling man still studying for my final year in university.",True,6,1,371,371,0,1741127185,2025-03-04 22:26:25,6.183333333333334,6.183333333333334
"im pissed they hit us with a TO BE CONTINUE... knowing the original devs is gone, the company is gone, and the IP is being hostaged by the Embracer group that now owns it.

we never got the Battle of the Bulge chapter of our favorite Airborne squad is just sad",True,12,0,379,359,0,1741100356,2025-03-04 14:59:16,6.316666666666666,5.983333333333333
"I remember loving this game when it came out, and it's utterly surprising that it's holding up so well in 2025. Upon booting the game up, I was taken aback by how good the visuals look at 1440p. The lighting, environmental design, and animations are all very good, and the sound design is stellar. The only real ""Ew!"" moment I had was when the cutscenes ceased and gameplay started and I was met with what appeared to be 65 FOV (with no slider in the options). I was thankfully able to find a fix on the Steam forums which involved downloading a github file and setting my preferred FOV multiplier.

The truly amazing thing about this game is that it's a first person strategy game. It absolutely baffles me that other devs haven't tried to flesh out the formula Hell's Highway had going. You can get through encounters without ever firing a shot from your own gun if you are smart about how you order your fireteams (although sometimes it's fun to fire your own gun for obvious reasons).

It feels incredible to direct an assault team to pin down an enemy while you order your bazooka team to move up to a piece of cover and then direct them to blow away the destructible sandbag the enemies were hiding behind... or to instruct your MG team to leapfrog forward while you pin down enemies temporarily.

To this day, I haven't seen a smarter or more realistic suppression system in a game. For those of you who don't know, enemies have a little circle above their heads. If it's red, it means they are unsuppressed and dangerous. They will pop up and take accurate shots at you. The more you shoot at and around the enemy, the more the red circle turns grey, and when it's fully grey, the enemy is completely suppressed.

While in first person, you are able to direct multiple AI fireteams using 3D markers on the map. So let's say there is an MG in a building that you can't address. You can quite literally use third-person camera behind cover to direct your own MG to suppress the enemy MG while your bazooka team moves into range to blow up the building.

The only other game/franchise that offered this kind of gameplay was Full Spectrum Warrior. You end up using realistic tactics to deal with battlefield threats. 20+ years later and the latest Call of Duty titles still have no suppression or squad system, and you are just a rambo dummy clicking on heads and hiding when your interface is covered in tomato juice. Embarrassing.

I'd love to have seen a game that takes the Hell's Highway formula into multiplayer. Imagine a 2v2 competitive match where you and a human teammate are each directing 3-5 AI squads against human opponents who are doing the same. Imagine if there was a currency or resource system where capturing sectors allowed you to call in new weapons/squads/tanks. Would be amazing.

For all intents and purposes, Hell's HIghway feels like a first person Company of Heroes. There is a slight bit of 2008 jank when it comes to things like low FOV, the sprinting not giving you much directional control, and the AI sometimes bugging out and getting a little lost. But the overall strategic depth you have at your command and the mostly solid execution of it dwarfs any nitpicks I have. It's an absolute travesty we haven't gotten a sequel to this game. One set in the modern era could be brilliant. Right now this game is like 5 bucks on Steam. If you like WW2 FPS and want to use your brain while playing, this is an easy buy.",True,2,0,170,108,0,1741024399,2025-03-03 17:53:19,2.8333333333333335,1.8
"I would go as far as to say the greatest WW2 game if we purely base it on characters and story the brothers in arms games shaped my childhood and love for history and the fact that there hasn't been a entry in over 16 years is a damn shame (if we don't count mobile games) its un ironically what the current market needs a story driven more tactical story game sure there are multiplayer based ones that are really good but the fact there hasn't been a significantly good WW2 story game in years says a lot. Hell's Highway holds up still even today both gameplay and graphics wise character models although defo aged still are extremely good considering the age and weapon models and overall places you visit are fairly detailed too.
The characters are to me is whats most memorable about the bia franchise and when Baker screams their names when doing squad call outs is still embedded into my brain.The game does run fairly well on modern hardware i had no issues starting it up on my windows 11 gaming laptop and so far had no game breaking glitches.To me this is my childhood in a nutshell a game i remember soo fondly and that even still holds up today Ubisoft its really time for a new entry in the series the world needs it.",True,1,0,297,143,0,1740812392,2025-03-01 06:59:52,4.95,2.3833333333333333
"This game is a masterpiece, I liked the narrative the cutscenes seem like a movie, and that makes you feel what the soldiers felt in the war. Losing friends and struggling with it. With that amount of narrative you get to know the characters in the game. I liked how they improved the aiming system, graphics are really awesome for a 2008 game.

At the beggining it feels weird to adopt to the new controls specially if you come from playing the two first games, but two or three chapters and you are ready to go. I feel this game is the easier one of the franchise, but for me it is the best of them.

So sad we don't have the next game to see how the story finishes. I recommend to play this game if you are fan of WW2 and it is one of the best game about that.",True,0,0,485,485,0,1740804464,2025-03-01 04:47:44,8.083333333333334,8.083333333333334
"One of the best game franchises ever made imo. Sadly discontinued. I haven't played the 3rd installment (Hell's Highway) in many years. I am shocked how good it is holding up even today. It still looks really good, especially during night missions. Gameplay-wise it is one of the best single player shooters ever made. Highly recommended. It is best to play all 3 games in the chronological order.",True,12,0,485,341,0,1739633964,2025-02-15 15:39:24,8.083333333333334,5.683333333333334
"[h3][b]There's Only One Way Out of Hell... And That's Through It[/b][/h3]

[b]Story 9[/b]

Returning as now Staff Sergeant Matt Baker from the first game, this installment continues the saga of the 101st Airborne Division as they parachute into Western Europe to engage the Germans from behind enemy lines. Participating in Operation Market Garden, one of the largest airborne assaults in history, Baker aims to secure critical bridges at Eindhoven, Nijmegen, and Arnhem. Alongside the 101st Airborne Reconnaissance Platoon, Baker and Red leads 3rd Squad and 2nd Squad, accompanied by original soldiers and replacements tasked with disabling 88mm cannons, securing strategic positions, and paving the way for British Army corps and logistical units. This game diverges sharply from earlier Brothers in Arms narratives by adopting a more generic Hollywood-style World War II epic tale characterized by forced characterizations, reliance on familiar war movie clichés, and an embellished story arc involving a supposedly cursed Colt M1911A1 pistol. Despite plot inconsistencies arising from fabricated casualty reports during the Battle of Bloody Gulch and abrupt changes introducing new enemy bosses, Baker’s transformation into a multifaceted leader remains compelling. His inner turmoil grappling with survivor’s guilt and PTSD adds unprecedented psychological intensity, while his bond with Red fosters an intriguing dynamic showcasing how soldiers rely on mutual trust during wartime chaos, a testament to enduring camaraderie that enriches every aspect of this gripping narrative.

[b]Gameplay 8.5[/b]

Influenced by trends in the shooter genre, particularly the success of Call of Duty 4: Modern Warfare and the cinematic gameplay of Medal of Honor: Airborne, Gearbox significantly revamped the tactical squad-based gameplay, known as the ""Four F's"" (Find, Fix, Flank, and Finish). Key gameplay changes include a third-person cover system inspired by Gears of War, destructible environments for dynamic strategy, slow-motion headshot or grenade kills reminiscent of Sniper Elite and the health system that is similar to Uncharted, where bullets gradually turn the screen red until a hit results in instant death, encouraging players to seek cover under fire. New features also emerged, with weapons and vehicles like the Gewehr 43 and the M4A4 Sherman VC Firefly tank added to the revamped squad system. Teams like the MG Team can suppress multiple enemies, while the Bazooka Team effectively targets fortified positions and tanks. However, players can no longer use the Browning M2HB or Browning M1919A5 on moving tanks while an Assault Team rallying on foot. Though the game leans towards more linear level design, it still offers unique mission experiences set in the Netherlands, notable missions include Operation Garden, Hell's Highway, and The Rabbit Hole. The AI is improved over the older Brothers in Arms titles, showing better cover use and flanking tactics. However, there are still flaws in gameplay mechanics, such as the underwhelming Tactical Map functionality, buggy AI pathing in complex levels, dead multiplayer, and inconsistencies with weapon handling, where the M1A1 Carbine outshines the M1 Garand and Sturmgewehr 44. These issues sometimes make Hell's Highway feel less polished in its modernization efforts.

[b]Graphics 9[/b]

Although Brothers in Arms franchise may not be widely recognized for its stunning visuals, this game features some of the best first-person shooter graphics of its era. Utilizing Unreal Engine 3, it offers a cinematic experience with dynamic depth of field and consistent lighting effects that enhance both cutscenes and gameplay. The environmental details and high-quality textures effectively represent the events and locations of Operation Market Garden, while graphic portrayals of war, such as blood splatters, wounds, and realistic dismemberment, add to the visceral combat experience. The game also introduces destructive physics, allowing for a destructible environment that includes concrete buildings, sandbags, and smaller items like bottles and flower pots, which enhances immersion. Furthermore, the user interface has been improved for better visual feedback and a more user-friendly experience, facilitating command issuance and environmental interaction for a more fluid tactical experience. However, the game does have notable shortcomings that can detract from immersion; one significant issue is memory management, which may lead to glitches like missing textures during gameplay and could necessitate restarting entire chapters. Additionally, there are minor concerns, such as less appealing models for British soldiers compared to their American counterparts, inconsistent facial animations, and lip-syncing issues. While some animations effectively convey emotional weight, others can appear awkward and fail to match the intensity of the dialogue.

[b]Sounds 9.5[/b]

Gearbox is excelling with Brothers in Arms: Hell's Highway's soundtrack and voice acting. The game's scores, composed by Ed Lima and Duncan Watt, evoke the intensity and emotional weight of World War II and complement the narrative themes. Five outstanding tracks are ""Main Theme"", ""The Story So Far"", ""Baker's Dozen"", ""Eindhoven"" and ""Farewell is Goodbye"". The dynamic sound mix adapts to the gameplay, with the music intensifying during combat and fading to silence during quieter story moments, adding depth to the experience. With Troy Baker as Matt Baker and David McGarry as Red, both reprising their roles, the voice acting is also impressive. Enriched by dialogue that explores the personalities and challenges of the squad members, the cast as a whole delivers more nuanced and emotionally engaging performances. The script's use of authentic military terms and the addition of new accents help to bring the characters and setting to life. The battle and environmental sound design in this sequel is noticeably improved, capturing realistic audio details from the roar of explosions to the ambient sounds of war.

[b]Replayability 7.5[/b]

On the topic of replayability, Hell's Highway offers fun authentic modes, cool easter eggs, Kilroys, and reconnaissance reports. But unfortunately, these things can't make up for the fact that this game has the lowest replay value of the three Brothers in Arms games; contributing factors include linear level design that makes it predictable and repetitive, a dead multiplayer mode that can't be saved by the AI Bots mod, the absence of Earned in Blood's challenging skirmish mode in this game, and the lack of the Extras mode, which includes behind-the-scenes footage, developer interviews, and the official recording of the game's soundtrack; although there are recon reports, it's still not the same as having an entire Extras filled with those things. While there are some significant improvements over its predecessor, the game doesn't fully capitalize on its potential replay value, so it doesn't quite live up to the expectations of a sequel.

[h3][b]Overall 8.7[/b][/h3]

Brothers in Arms: Hell's Highway offers a compelling narrative driven by Staff Sergeant Matt Baker's transformation into a multifaceted leader amidst the chaos of Operation Market Garden. The gameplay has been revamped with a third-person cover system and destructible environments, introducing new features like the Gewehr 43 and M4A4 Sherman VC Firefly tank. However, the game faces criticism for its linear level design, poor Tactical Map functionality, and inconsistent AI behavior, which undermine its polish. The soundtrack and voice acting excel in evoking the intensity and emotional weight of World War II, but the game's replay value is hindered by its predictability and lack of substantial multiplayer options.",True,3,0,957,957,0,1739017791,2025-02-08 12:29:51,15.95,15.95
"This is one of those games that desperately needs a mixed option. It's fun and still holds up pretty well. There's a story, if you care about that, and multiplayer that I've never tried. I'm here for the campaign, and I enjoyed my time with it. There's some old school jank and bugs, but nothing too bad. However, the game just ends out of nowhere. It never really feels like your accomplishing much, just running through standard similar levels, and then the game just ends. The last few missions feel like any other to the point that I had ZERO idea that I was at the end. It's strange and kinda left me with a sour taste in my mouth after what was a fun blast from the past. I wouldn't pay full price for this. It's worth a few hours of your time but get it on sale or sail the high seas.",True,0,0,428,428,0,1737355829,2025-01-20 06:50:29,7.133333333333334,7.133333333333334
"Hellshighway is a biggy mess, best way to fix is to back to menu when you die.

Story is good minus the PTSD portions which is most of the actual story.... 
Gameplay is actually really good, if a bit janky at times. Getting shot throough cover, or ai wrapping to the wrong side of cover, or ai getting downed from a stray round. Overall Very fun game.",True,0,0,699,612,0,1736699165,2025-01-12 16:26:05,11.65,10.2
my friend jack gave me this game and i like it cuz of that but like i died so i also dont like it but W jack for buying it for me ong 10/10 would play again,True,4,4,10,10,0,1736413703,2025-01-09 09:08:23,0.16666666666666666,0.16666666666666666
"i love this game for the tactical mechanics- truly incredible and always made for so much fun as a kid. As an adult, nothing has surpassed that level of greatness in single player ww2 tactical FPS.",True,0,0,2530,1057,0,1735788691,2025-01-02 03:31:31,42.166666666666664,17.616666666666667
I can appreciate what this game is trying to do but it just does not beat out the first two in the series. Gameplay is a little more or less the same. Graphics are better but it just don't hit the same as the first two.,True,0,0,1860,1860,0,1735648604,2024-12-31 12:36:44,31.0,31.0
"Really fun single player shooter with an intriguing story.  Definitely worth a buy as the squad based third person shooter gameplay is pretty different to what you've played before and it works really well.  Length is perfect, not too short not too long.",True,0,0,284,284,0,1734975903,2024-12-23 17:45:03,4.733333333333333,4.733333333333333
"While not as good as its' predecessors; this is a fun, albeit short game. As the multiplayer is obviously long gone, this will be a strictly singleplayer experience. 

You'll notice the easier difficulty right away, which isn't helped by the inclusion of a cover mechanic. This is a slightly less tactical experience than the other games in the series, and more often than not I found myself handling most situations on my own without the assistance of my squad. Most objectives are rather repetitive; flank 3 groups of enemy, knock out an MG nest or two, then destroy a tank or FLAK 88. Not a fan of the vehicle levels either. These were dull due to the aforementioned easiness of the game.

The story is this games' strength, while nothing on the level of Band of Brothers, it isn't a bad imitation. Unskippable cutscenes, I might add; which gives me the impression that the devs wanted players to see their efforts at crafting a better plot in this game. Like I said, it's not bad.

Upon completion you'll be rewarded with an authentic difficulty, which removes your HUD. Stay away from it, the game's mandatory cover mechanic makes it essential for not taking fire, even if you are crouched behind cover in first person perspective. This means that you won't have a reticle while aiming from cover. This makes hitting anything a total guessing game; not fun. 

I've played through this game about three times, once recently on PC, about ten years ago on the 360, and originally on the PS3 when it first came out. While aiming with the mouse is always better, I actually found that performance was better on consoles. If you care more about the quality of the port, then I'd go for the 360 version which is available for the Xbox Series consoles on the Microsoft Store. If you would rather have better controls, then nab it for the PC. Merry Xmas all",True,12,0,410,410,0,1734051071,2024-12-13 00:51:11,6.833333333333333,6.833333333333333
FIRE AND MANEUVER! (It actually works in this game) 10/10 even if the game is 16 years old. I hope they make a remaster or a sequel set in the Battle Of The Bulge but it's a shame that Ubisoft owns this franchise.,True,3,0,588,304,0,1733909313,2024-12-11 09:28:33,9.8,5.066666666666666
"Grew up playing BiA franchise....Road to Hill 30 holds a special place in my heart, but this one is just as amazing, as are all games in the series. If you're into great story as well as ww2 fps shooters, you gotta give it a try. Tho keep in mind that's it's not your usual ""generic"" CoD-like ww2 shooter, it's a squad based game in which you need to utilize your base of fire and assault team to their best effects. Just....play the game and be blown away by the best ww2 franchise out there. 

""So you've been through Hell... Tell me Matthew, how do you feel about snow?"" - Gearbox, ubisoft......BiA 4 - Battle of the Bulge - make it happen!",True,4,0,1462,805,0,1730294102,2024-10-30 13:15:02,24.366666666666667,13.416666666666666
Great shooters with a bit of brains behind it. although not a multiplayer the player needs to utilise  his Squad effectively to complete most of the missions. The cut scenes go on a bit too long but all in all its a great game.,True,0,0,2193,1617,0,1730129185,2024-10-28 15:26:25,36.55,26.95
"Hindsight is 20/20. This series had so much potential, and this game single handedly killed it. I remember hating this game when I was younger without even playing it, because the writing was on the wall. Now that I played through it years later, I realize my feelings were justified. This game wants to be Call of Duty, but fails. It wants to be taken seriously, but is so over the top, ridiculous, and cliched with its story, it fails. It also tries to retain the gameplay of the first game despite trying to COD-ify, and with some of the genuinely stupidest teammate AI of any game ever and hilariously awful whack-a-mole style cover shooting mechanics, well, it fails there too. Oh, and the game ends on a cliffhanger that will never be resolved because this series (thankfully) has been put to rest. 

This is not the worst game ever made. The tank sections were fun. But, this is absolutely a complete stinker. Do not waste your time, do not waste your money, devote your time literally anywhere else.",False,9,4,430,430,0,1729732099,2024-10-24 01:08:19,7.166666666666667,7.166666666666667
I never played Hell's Highway when I was younger. It's a fantastic game that significantly outperforms both Road to Hill 30 and Earned in Blood in terms of gameplay. I choked up at the end. Gearbox needs to make another Brothers in Arms game.,True,12,0,1048,1048,0,1729036004,2024-10-15 23:46:44,17.466666666666665,17.466666666666665
"There's a mix of features that were featured in Road To Hill 30 and Earned In Blood that I wish made it to this game; there are also features that were promised, but didn't get added.
Still, Brothers In Arms: Hell's Highway raised the bar for WWII and tactical shooters with its dramatic story, which ties up the loose ends from Road To Hill 30, and for its gameplay.
I've been playing it since it came out in 2007, and I'll most likely keep playing.",True,0,0,1232,1232,0,1725851542,2024-09-09 03:12:22,20.533333333333335,20.533333333333335
"This is my personal favourite of the series. Its story is great and the gameplay, while less tactical, is still fun to play. Having a cover system, regenerative health and teammates who respawn at checkpoints does take out some of the tactical nature of the first two but I don't mind the streamlining of it that much as it makes the game less frustrating. Although I will admit that the game is easier overall now because of the changes. I'd say in a potential Brothers In Arms 4, they could strike a balance between the tactical nature of the first two, while having some of the streamlined elements of the third. Since the gameplay is less frustrating and more fun and the game has a better told story, I consider this the best of the series. Let's hope we get a new one soon! 8/10",True,1,0,443,406,0,1724631899,2024-08-26 00:24:59,7.383333333333334,6.766666666666667
"This one is stellar. 

I will say however that while very fun and while it makes changes that are very welcome, it lacks much of the substance that made the first two games so special. The storytelling is better thanks to the technological advancements that make its beautiful cutscenes possible, but the story itself is much more heavy-handed than its predecessors. Baker is very interesting, but the story often veers into soap melodrama territory. The acting is very good, however, and it features a scene near the end that nearly brought me to tears. 

I must say that I don't like the cover system. For some reason (I guess because it was 2008) this game decided to have a third-person cover system. If you don't use this system and just hide behind cover as one typically does in an FPS, you will be shot.

Another thing is the regenerating health system. I don't mind it personally, it's much less punishing than the health system from RtH30 and EiB but I think it's implemented in a way that makes sense. You certainly never feel safe moving out of cover, but I think that it definitely does make you less careful.

In the other two, when your men die they're dead for the rest of the level, which makes you really actively try to keep them all safe because if you don't you're going to lose. In this one, when they die, they respawn instantly at the next checkpoint. This game really loses a lot of the tactical elements that made the first two so great. I would say that the first two are tactics games first, and shooters second, while this one is a shooter first, with tactics deemed less important. 

This is not to say that I disliked this one. Quite the opposite, I loved it, and I think many of its changes were absolutely the right idea (i.e. different types of fireteams, three fireteams at one time, destructible cover, music during cutscenes, etc.) and so wish that there was another one.",True,6,0,1212,1212,0,1723514680,2024-08-13 02:04:40,20.2,20.2
"[h1]5/10[/h1] Same as the other games. Maybe the physics and bullet feedback is improved. I still hate the obtuse controls, the clunky mechanics and the very linear maps. It feels like a chore to play. It's not fun to me. It's not bad. It's just painfully mediocre. Saying ""I wish it was more like COD"" probably insults the vision the devs had for this game, but I really wish I could just run around and shoot some dudes instead of making it needlessly complicated. These mechanics work in COH but not in an FPS.",True,0,2,59,59,0,1723247443,2024-08-09 23:50:43,0.9833333333333333,0.9833333333333333
"Objectively brilliant game. The lack of a sequel is a crime against humanity. 
The ""to be continued"" at the end is the biggest lie we tell ourselves short of saying we don't look fat in those pants.",True,0,0,594,490,0,1720352922,2024-07-07 11:48:42,9.9,8.166666666666666
"Wish there was a 'average' review for this game. It IS a good game, but it is nowhere near as good as the first two.
The updated graphics seem cartoonish and nowhere near as gritty in tone as the first. The entire 'fire and manoeuvre' realistic tactics from the first game are totally nullified with the cover system, where you can lean out and headshot most enemies from your position. Positive things are some cool new weapons and locations that are often under-represented in WW2 games.
TL;DR it's ok but much easier and more cartoon-ish than the first two masterpiece games. Pick it up cheap for a few hours of story.",True,1,0,1413,1397,0,1718618039,2024-06-17 09:53:59,23.55,23.283333333333335
"[h1]Drama without Soap, Game without Play.[/h1]


[i]There will be a TL;DR at the end.[/i]

~

I picked up [i]Brothers In Arms: Hell's Highway[/i] as a part of a bundle. i remember long ago when I saw it on the shelves of Blockbusters with a hint of curiosity burning in my mind, but never quite enough to invest the energy into finding out.

Now that I've sank my teeth into it, I can't say that I'm impressed - especially now.

There are four twists on the traditional [b]Call Of Duty[/b] style of gameplay.
What's similar is that the game is completely linear, in a war setting, and where you mow down droves of static enemies as you progress - it's a typical corridor shooter.
What it does differently leaves a bitter taste in my mouth:

Firstly, most interestingly, it gives you command of squads to place around the battlefield to flank and suppress enemy positions. It seems rather novel at first commanding your team to get into strategic positions and move while the enemy is suppressed to catch them by surprise. There are three fundamental problems with this design: AI, Levels, and Balance. The Ai, frankly, is none too bright - and so the developers pumped numbers up and down accordingly to keep the pacing predictable - the problem is that your strike teams will be tools that you rely on to scrape by, but are not focused or decisive enough to prove to be effective tools in their own - you won't see your teams mow down enemies in the open or dispatch foes without your intervention, they're completely supplementary. An issue is that levels are designed around this suppressive fire and flanking behavior - and so where there can sometimes be either a focused and straightforward blitz in games like [b]Call Of Duty[/b] or a more methodical and open approach in other combat-centric corridor shooters like [b]Doom[/b] or even [b]Battlefield[/b], [i]Brothers In Arms: Hell's Highway[/i] has each level designed around a very specific and formulaic dance. While the concepts seem fresh for the first few minutes, the pattern becomes rather drab and predictable - becoming rote and predictable in the worst way. The final straw is Balance. The entire game is designed around you ordering your units about to suppress, flank, and take cover - but the scenarios are completely carried by the player; the player is the one intended to pick off foes with headshots, rush enemy lines, pull out daring manuevers, and make the plays happen - and you feel it. The other squadmates don't deal enough damage or pick off foes efficiently enough to turn the tide, and foes spawn and react based on your position and progress, not the team's... it makes it feel like you accomplish little to nothing if you try to get your team to do all the work for you, but likewise face insurmountable difficulty if you try to play the hero like in other games. You simply have to go back and fourth between micromanaging your team and supporting them as the only competent member of the team. All in all, it feels rough - like your team members would be dead weight if the combat was not so awkward.

The other major deviation from the Call Of Duty formula, is instead of keeping players in the action and engaged with snappy cutscenes and a breakneck pace, the flow is all over the place. There are tons and tons of cutscenes and dramatic flashbacks where interpersonal connections play out like a soap opera. We're supposed to piece together what we are not explicitly told - and it's all very petty. Even bigger moments where we are supposed to feel some semblance of emotion lose their sense of tone by overplaying their heand and wallow in a quagmire of endless melodrama. There's a lot of '[i]Story[/i] in this game, but it's not worth your brain space. Worst off, the drama is not only ineffective, but it also wavers in tone - aspects of grief are contrasted by comedy, moments of levity are spiked with loss, ruminating on lost brothers is entreated to sarcastic indifference; you're expected to care and not take it too seriously, to feel emotionally invested without having a meaningful connection to anyone in the convoluted story.

To top it off, the balance is pretty bad. Enemies disregard anything and everything - and only target you with as good an accuracy as they can commit to. Shooting through walls, blind firing with pinpoint accuracy as you peek over a trench while they are suppressed by allies elsewhere, and reacting with preternatural speed to your momentary exposure. Yet, it isn't too difficult straightforward - enemies poke their domes over the top for you to pick off with rifles - but they are beefy to body shots, and weapons are painful to handle... It takes 3 body shots from an M1 Garand to put an enemy down... [b]3!![/b]. It's not even hard, it just takes a couple more clicks than usual and turns trivial bits of combat into a slog. Enemies melt you faster than a candlestick, so you have to be cautious - they aren't hard to hit, but take a few shots to put down. It's the perfect mixture of fair-but-boring. Is it balanced? Sort of. It's just not very satisfying.

Another deviation from the basics is that there are... [i]No True Setpieces[/i].
Where other games typically have a globe-trotting adventure even back to the original [b]Call Of Duty[/b] back in the 90's, [i]Brother's In Arms: Hell's Highway[/i] is more than content focusing in on one location and one setting, which becomes grating over time. While one can stomach the stagnation for a bit, it's simply too samey to hold attention. Everything is a European grassland or a European city structure. You don't see the war on the Eastern front, you don't see an African tour, you don't see different areas closer to the Mediterranean, No Japan or China or Solomon Islands - nothing. Even keeping the setting focused, the 'setpieces' within are tragically underwhelming. A Tank section may take a number of seconds to beat without complexity or difficulty - a sniper section is as straightforward and drab as any other aspect of the game. It does little to add spice to the experience, and what little it does falls flat pathetically.

Regardless of what you may expect of the game, it's particularly drab. If you're interested for the shooting aspects, it's far below average. If you're interested for the story, it's very uninteresting and far less impressive than actual war stories anyhow. If you're interested in the strategic aspects, they basically don't do much and have very weak feedback. The game, in spite of all its ambition, simply is too lackluster and dry to deliver a potent experience, even compared to more mundane and average experiences in the shooter genre such as [b]RAGE[/b], [b]Crysis[/b], or even [b]Void Bastards[/b] that all are more unique and interesting in spite of their own shortcomings while [i]Brothers In Arms: Hell's Highway[i] seems to linger in an awkward space.

I didn't finish the game. I didn't have to. Nearly halfway through the core experience and I didn't want to subject myself to more of it - which is the review in and of itself:
After 3 hours, I looked at the game and said ""I'd rather not have to finish this one. I want to play a game that's actually worthwhile.""

~

[h3]TL;DR[/h3]
[b]4/10[/b]
[i]Brothers In Arms: Hell's Highway[/i] is a [b]Below Average[/b] game.
While it shimmers in your pocket and whispers of adventure, once you whip it out and try to use it in the field, you'll find that it was always wiser to stick with a primary that fills the role so much better.
",False,0,0,198,198,0,1718252622,2024-06-13 04:23:42,3.3,3.3
"I loved this game as a kid but playing it now the level design and ai hasn't aged well and it pains me to say I can't recommend it in 2024. Also fair warning for anyone who plays it, the default keybinds are god awful",False,5,3,55,55,0,1717970772,2024-06-09 22:06:12,0.9166666666666666,0.9166666666666666
"[h3] This review is going to be of both Hell's Highway, and will also be a review for the Brother's in Arms series as a whole.[/h3] I've been playing through the BiA trilogy and have made reviews for each game after I finished them. You can go to my profile to check out my reviews for the other BiA games. Now into the actual review;

Brothers in Arms: Hell's Highway is a sequel to Road to Hill 30, and somewhat a sequel to Earned in Blood. You play as Matthew Baker in HH, and you are continuing the war to fight in WW2. The first thing you will notice about this game, is how greatly the graphics have improved since the previous 2 games. HH runs on Unreal Engine 3, and the game has some of the best graphics of its time. This is of course a large jump from the first 2 games because the graphics are so different, but the gameplay has somewhat changed as well. You can do many more things now, like running, vaulting over cover, and weapons are much more powerful. 

The gameplay is much better, and worse in so many areas. Weapons are so much better, they do more damage, and aim is much better. When you start aiming, the gun will shake for a second, and then it will stay still so you can shoot an enemy. Enemies try to flee when you or some allies flank them, and in the first 2 games, enemies rarely do this. But there are some small flaws that make the gameplay slightly worse, strategy isn't as important as it used too. In the first 2 games, the strategy focused on suppressing the enemies, and flanking the enemies. But in HH, sometimes your assault team can kill a squad before you even flank the enemies. The main thing that your allies can do now is suppress the enemies, because there are less flanks, and again, suppressing the enemy can sometimes even kill enemies too. This removes a lot of strategy from the game.

The story is alright, and adds a lot new things to the original story. The story gives more detail to many characters to the first 2 games. But other than that, most of the new characters in the story are useless, there is only the British guy who (SPOILERS)[spoiler] learnt about Kevin Legget and got Baker to share the secret about Kevin. [/spoiler] But that's the only new character who you command that is actually useful to the story. But besides the new characters, there's the plot. The locations make sense, and the timeline of all the places make sense. The story is nowhere near as good as the story of the first 2 games, the story of HH is much more of a drama. It feels like these soldiers don't care about the actual war, and it feels like the characters only care about the drama.

There are some bugs, not too many bugs, but there are a few. There was one bug I encountered once that caused my game to crash on start, but I launched the game again a day later, and it was fixed, And a few times some allies got stuck on some cover on one of the earlier missions. One time an ally got stuck behind a door because a random door appeared after the next map loaded so I had to continue with one less ally until the next map loaded. And there were smaller bugs, but I pushed through them easily. That's pretty much all of the bugs I encountered throughout my playthrough of this game. 

[h2] Now for my review for the rest of the series as a whole [/h2]

Brothers in Arms is a great series that portrays tactics and brotherhood. With heavy inspiration from Band of Brothers, it pushes original gameplay, story, and portrays history in a great way. Each game in the series has unlockables that tell real stories of valiant soldiers who fought in WW2. The best series I've ever played, and I will never regret playing these games. I never will regret even playing through the frustrating moments too. 

Now my overall review and conclusion for both Hell's Highway and Brothers in Arms as a series; the game(s) are all masterpieces, the first 2 are the best, but Hell's Highway is still a great game, and every BiA player should play Hell's Highway. You need to play the Brothers in Arms series, and you need to play Hell's Highway!",True,4,1,599,562,0,1717110599,2024-05-30 23:09:59,9.983333333333333,9.366666666666667
Nice story based WW2 squad based cover shooter. Can issue commands to AI team to suppress/attack then move around to flank.  Havent played all the way through but controller seems to work fine. Works well on Steam Deck as well.,True,2,0,164,98,0,1713891426,2024-04-23 16:57:06,2.7333333333333334,1.6333333333333333
"One of the best WW2 shooters from the 2000s, this is such a classic. 

I used to play this a lot back in 2009 when I got my first laptop. It ran like ♥♥♥♥, but back then playing at 10 fps didnt really faze me, I spend many hours running through this game. 

Unfortunately, it seems like there is a problem running this game on newer systems. Last time I tried running it, it really didnt like my Win10, but maybe it is better on Win11 now, I dont know. 

Just keep that in mind if you are buying this to play it.
—————————————————————————————
[url=https://store.steampowered.com/curator/45534557/]Help me out by following my Curator, I’d really appreciate it!![/url]",True,7,0,225,225,0,1711786271,2024-03-30 08:11:11,3.75,3.75
"Very enjoyable game, good tactical combat, missions vary in setting and objectives, great storyline and characters, cutscenes take as long old ladies looking for change at the checkout and you can't skip them.",True,0,0,327,327,0,1711619797,2024-03-28 09:56:37,5.45,5.45
"This game is better than the previous installments and the best in the series! You can take cover and Baker can aim now. The iron sight in the last 2 games are always swing like crazy. The AIs are also smarter. They always take cover. However, this game removes melee and squad charging mechanic. You can't left click to order assault team to charge now. And this makes all of your team playing as the same team except the bazooka team. They also don't shoot while running. The animations during gameplay are also weird, like when you look at Baker's own shadow you'll see what I mean. It's just the TPS game with FPS camera if you could say. Also the tank section are also weird, you are playing as the tank is nice but one mission a lost British tank asks Baker's team for help, in the end, the tank commander thanks Baker for the help despite Baker team DOESN'T appear during the tank gameplay at all. We also only see Red during gameplay for like 2 levels. And the worst part is: THERE IS NO MAIN BIA GAME AFTER THIS! WHY!!!!? WHY GEARBOX WHY!????",True,0,0,495,398,0,1711510096,2024-03-27 03:28:16,8.25,6.633333333333334
"Quite a decent tactical shooter with fairly entertaining mechanics. 
However, I could not help but feel that this installment is slightly less exciting than the previous game and some of the new mechanics feel almost like cheating – it has become more of a Gear of War style of cover-based shooter than it used to be, which is not a development I can endorse. 

However, I did enjoy it and if you do want to play a different and somewhat unique WW2 FPS that has aged quite well, you really could do a lot worse than this game. 
",True,0,0,671,671,0,1711284799,2024-03-24 12:53:19,11.183333333333334,11.183333333333334
"A nice following from previous game. But feels too easy than previous game that makes a squad mechanic a little too easy, other than that it has a smaller number of mission because they added more cutscenes level than the actual level. It has amazing graphics though from the time it was release and aged well even though the charachter movement in the cutscene feels a little goovy and too much ragdoll effect. with all the cons this game still a great experience than other shooter game",True,0,0,745,132,0,1711119979,2024-03-22 15:06:19,12.416666666666666,2.2
"Honest to god, this is one of the best games I have ever played
Best depiction of WW2 and War Trauma ever depicted into  a video game
Highly reccomend it

9/10",True,0,1,1581,595,0,1709334844,2024-03-01 23:14:04,26.35,9.916666666666666
"Janky game but decent when it clicks and works.
Also I got yeeted in the head and died, but did a little break dance in death 
Sort of like an act of defiance within a 1944 Footloose situation 

Do not play with 21:9, just set to 1080p, FOV is messy and still sucks at 1080p so.",True,0,0,449,170,0,1709068371,2024-02-27 21:12:51,7.483333333333333,2.8333333333333335
"I played this game a thousand times when it launched. It keeps crashing on my pc though. 
The game is the most immersive WWII game ever. I still remember that first demo where the guy was walking us through the gameplay.. unforgettable 

16 years waiting for the sequel ... give us snow ....",True,0,0,55,55,0,1708318969,2024-02-19 05:02:49,0.9166666666666666,0.9166666666666666
"The game itself is good. The gunplay has been greatly improved, compared to the first 2. The story too. 
BUT ... the game crashed ... A LOT, like every 20-25 minutes. 
And for some reason I kept booting it up. 
So, I guess it is a recommendation",True,7,1,408,408,0,1707336121,2024-02-07 20:02:01,6.8,6.8
"Overall, it's fun enough. It definitely shows its age in several areas, with slightly clunky controls, jittery frames, etc... The strangest thing is the tonal shift between the lengthy cutscenes and the gameplay which can be quite jarring and undercut each other more than they enhance each other.",True,1,0,470,470,0,1707086280,2024-02-04 22:38:00,7.833333333333333,7.833333333333333
The game is pretty good the game play is good. The story is very good. The graphics are not the best but the game is quite old so cant expect much. Definitely would recommend for the price. Especially if you like FPS.,True,0,0,887,573,73,1705699066,2024-01-19 21:17:46,14.783333333333333,9.55
"This is the worst game in the series, but this one was in Development Hell for like 2 years iirc. Still a pretty solid game. It loses the historical-authenticity focus a bit (at least compared to the previous 2 games) probably due to them adding a bit of a ~emotional journey and growth of Baker~ to the story. I suppose that's important, but it feels a bit convoluted. Honestly, it's a game that's worth $10 for sure, but I'd only recommend spending that if you're gonna buy Hell's Highway and Earned in Blood. If you only played this title, Idk if you'd be more lost or if it'd be a better game. It does weave some of the previous games' stories into it pretty well.",True,0,0,767,766,0,1704560592,2024-01-06 17:03:12,12.783333333333333,12.766666666666667
"My dad bought me this game back when it first came out, We lost him two years ago on Christmas eve, this is the only game he ever bought me growing up without me having to tell him i wanted it, it came from his heart and everytime i see this game it brings back memories of him, so while i might be looking at this game through rose colored glasses i love it so very much because it reminds me of him",True,264,1,9,9,0,1704064138,2023-12-31 23:08:58,0.15,0.15
"Brothers in Arms: Hell's Highway is a first-person tactical shooter set in WWII.  It sets itself apart from other WWII games by providing the player with a unique tactical perspective.  You command your squad as they fight their way through the villages and towns of the Netherlands against the German occupiers.

Each of the men in your squad has a unique personality, and you have to make some tough decisions under pressure that can sometimes have tragic consequences for your brothers in arms.  This makes you very invested in both the story and the men under your command.",True,0,0,950,950,0,1703786915,2023-12-28 18:08:35,15.833333333333334,15.833333333333334
"Initially I was excited about the game... back when I got it.
I actually tried to have fun, but the game has so much narrow story telling, stiff mechanics and ""DO THIS ONE THING"" scenarios that it became a chore.",False,1,0,438,438,0,1703442879,2023-12-24 18:34:39,7.3,7.3
"Honestly, one of the greatest WW2 game ive ever played, exciting gameplay, in which you have to use strategy in order to advance. On top of that, the game holds a great story which is what makes it special. Cant wait for the next game",True,2,0,480,480,0,1702502760,2023-12-13 21:26:00,8.0,8.0
"While it’s not a rupture from the series roots, this is still an excellent experience, thanks to a thrilling story and a group of characters that can touch the player. The tactical nature of the gameplay is still a distinctive approach in the World War II genre.

https://steamcommunity.com/sharedfiles/filedetails/?id=3102831523

https://steamcommunity.com/sharedfiles/filedetails/?id=3101974601",True,5,0,414,414,0,1701525111,2023-12-02 13:51:51,6.9,6.9
100% recommend played this beauty on Xbox 360 days and loved every second of it so I bought it on PC to play it again like old times and its amazing. great Nostalgic game,True,1,0,905,177,0,1700790940,2023-11-24 01:55:40,15.083333333333334,2.95
"The first Brothers in Arms was one of my favourite PS2 games so this one was a must have on Steam.
It was released in 2008 (see [url=https://en.wikipedia.org/wiki/Brothers_in_Arms:_Hell%27s_Highway] [u]wikipedia[/u] [/url]

It now gave me a General Protection Fault warning and it would not start the game.

Installing the [url=https://www.nvidia.com/en-us/drivers/physx/physx-9-21-0713-driver/#]  [u]latest[/u] [/url] Physx drivers did the trick.

Sometimes it is advises to also install the [url=https://www.nvidia.com/en-us/drivers/physx/physx-9-13-0604-legacy-driver/] [u]legacy[/u] [/url] physx drivers but for me that was not necessary.

It still is a great game to play.

15 EUR for the Brothers in Arms Pack with all the 3 Brother in Arms games is a great deal!",True,0,0,775,771,0,1700326768,2023-11-18 16:59:28,12.916666666666666,12.85
"Despite having not aged all too well it is still one of the best World War 2 games out there. A gripping story paired with, at the time especially, unmatched realism. A must-play for any fan of historic military action.",True,0,0,399,216,0,1699907072,2023-11-13 20:24:32,6.65,3.6
"8/10

Unlike the nostalgia-drenched reviews below me, I consider this game a side step or ""side-grade"" to the original two Brothers In Arms games and not the true upgrade it should have been. It's average to above average. I'd still recommend it, especially to those who have already invested their time in the first two games. But wow, is it annoyingly flawed. While the first two games have this ""heavy"" clunkiness about them (which, truthfully, gave them some of the realistic ""weight"" they're known for), [i]Hell's Highway[/i] is considerably smoother and yet still couldn't escape its own form of gameplay clunkiness.

[h1]Pros:[/h1]
[list]
    [*]The continuing staple of the franchise, the score was once again the easy highlight and laid the foundation for everything else. It really elevated the game as a whole.
    [*]The audio and sound effects are top notch. I appreciated the team reusing a lot of the same audio files from the first two games, for continuity's sake.
    [*]The intro cinematic was fantastic, particularly after just having finished the first two games.
[/list]
[h1]Cons:[/h1]
[list]
    [*]Relative to the first two games, this feels like a generic shooter with Brothers In Arms mechanics attached.
    [*]The game plays out more like a Hollywood movie with oodles of melodrama. You lose your chapter-by-chapter storytelling from D-Day onward like you had in the first two games.
    [*]Considerably easier than the first two games to the point where it's honestly just faster to pick up a Kar98k and do everything yourself. You'd have never done this with [i]Road To Hill 30[/i] or [i]Earned In Blood[/i].
    [*]The cover system has been done miles better in other games. You can't blind fire over cover. You can't ""snap"" to cover (called ""digging in"") unless you're extremely close. You can't use iron sights while ""dug in"". You can't traverse gaps in cover while still crouched (i.e., you have to exit cover, stand up, move, then get back into cover). You can only exit cover by pressing 'S', even at odd angles.
    [*]You become nigh invincible while ""dug in"", but, if you wanted to switch to ""soft"" cover and use your iron sights? You suddenly start taking shots from over and from the side of the same exact cover.
    [*]You can pretty much only sprint in a straight line. Sprinting is controlled via the 'A' and 'D' keys and not the mouse, but it's clunky and the delay between exiting cover, starting to sprint, and trying to get back into cover means you'll die more than you should.
    [*]Slow-motion kill shots were completely unnecessary and took you out of the game.
    [*]You stay zoomed in after you reload and there's no way to disable this.
    [*]If you bump into an enemy tank, you automatically die.
    [*]One level just... randomly turns into a horror game. It's incredibly jarring to have such a genre shift mid-game.
    [*]No extras? Really? The extras in the first two games were the absolute gold standard. What a complete and utter shame those were not added in here.
[/list]",True,0,0,759,759,0,1699876683,2023-11-13 11:58:03,12.65,12.65
I remember having nostalgia from playing this game as a kid on the PS3. I played the demo for hours and hours. Now I could finally play it as an adult I am left sour. Unfortunately nostalgia is not always good. I wish more games adopted the suppression mechanic but ultimately it turns into a snooze fest. It is a shame because they made a gritty gory game that you no longer see. Being from 2008-2009 I didn't expect much but it really is a glorified cover shooter that gets old fast. This is coming from someone who loves Mass Effect. There is no variety. They threw in a tank mission which was decent and the weapons actually work (unlike some modern games and previous BIA games).  I will have to give this one a pass.,False,2,0,415,415,0,1699664023,2023-11-11 00:53:43,6.916666666666667,6.916666666666667
"Hell's Highway is to the Brothers in Arms franchise what DS3 was to Dead Space. 
The only people who unironically like this game are the ones who haven't played the prequels.",False,0,1,1595,1595,0,1699015853,2023-11-03 12:50:53,26.583333333333332,26.583333333333332
One of the best singleplayer WW2 games of all time. Nostalgia hits so good. I still deeply depresses me that we never got a modern Brothers in Arms.. Gearbox claims they're making a new one as of 2021 but haven't heard anything since then :(,True,1,0,498,498,0,1698554703,2023-10-29 04:45:03,8.3,8.3
"Absolutely amazing in it's own right. 15 years later and it's still fantastic. I feel like COD and MW kinda killed the opportunity for games like this. 

You start out controlling a small Squad and learn how to use them to flank, suppress and take down the Germans in a wonderful campaign.
 
There are not enough games like this and I would love for a sequel and I know many others would as well.",True,0,0,739,739,0,1697562491,2023-10-17 17:08:11,12.316666666666666,12.316666666666666
"Today it's been 79 years, still this is the only ww2 game that makes me appreciate all that those guys did, and sacrificed fighting to liberate europe from oppression. This game may be 15 years old, but it still hits harder than most AAA games these days.",True,8,0,1238,1238,0,1694933774,2023-09-17 06:56:14,20.633333333333333,20.633333333333333
"I have a lot to say about this game, I went over 1000 characters over the limit, so my full thoughts are here:
https://pastebin.com/aL7JYPMt

I might be recommending it, but it hurts me still. The game is a shell of its former self, and ends on a cliffhanger, unresolved for years thanks to disgusting Randy hyperfocusing on Borderlands after that released.
Think of it as an ok game, better than a lot of mid shooters, but not something amazing.

The gameplay has been dumbed down, instead of covers working naturally when you crouch, you have to press a dedicated gears of war button, the health is no longer permanent, instead you have hp that recovers when hugging a wall, there is now janky sprint and vaulting, the former of which doesn't even give you higher defense against enemy fire, so switching covers sometimes feels like rolling dice, as you will be gunned down in 2 seconds if enemy shoots at you, and now they can do it even when suppressed, with no accuracy penalty, just way less likely. After you clear some of the pretty well designed encounters, you are forced sometimes to take sloppy seconds, as an invisible trigger causes enemies to get out of nowhere into the arena, like out of a ♥♥♥♥♥♥♥♥ clown car.
Also the cutscenes are now in third person too, so their scripted triggers feel even more out of place, and on top of that they lead to to convoluted scenarios where you dont even have your squad, and have to navigate narrow corridors, no interesting flanks to use.
To top it off you have turret section level flashy power fantasy, of driving a tank, not even as baker, just suddenly play as some rando tank driver and mass murder helpless ai as it pours into the meat grinder without second thought. What remains of the old games really carries this one hard.

Sound can be pretty good, but a lot of new ones are way less powerful than before, especially m1 carbine and smgs. The voice actors are the same, and try their best with the...uh, material given. Music is decent, but less memorable.

Visuals are freshened up, new weather effects, higher resolution, similar attention to the realistic looks of it. But the abundance of gore ends up making it less impactful, especially with those out of place slow mo zoom ins. Lastly some missions have single color filters, because almos every game needed that sh*t around this one's release.

Lastly the story, the writing is not as good, the chemistry is different, and a lot of conflicts feel like high school drama between immature idiots, compared to the feeling of camraderie through hardships in the first two. My full review has some spoilers with more specific gripes, but even then at least some parts of the old charm can shine through here and there, enough to keep me going. In the end, it doesn't matter, the conclusion is half baked, and game ends with ""to be continued', thanks Randy, you f****g wh***e.

For WW2 shooter fans, I think I could recommend it as an accessible entry in the series that still showcases some of the more interesting mechanics and approach to combat, if they like those quirks enough, then they don't even have to finish this game, and can just go back to play the first two.
For the fans of BiA, if you were satisfied with the closure the first 2 games gave, like I was, you can just not play this. I haven't played it for years, and now I see that it might have been for the better.
But if you are really curious, if you want to see the direction the characters were taken, and just check out the wreckage that Randy left before abandoning the series, then feel free, just lower your expectations accordingly.

",True,2,0,430,430,0,1693527100,2023-09-01 00:11:40,7.166666666666667,7.166666666666667
"Heartbreaking, depressing, and engaging story. This is the most memorable WW2 FPS game I've played. Besides Wolfenstein, this game is also the most gruesome WWII game in a realistic way. I am still waiting for the real sequel.",True,0,0,396,396,0,1693055241,2023-08-26 13:07:21,6.6,6.6
"I just want to say that this game is an old classic. It's all about strategy, not just run & gun, spray then pray. It is more about the bonds shared between brothers and comrades in arm, deepening the story plot, and gaining the players' moral attitude towards saving their brothers in action. I just wish the producers of this great game would make a come back with an addition to the title in the near future. But so far the talk of it is up in the air. The franchise was strong enough to earn fan support, especially in communities that love history of warfare and studying the perilous journey of U.S. soldiers fighting the German War Machine in World War II's European Theatre. It is very realistic, all the way down to the authenticity of the weapons and the uniforms you see the troops wearing in combat. Every detail is right on point with the U.S. Army, circa 1944. (I 10/10 WOULD RECOMMEND giving this wonderful historic game a try. Even though it's older, it still plays pretty well with the right settings applied. There are still also very fun old mods potentially still out there, (THIS AHEAD IS FOR THE OLDER BROTHERS IN ARMS ONLY, SEE ROAD TO HILL 30 & EARNED IN BLOOD), like Rendrocs Warzone Mod, which adds even more random soldiers into the fray for both sides. Also through Rendroc, there are/were, unique command mods like Rendrocs Command Mod, for example. Which enhances the players Team Command strategies in an interesting way, as well as sound affect files to enhance the gun sounds, explosions, reloading, dialogue, etc. All just the more reason to give it a try, at least before this game becomes so entirely outdated that it becomes increasingly harder to find. It is a great game! I have always had a soft spot for it. Reminds me of the simpler times...",True,0,0,4965,2776,0,1693022816,2023-08-26 04:06:56,82.75,46.266666666666666
I haven't played this one as much as the first two games but they were so much fun back in  the day. FPS with some really fun and fluid squad management. If you're into ww2 shooters these games are definitely worth checking out.,True,0,0,170,170,0,1693017908,2023-08-26 02:45:08,2.8333333333333335,2.8333333333333335
"Of course I would recommend this game, it was my childhood. The only problem I had was it never loaded for me, so I had to refund and I was absolutely gutted, I loved this game so much and was looking forward to replaying it for the first time in a while. 

I have not been on PC for a year yet, and I'm already applaud by how Steam/Valve work things. Bearing in mind my PC is very high-end so I should run this game like absolute clockwork.",True,0,0,8,8,0,1689796651,2023-07-19 19:57:31,0.13333333333333333,0.13333333333333333
"I really don't understand the appeal of this game. Gameplay is incredibly repetitive and consists in using your squad to suppress the enemy, slowly flank them, and throw a grenade/snipe the MG guy. I played 2 hours and I did only that for I lost count how many times.
Oh, and don't bother trying to understand the plot if you didn't play the series or you are not a massive WW2boo. I enjoy the genre, but most of the time I was wondering myself what the characters were talking about.",False,1,0,128,128,0,1689445052,2023-07-15 18:17:32,2.1333333333333333,2.1333333333333333
"This game holds up really well still because of the suppress and flank puzzle-like gameplay, and decent story. It's a bit surprising this type of thing hasn't been attempted again. You could see this gameplay working on a modern AAA title of many themes.",True,0,0,770,130,0,1688756610,2023-07-07 19:03:30,12.833333333333334,2.1666666666666665
"Really miss this series, the only FPS that actually gives you some depth with your combat by commanding where squads should take cover, move, assault, flank, throw grenades, charge and suppress, you can clear entire sections without firing your weapon once with good squad movements. Graphics and presentation still look great 15 years later. If you're a fan of WW2 especially the show Band of Brothers you'll feel at home with this series. The earlier titles were far more difficult than this game but will help with the understanding of the story, even still it's easy to get sucked in and like the characters over time if you make this your entry into the series.",True,0,0,292,245,0,1688388365,2023-07-03 12:46:05,4.866666666666666,4.083333333333333
"My childhood game, the first WW2 series with the best story line and combat mechanism ever.  
The game is truly unique by the time the first installment is released. I only played Road to Hill 30 for 2 years (2009-2010) without knowing there's a 2nd and 3rd installment. My dad bought the game for me after that, very excited that I finally played all the series.

The way Sgt. Matt Baker lead his squad, the PTSD he need to handle, how he treats his squad as his best friends, a mind blowing myth about a single pistol, and holding a truth that makes his squad lost their trust against Baker is something that will never escape my mind. If you really want to know what Ubisoft was back then, this is it, the peak era of Ubisoft besides Assassins Creed and Far Cry. From the first game you'll see many good improvement throughout the series, the differences between the 2nd game is you play as Baker's best friend, Cpl. Joseph ""Red"" Hartsock who got promoted into sergeant by the time of Carentan offensive. Trust me you'll never get bored repeating this game even after 14 years after its first release.

The series is a MUST TO BUY, even if you don't like WW2 but believe me by playing this game you will like it. I'm writing a review for it is because I'm one of the people who still waiting for the 4th installment, or maybe a remastered of the three games. 

This series will always belongs to my heart and no games until now that can beat it. 
",True,6,0,2141,1533,0,1686932326,2023-06-16 16:18:46,35.68333333333333,25.55
"Played all three BIA games on Steam and all where fantastic and held up very well. Hell's Highway was just as great as I remembered, one thing that bothers me is you can't skip the long cut scenes  but it is what it is. Hoping to see a fourth game soon.",True,0,0,460,460,0,1686895823,2023-06-16 06:10:23,7.666666666666667,7.666666666666667
"wish there was more games in this genre of controlling small squads of soldiers while having the agency of a player yourself (not just a regular RTS). 

The game definitely has pacing issues and the difficulty doesnt peak beyond the first level or two so replay ability is quite low even with the ""authentic"" difficulty offered after your first play through, not to mention the fact that you cant skip the cinematic cut scenes which do try very hard to reach film levels of character development and stakes but ultimately show their age in both visual and story telling fidelity.

overall a fun WW2 shooter that gave me a good dose of ""Band of Brothers"" in video game format that i would recommend if its on sale.


Multiplayer doesnt exist anymore but I remember it fondly from the PS3 days :D",True,11,0,669,669,0,1686394963,2023-06-10 11:02:43,11.15,11.15
"Year 1: I can't stress how amazing this game is. It was perfect. Down to the last minute details. I need more!
Year 2: They don't make games like this anymore. What a ride into the glory days. I can't wait till next year!",True,0,0,2293,1846,0,1683388218,2023-05-06 15:50:18,38.21666666666667,30.766666666666666
"A fantastic squad-based FPS with a pretty stellar story. Your squad mates, for the most part, have really good AI and don't make too many dumb decisions. While backstory and knowledge of the previous games will certainly help, you can skip straight to this one. The mechanics are much more finely tuned over the previous two and is a better experience for it. This is definitely one of the best WWII shooters I've played. History buffs should not miss this one.
",True,0,0,539,539,0,1682626227,2023-04-27 20:10:27,8.983333333333333,8.983333333333333
"It's got pretty bad graphics even for a game that came out in 2008 and the enemy count per mission is pretty low compared to something like COD MW1 (2007). I wouldn't say the story is great too. It's got a few errors were British soldiers are wearing American uniforms. The animations are a little stiff too even for it's time period...... But it does have some good things about it. I like that you can command your squad to do the tasks you need such as bazooka destroying MG nests, vehicles and towers. The MG squad holding down fire as you move the assault squad further up the battlefield to engage the enemy. It has pretty good explosion damage too because you see enemy legs, torsos and arms blow off if you hit them in the right spot. So it does have some good things about it. 

I would have to give it a 7/10 because the last few things actually save it from being a 5.

",True,0,0,133,122,0,1682042322,2023-04-21 01:58:42,2.216666666666667,2.033333333333333
"Combat Vet - Seen some ♥♥♥♥ - shouldn't have played this - gotta talk to therapist.

Having said that, BiA has done really well with this one given how ♥♥♥♥♥♥♥♥ the AI was in the previous titles (although amazing story so worth it). If you wanna know what war is like without actually going to war, this is it. Basically Band of Brothers as a video game franchise",True,1,1,344,213,0,1681175117,2023-04-11 01:05:17,5.733333333333333,3.55
"This was my very first PS3 game back in 2008. I've loved so many games but this one is like my first love. Do you ever wish you could play your fave game again like it's the first time? Well, playing it on PC satisfied that wish. Like the first time, it still took me longer than others to finish it coz I refused to finish a chapter with anybody dying on my team. Sounds silly but this game really made me feel like I'm part of the story. Game played well on my PC with the the graphic settings on high. If you love Brothers in Arms, or tactical, or strategy, or WWII games, just get it!",True,9,0,1396,1267,0,1681027378,2023-04-09 08:02:58,23.266666666666666,21.116666666666667
"This is legit one of the biggest lies shown at E3 since Watch Dogs,  The retail version that came out almost 14 years ago, was nothing compared to what they had shown back then..  I still cant believe they released this abomination and everyone fell for it.  Gearbox should had been held accountable like they were for Aliens Colonial Marines..  We should always remember Gearbox have a ridiculous record of promising things in demos and not providing in final gameplay.  Eat ♥♥♥♥ Gearbox for screwing your fans over like this, and ♥♥♥♥ Pitchwork for ruin the franchise.",False,1,0,989,960,0,1681000017,2023-04-09 00:26:57,16.483333333333334,16.0
"A really great story, very good game.
Better if you played the two previous ones (which are also good games).

-FPS with a mix of strategy.
-Horror elements & war PTSD.
I love when games are more than what they appear to be; i.e. [i]Spec Ops: The Line[/i] did that very well too. Here you don't really expect it so it's a good surprise.
-Beautiful graphics, lighting & color palette, even if it's from 2008!
It's impressive what Gearbox was capable of back in the days…
-The amount of details is still neat.
-Semi-destructable environments, covers.
-Lots of cinematic cutscenes, a mix between movie and a game. It's very nicely crafted.
-Good VA and immersive soundtrack.
-You have some sections where you can use a tank; it's very fun!

Don't mind my playtime (4.2 hours), I play most of my solo games with cheats (god mode plus infinite ammo in this case). I'm mostly a casual here for the story.

I hope they will create a 4th game someday!
With its various characters and unique recipe, there is a huge potential!

Recommended, especially if you want more than a war game!",True,6,0,250,250,0,1680459011,2023-04-02 18:10:11,4.166666666666667,4.166666666666667
"I really enjoyed playing Brothers in Arms: Hell's Highway. It was a pleasure to see the Dutch levels and some of the new graphic innovations that were introduced in this game. I thought the gameplay was engaging, and it was interesting to see the flanking and suppressing mechanics from previous BoA games being used in a different way. Overall, I had a great time playing Hell's Highway and would recommend it to other fans of the series.",True,3,0,584,584,0,1680427835,2023-04-02 09:30:35,9.733333333333333,9.733333333333333
"This game is lightyears better than both of its two predecessors (Road to Hill 30 and Earned in Blood) in almost every way. 

For one the story/subplot is far more fleshed out and entertaining (both in substance and in comedy/drama).  There now exists a cover system that makes the ""suppress and flank"" mechanic feel more fluid. The overly unrealistic ADS inaccuracy that prevented you from being able to kill enemies even at an extremely close range is no longer present. Regardless if you are using the 3rd person crosshair while in cover or the 1st person sights while ADS, you can now more naturally and accurately engage enemies. Grenades now have a far more realistic blast radius and an aiming reticule now exists to show you where it's going to land.

Overall, this game is a vast improvement over Road to Hill 30 and Earning in Blood. At this point, the only point in buying either of those games is solely to experience/learn the backstory to the subplot that you're exposed to in this game.",True,7,0,1353,287,0,1680253183,2023-03-31 08:59:43,22.55,4.783333333333333
Fun and immersive with a very well done story. will run on anything although the stock key binds are a bit weird but this is easy to fix and very historicity accurate,True,0,0,329,312,0,1679537358,2023-03-23 02:09:18,5.483333333333333,5.2
"Trip back to not so good graphics, but suprisingly good AI. Takes a while to get used to wierd controls, but due to the mechanics it would be even more difficult to re-bind them on different keys. Also the tutorial is worth not skipping. BiA is way more cinematic, then I remember it. All in all a time good spent. On normal difficulty takes about one sunday evening.",True,0,0,375,375,0,1679356643,2023-03-20 23:57:23,6.25,6.25
"Still remember my dad playing the first games when I was younger so I'm glad that I get to play the last good brothers in arms game. I really hope that one day, brothers in arms gets either a remaster or a reboot. I really do love this game series and this game really shows what could of happened if they continued to produce more. Heck, if they made it open-world with thousands of objects and tedious I WOULD still play the game.",True,0,0,2563,658,0,1674821060,2023-01-27 12:04:20,42.71666666666667,10.966666666666667
"The A.I. is janky as hell. Sometimes the light machine gun squad won't fire when told to. Story is kinda weak and drama filled, last mission is anti-climactic, but the combat is pretty solid over all. I don't see myself doing a second playthrough any time soon.",True,3,3,1145,212,0,1674474007,2023-01-23 11:40:07,19.083333333333332,3.533333333333333
"It's a difficult one, this. 

I'm saying ""no,"" as it feels like a downgrade from the original game. To be fair, it was ages ago that I last played the original, but Hell's Highway is not a complex game. There aren't dozens of layers to it that might throw off your memory. It's a cover shooter with the notable addition of simplistic squad management and suppression. That's pretty much it. 

It's also the premise of the original. In hindsight though, there are areas where the original is clearly better than this one. For example, the tank combat in the original - a non-directly-controllable and vulnerable Stuart - is vastly superior to the invulnerable (sans any infantry cover) Sherman in Hell's Highway. 

While a matter of taste, I prefer the simpler but crisper graphics of the original Road to Hill 30’s Unreal 2 to the muddy, overshaderized Unreal 3 of Hell’s Highway. 

The AI is lacking enough to make the squad system problematic. Say, for example, that an enemy is completely suppressed by one squad and you send your second team to flank them. You’ve done everything right and should expect to win, but your guys might just wait several seconds to fire without any clear reason to. Which means they’ll suffer casualties. 

Thanks to the unreliability of your squads, it’s often easier to just play whack-a-mole with a rifle, against the inevitably appearing enemy heads. Which gets samey as fast as it sounds. This isn’t a twitch shooter. 

Having said all that, I finished the game and don’t regret it much. It’s shortish, it’s got a couple interesting scenarios, and the storyline, while slightly tough to penetrate, is at least somewhat believable. The dialogue is good enough to make it clear that they didn’t skimp on the writing team. It’s not devoid of unintentional cheese, but the good bits far outweigh the baggage. 

Still, it feels like an expansion pack, in which case it would’ve been a middle child. There’s no clear beginning or end to it, and with the downgraded (or at least unupgraded) mechanics, it doesn’t feel like the design team was motivated enough. 

PS: it doesn’t work with bluetooth headphones, at least not with mine. It’s a fairly common issue online. Fortunately I also have an optional audio cable. Otherwise the game is bug-free for me.",False,1,0,456,456,0,1674143257,2023-01-19 15:47:37,7.6,7.6
"Now one fell asleep in the street
And he never woke up
Now one died in pieces
In his bed with the mouth full of bones
And one threatened me long ago when I saw him
Melt in the bright light of day
And one laid to rest in a field under starlings and crows, hey!
I've been wandering sideways
I've stared straight into the sun
Still, I don't know why you're dying
Long before your time has come
Your time has come
Now one took some bullets in the chest in a deal gone wrong
One got a little too depressed and he went and jumped the gun
One got shot right in the face and he somehow survived
But he doesn't know my name or who I am
And I'm not surprised, hey!
I've been wandering sideways
I've stared straight into the sun
Still, I don't know why you're dying
Long before your time has come
Yeah I've been wandering sideways
And I've stared straight into the sun
Still I don't know why you're dying
Long before your time has come
Your time has come, yeah!
I've seen fifty thousand names all engraved on a stone
Most of them, met an early grave years before I was born
All of them left brothers and sisters and mothers behind
And most of their family and friends alive, doing time
I've been wandering sideways
I've stared straight into the sun
I don't know why you're dying
Long before your time has come
Yeah, I've been wandering sideways
I've stared straight into the sun
And I don't know why you're dying
Long before your time has come
Long before your time has come
Long before your time has come
Your time has come",True,1,0,1122,640,0,1672682333,2023-01-02 17:58:53,18.7,10.666666666666666
"""To be continued""

14 years later and we still don't have our 4th game. 

Regardless, pick up this series. It's one of the best WW2 story-driven games I've ever had the pleasure to play.",True,46,0,856,856,0,1672100303,2022-12-27 00:18:23,14.266666666666667,14.266666666666667
"This game is everything I want in a shooter and nothing I don't want.

Want a real story worthy of telling, that happens to be told in the medium of a video game? This is what you're after

Sick of sitting in queues to join multiplayer matches featuring 12 year-old boys shouting racist, sexist, and homophobic slurs at you? This is what you're after

Want to spend more time assessing the battlefield and coordinating movements between different units than firing your weapon? This is what you're after

Want something where the units move like humans and not like some kind of super-mutant bioweapon? This is what you're after

Want something that feels like a play-through cinematic war piece? This is what you're after

Want to go bang bang shoot shoot boom boom, run on walls, fall 500 feet and survive, face an entire nation's military force as a single super warrior, carry a nuke in your backpack, and wield a tie-die neon camo glow in the dark ultra whizbang rifle + all the attachments you've ever seen on your favorite youtube channel? Not your game

Het biedt ook een echt Nederlandse omgeving aan. The scenery is *very* well done and looks *exactly* like The Netherlands

11/10. I'd pay 100 EUR for an updated entry in this series. Sorry, not sorry",True,10,0,522,303,0,1670930386,2022-12-13 11:19:46,8.7,5.05
"It's like if you took all the best elements of war movies, mixed them with a tactical game, added some drama, and spiced it all up with a healthy dose of historical accuracy",True,0,0,460,460,0,1669400733,2022-11-25 18:25:33,7.666666666666667,7.666666666666667
"[table]
    [tr]
        [th]pros:[/th]
        [th]cons:[/th]
    [/tr]
    [tr]
        [td]still good looking (for real)[/td]
        [td]garbage shooting mechanics[/td]
    [/tr]
    [tr]
        [td]cheap [/td]
        [td]another over-pretentious 'classic' story about Normandy [/td]
    [/tr]
[/table]


[b] Do you recommend this game? [/b] [spoiler]  [b] [i] *meeh* Only if you got money you need to spend on shi... [/i] [/b] [/spoiler]",False,1,0,52,14,0,1669243069,2022-11-23 22:37:49,0.8666666666666667,0.23333333333333334
"After playing a few hours, it becomes very clear that the game adopted a quite unusual shooting mechanism. During the game, as long as you are not taking cover and whenever an enemy shoots at you, you would invariantly and always take damages. 

While this usually won't be an issue in other games such as battlefields or call of duties, because in those games your enemies would always have the probability of missing you, in this frustrating game however, your enemies can always land damages on you. To put it more precisely, all enemies in this game are effectively aimbots, so as a matter of fact the game is cheating on its players and its entire mechanism is based on a rigged system. For a game that alleges authenticity and immersion of WW2, it is a death sentence.

Surely plots and musics are important. But remember, games are not movies and they are meant for playing. If a third person shooting game cannot even get its shooting mechanism right as our real world's physic prescribes, then it shall go down the history like rest of the garbages.",False,0,0,1898,719,0,1667400669,2022-11-02 14:51:09,31.633333333333333,11.983333333333333
"The most underrated game portraying 101st story ever.  Not many games can invoke true emotion as this series did.  Something it does very well is combat, not every weapon is pinpoint accurate and you won't be a hero non-stop.",True,0,0,391,391,0,1665413096,2022-10-10 14:44:56,6.516666666666667,6.516666666666667
"---{ Graphics }---
☐ You forget what reality is
☐ Beautiful
☐ Good
☑ Decent
☐ Bad
☐ Don‘t look too long at it
☐ MS-DOS

---{ Gameplay }---
☑ Very good
☐ Good
☐ It's just gameplay
☐ Mehh
☐ Watch paint dry instead
☐ Just don't

---{ Audio }---
☐ Eargasm
☑ Very good
☐ Good
☐ Not too bad
☐ Bad
☐ I'm now deaf

---{ Audience }---
☐ Kids
☑ Teens
☑ Adults
☐ Grandma

---{ PC Requirements }---
☐ Check if you can run paint
☑ Potato
☐ Decent
☐ Fast
☐ Rich boi
☐ Ask NASA if they have a spare computer

---{ Difficulty }---
☐ Just press 'W'
☐ Easy
☑ Easy to learn / Hard to master
☐ Significant brain usage
☐ Difficult
☐ Dark Souls

---{ Grind }---
☑ Nothing to grind
☐ Only if u care about leaderboards/ranks
☐ Isn't necessary to progress
☐ Average grind level
☐ Too much grind
☐ You'll need a second life for grinding

---{ Story }---
☐ No Story
☐ Some lore
☐ Average
☑ Good
☐ Lovely
☐ It'll replace your life

---{ Game Time }---
☐ Long enough for a cup of coffee
☐ Short
☑ Average
☐ Long
☐ To infinity and beyond

---{ Price }---
☐ It's free!
☐ Worth the price
☑ If it's on sale
☐ If u have some spare money left
☐ Not recommended
☐ You could also just burn your money

---{ Bugs }---
☐ Never heard of
☑ Minor bugs
☐ Can get annoying
☐ ARK: Survival Evolved
☐ The game itself is a big terrarium for bugs

---{ ? / 10 }---
☐ 1
☐ 2
☐ 3
☐ 4
☐ 5
☐ 6
☑ 7
☐ 8
☐ 9
☐ 10
",True,24,0,188,186,0,1663982037,2022-09-24 01:13:57,3.1333333333333333,3.1
"Wonderful story, i love the squad mechanics and all though it can be a tad difficult at times, there is always a way through. if youre gonna play this you cant play it like a normal FPS by just charging down the enemy like its DOOM. you absolutely NEED to take full advantage of your squads by putting them in solid areas and having them lay down cover fire while you find avenues of advance and flank the enemy, moving cover to cover. Sure it has dated graphics, but the story and game play allows that to be ignored",True,0,0,656,656,0,1663967789,2022-09-23 21:16:29,10.933333333333334,10.933333333333334
"I think this game has the highest percentage of cutscenes. It seemed that at least half the game was a cutscene. The story is an action comedy drama about WW2. In my opinion the comedy is not great and the dramatic parts were a little over the top. The action was nice though. What really saves this game is the gameplay. I enjoyed this game more the other two. It was nice to aim for a change. The cover system kinda sucks, because you can be behind cover and still get shot if you haven't pressed Q. Other than that I had no issues or bugs that hindered the game. Kinda wish they would have made another one, especially since the game ends with a to be continued.",True,0,0,391,391,0,1663630525,2022-09-19 23:35:25,6.516666666666667,6.516666666666667
I can't believe I bought this game.  I got SOOOOOO TIRED of all the f**king videos.  I wanna play a game NOT watch a movie.  WTF?!?!?  AT LEAST GIVE A WAY TO ABORT THEM!,False,0,0,49,49,0,1663535029,2022-09-18 21:03:49,0.8166666666666667,0.8166666666666667
"Sequel that most probably shelved the franchise forever.

It's not a bad game but it definately has some serious issues. The biggest one being horendous cover system making the gameplay shift half way to fps instead of tactical shooter. It is a relic of late 2000s and Hell's highway sure have all the other checkmarks on the list (tank mission, solo mission without weapons, sniper cover mission, etc.).
Second biggest mistake was the story, previously we were following squad in WW2 and from this baseline came up personal stuff but Hell's higway tells personal story and WW2 is basically just a theatre for it a the further you go in the more bugs surface (usually triggers letting you into next phase of mission or your squad not shooting and just covering but usually reload checkpoint resolve these). 
Running on Unreal engine 3 it looks great even in current year even though sometimes I did not understand the choice of color palette, still mostly visually pleasing game.

In the end I would like to have mixed or neutral button but working with what I have it's still a mild thumbs up.",True,0,0,601,601,0,1661201738,2022-08-22 20:55:38,10.016666666666667,10.016666666666667
"I forgot how good this game was, and I'm surprised at how well it's held up in 2022, 14 years after its release in 2008. Brothers in Arms: Hell's Highway is easily one of the best World War II tactical shooters. 

If you loved Band of Brothers, you're going to enjoy the story. It touches on aspects of combat stress reactions, civilian casualties, interpersonal conflict in Baker's squad and up, along with the obvious combat.

The sound design is probably one of the strongest aspects of this game, with gunfire and explosions that feel visceral. The voice-acting is exemplary, but that's what one should expect when the lead is played by Troy Baker; heck, they even have Capt. Dale Dye in the game! 

This is arguably one of Gearbox's best games, though I worry Gearbox and Ubisoft will tarnish its legacy by implementing the standard fare of microtransactions and separate launchers if there's ever another installment.",True,0,0,673,321,0,1660971774,2022-08-20 05:02:54,11.216666666666667,5.35
"This is not just a shooter; you play as a commander that can send an MG team, infantry units and engineers to certain positions in order to flank the enemy and keep your soldiers safe. The game also has a cool system of surpression, so you can surpress the enemy yourself and then send your soldiers forward to move closer to the enemy/move from cover to cover.

I finished the campaign on the xbox 360. Really cool game, nice tactical gameplay, though the cinematics are overly long and dramatic AND YOU CANNOT SKIP THEM. It's cool that the game takes place in the Netherlands, where WW2 games usually don't take place. This makes the surroundings/maps looks very different from most other WW2 shooters.",True,4,0,112,112,0,1660045559,2022-08-09 11:45:59,1.8666666666666667,1.8666666666666667
"Good enough game, replay is a bit less because cutscenes apparently can't be skipped, especially as these are very dramatic ... I really just come back for the action, not the drama. I like the team control for flanking, but to have that in place of the right mouse button (which should be aim down scope) is odd. I liked it better when it was new. Anyways, there's also some historical stuff in there. This game is back from the time one didn't need a Ubisoft account...",True,0,0,1093,811,0,1659876269,2022-08-07 12:44:29,18.216666666666665,13.516666666666667
THis game is good potential to continue the series back up they never finished it if they gunna wuit out at least finish one last game of it I love how you can be tactical and story wise in a game while controling troops. I do hope they wil lsuprise us the continued part they said that was to be continued...I am tired of creaters quiting on great storys.,True,0,0,694,505,0,1659089048,2022-07-29 10:04:08,11.566666666666666,8.416666666666666
"One of my favourite games from my childhood a great tactical shooter which kept me entertained for hours on end and the multiplayer was great. Regarding the new game I don't really have high hopes for it since they've messed this series up so badly since Hells Highway, all I ask is that it makes its way onto steam. PLEASE DO NOT BE AN EPIC EXCLUSIVE. oh and to make sure it gets released in the first place. :(",True,1,0,5,5,0,1658660570,2022-07-24 11:02:50,0.08333333333333333,0.08333333333333333
"The only good game in the Brothers in Arms franchise. 

If anyone tells you the earlier games were better or more “hardcore,” they have nostalgia-induced brain damage. The older games simply had dumber AI teammates & broken shooting mechanics that made those other games artificially challenging. For the first time, the guns are fun to use, and the devs finally added a badly-needed sprint button and cover system. The AI’s still bad, as you will need to babysit your squad and occasionally send them away from enemy fire to save their lives.

",True,0,0,496,496,0,1657432954,2022-07-10 06:02:34,8.266666666666667,8.266666666666667
"Yet another long annoying video disguised as a video game.  I don't know why game developers spend so much time making videos that no one is interested in!  This game makes you watch very long videos a the beginning of every section with no way to skip it, making the game have no value at all by the time the video is finally over!  After wasting an hour of my time being forced to watch a stupid video, this game suddenly holds no interest for me.  I don't like it, don't want it and I have absolutely no interest in the game anymore!  It sucks, I want to play a game not watch a stupid video!  But after I came back 8 hrs later and the video was finally over:  I was able to play for a Grand total of 5 minutes before another Video came on with no way to skip it!  Its like I am being held hostage: If I want to play this game I have to watch the videos - Cannot get out of it!  I don't respond to threats! This game will not let me play unless I go through the torture first.  I say No, I don't respond to terrorist threats!  This game sucks!!!",False,0,1,475,467,0,1655619369,2022-06-19 06:16:09,7.916666666666667,7.783333333333333
"Your review is currently marked as publicly visible. You can edit this review, change your rating, and change the visibility setting if you wish.
Major improvement from first two games as well.",True,0,0,1447,1447,0,1655245739,2022-06-14 22:28:59,24.116666666666667,24.116666666666667
"Masterpiece. Hell's Highway improves upon Brothers in Arms Road To Hill 30 that changed the Military shooter forever. It was no longer about point and shoot, endless shooting galleries, or gunning down hordes of brain-dead enemies that rush to their deaths. Gearbox introduced concepts like fixing & flanking the enemy. We were used to looking at the map to check the current objective, and we started using the map to check possible flanking maneuvers. It was totally refreshing. 

Hell's Highway is an impressive, highly emotional war story based on Operation Market. A Risky Allied effort to push into the Rhine and end the war sooner. It's an emotional story, with the squad leader and main protagonist Matt Baker suffering from PTSD while trying to come to terms with the loss of fellow soldiers during Operation Overlord. 

This last entry in the brothers in arms series is a total masterpiece, the gameplay mechanics, enemy IA, everything is improved upon the previous games. But is not perfect, your IA teammates do as you intend most of the time, but often place themselves in the line of fire, so you have to take the broken IA into account when carefully giving orders you can't just send them to that position you have to watch over them in case they get killed for getting in the line of fire. Battles become really hard, next to impossible, when you lose entire squads. The same goes for the Enemy IA, was really improved upon the last games, sometimes they would react to your flanking maneuvers like real intelligent combatants. But sometimes, especially indoors, they will stand still waiting for you to drop them. So the IA looks advanced and fitting, but sometimes broken. That's why I'm sticking with a 9 instead of 10 :)",True,11,2,1034,1024,0,1654437026,2022-06-05 13:50:26,17.233333333333334,17.066666666666666
"Of all brothers in arms games, this is by far the best.

-Your character doesnt have advanced parkinsons, that means that you can actually aim and ♥♥♥♥♥♥♥ hit something.

-There is no more healthbar, thank god. 

-Enemies arent bullet sponge no mo', headshots will ♥♥♥♥♥♥♥ kill enemies.

-YOU CAN DRIVE TANKS, much better than ♥♥♥♥♥♥♥ commanding them. AI tanks in earlie BOS games were hot ♥♥♥♥. 

-BAZOOKA TEAM! 

-You can grab MG42s and hip fire them, good. 
",True,1,2,443,273,0,1649627507,2022-04-10 21:51:47,7.383333333333334,4.55
I got to say this game is special the story of soldier from ww2 make is more fun this game is just what I want to play in world war games,True,0,0,577,577,0,1648911683,2022-04-02 15:01:23,9.616666666666667,9.616666666666667
"Hell's Highway is the sequel to Road to Hill 30 and Earned in Blood, a little outdated just the same, but still an enjoyable game nonetheless. Return to Matt Baker's point of view and take on the Nazis once again during Operation Market Garden. It still has the great command system and shooting mechanics, the only difference it has is that there is a couple of tank missions where you operate one tank against waves of enemies, health can now be regenerated, (thanks, Call of Duty) and there is a slo-mo action cam whenever you shoot an enemy in the head or blow off some of their limbs with a grenade. Really not much of a difference in gameplay, but story wise it seems to be more mature than before, tackling the topic of PTSD and other mental health issues soldiers face on a everyday basis. I like how the story feels like it's own original thing compared to Road to Hill 30 where I felt like it was trying a bit too hard with the war movie tropes. I think Hell's Highway holds up graphically and story wise but the gameplay is practically the same as before and the controls desperately need to be mapped as soon as you start playing. If you enjoyed pretty much any BiA games so far, then you will be surely satisfied with this one, so give it a shot, good game.",True,0,0,404,404,0,1648867582,2022-04-02 02:46:22,6.733333333333333,6.733333333333333
I have never played the other 2 brothers in arms game but I have them. This game is like the old medal of honor games by the way it was made and the story line was made great. If you love playing good war games and are based in world war 2 then this game is for you.,True,0,0,822,822,0,1647393311,2022-03-16 01:15:11,13.7,13.7
"This game is a gem from the past, a real nostalgia trip
There are a few bugs here and there if you are playing on Windows 10, but nothing game breaking.
Amazing!
",True,0,0,947,947,0,1647380760,2022-03-15 21:46:00,15.783333333333333,15.783333333333333
"The unique gameplay makes up for the corny storyline. Having control over different fire teams allows you to lay a base of fire and flank the enemy, or set up an ambush to wipe them out quick. Definitely different than other run of the mill shooter/war games. The game is worth it, especially for the nostalgia factor.",True,0,0,1125,976,0,1647319435,2022-03-15 04:43:55,18.75,16.266666666666666
"I can't believe it, they did it, they actually ♥♥♥♥♥♥♥ did it.
Brothers in Arms: Hell's Highway is a surprisingly good followup to the previous 2 Brothers in Arms games.
After seeing 2 games which are exact copies of each other, Hell's Highway was refreshing.
The game features many improvements over the 2 previous games - New graphics, weapons that actually kill enemies, new squad types for you to control. more colorful maps, sections of the game where you're on your own to refresh the game a little bit (Although sometimes it's very short and useless), instead of commanding a tank you actually control one, the story taking place in Nazi-occupied Netherlands which is rarely discussed in WW2 video games and many more improvements.
With that being said, the game still has many flaws. The game added a weird slow motion headshot mechanic which might be cool at first but after a few times it gets old and for whatever reason the bullet is never in-sync with the headshot itself. As mentioned before, there are sections where you play on your own like in CoD campaigns, while for the most part they provide a change from the regular gameplay, a lot of times they do not make sense - Out of nowhere you lose all of your squad members for 2 minutes just to see them all again in the next section, all you did was just exit a building... So how did they get here? Why didn't we go with them... Just to kill 10 enemies? The story isn't much better either. All the characters are back along with new ones, nothing of interest really. 
The game begins somewhat at the end of the campaign in a remote location in order to teach you the mechanics and then it takes you a few days back, however when you reach the same point again, they make you play the exact same part again.... Why? This feels like a cheap way to strech the game. Just make it a cutscene... Or make a different tutorial.
The game still keeps battles intense but they feel a little bit less intense than what they were in previous games.
While being able to finally kill enemies on your own is much more fun, I think it also takes away a lot of the charm of the series and I wish they could find a way to balance it in a way that would keep the battles with your squad intense while also allow for the solo sections to exist.

Similar to the previous games, the games are sold for a fair price and during sales it's even better. I would definitely recommend this as an FPS to buy during a sale and spend a few hours on.

5/10 we aren't going to get a good sequel to this mediocre game are we?
-snoop dog",True,5,0,398,398,0,1647288641,2022-03-14 20:10:41,6.633333333333334,6.633333333333334
"Hell's Highway is the third game in the Brothers in Arms (BiA) series, and returns you to the character of Matt Baker.

This game is still a tactical fps at heart. Commanding your squad to take out the enemy. This entry introduces the MG and Bazooka team, along with a cover system and the ability to command 3 squads at once.
The unreal engine does a good job, with much better graphics than the other games. The use of cutscenes is also a major step up. Having Baker actually talk and react to the situation in cutscenes. The introduction of the slow mo camera also makes kills more satisfying. The story of the game continues through Operation Market Garden.

The things this game does worse than the previous entries are mainly the changes made to combat. Instead of a health bar you had to preserve throughout a mission, you now have regenerating health. This one change cripples the main formula. In previous games you had to make choices and take risks, which could result in heavy damage or losses. That hp or soldier you lost would be gone for the rest of the mission. This made you take engagements very cautiously.
In Hell's Highway you have regenerating health, so just sit there and take some pot shots, and then just go back in cover and wait for the red to dissapear. This and the fact that your weapons are much more accurate than in previous games, makes engagements much easier and frankly boring at times. your squad members also reappear if you lost them when you hit a checkpoint. This takes a lot if not all of the risk out of the combat.

Apart from the health problem, this game is a fine third entry into the series. If you've played the others, than you should play this one too. Too bad we never got a conclusion to it all...",True,1,0,2225,2225,0,1646096673,2022-03-01 01:04:33,37.083333333333336,37.083333333333336
"Very fun game that sees some of the modern perks of more recent FPS applied to the classic of the other Brothers in Arms. This game does play differently so I could see why some do not like the change but everything flowed better. You also have some missions by yourself. Hit boxes seem to be correct now, health regenerates, your squad aren't morons like in the other games. It's worth checking out. I also have to give credit as this is about as a diverse landscape as you can get in western European WWII following a single character. From sniping on top of a windmill to fighting through a factory, they did great. The music score as always was great and when combined with the cut scenes it felt very much like Band of Brothers.

My only real complaint is the opening cut scene revealed significant plot points for level 7 and onward. I thought I missed a Brothers in Arms game in my play through of them all but turns out they just wanted to spoil the story.",True,1,1,344,344,0,1645339737,2022-02-20 06:48:57,5.733333333333333,5.733333333333333
"This game was fantastic. If you played the previous brothers in arms games, it continues the story front them. only making the game play more interesting as you go. The graphics for it's time are immaculate as well. Focusing on the story more than the multiplayer in a game needs to come back, as this game portrayed it extremely well.",True,0,0,501,371,0,1644175297,2022-02-06 19:21:37,8.35,6.183333333333334
"BiA:HH is an amazing game with an immersive story and you can feel a connection with the characters.
The pros - Story is amazing. You NEED the tactical action on higher difficulties. The ambiance was well done; from mortars hitting the grounds to the planes way up in the sky.
The cons - Older game so it does feel clunky and even when you change keybinds it still doesn't feel quite right. The graphics of course will be a slightly lower tier (2008). 
It would also help to have a little knowledge of past games. I didn't play this for Multiplayer so I can't comment to much on it.",True,0,0,742,742,0,1641760645,2022-01-09 20:37:25,12.366666666666667,12.366666666666667
"It's budget Band of Brothers again except you have amazing accuracy every time with your weapons and the characters act even more like they're in a soap opera. It's not a bad game per se as I enjoyed it at the time when it came out but compared to its predecessors the gameplay is a massive step down in terms of difficulty, writing, and level design. It seems Gearbox tried to cash in on the regenerating health cover shooter phase of the late 00s-early 10s and it falls short in too many areas for me to recommend this game on its own. It also doesn't help that the game ends on a ""To be continued..."" of which it never was.",False,0,0,3408,3408,0,1641387698,2022-01-05 13:01:38,56.8,56.8
"""After this is all over nothing will stop me from finding you you're my best friend""

Wow-what an entry this is my favorite of the series and for good reason whilst the last 2 for sure pushed the band brothers Esque theme and shared setting this one not only hits the closest but I dare say hits the best out of the series This game was very well made and still stands as a very fun title My only real criticism would be the movement & some of the shooting while the gunplay is the best its ever been in the series the movement is the worst it's been it is slow and you sprint almost as if you were playing gears of war very poorly designed for this engine and this game, in conclusion, its one of the most beautiful pieces of a ww2 setting in any form of art I cannot think of any reason to avoid playing this forgotten gem

9/10 
make a sequel plz we need a round ending to bakers story.
(Btw Theres a novelization about this game and its just as good)",True,0,0,1283,1283,0,1641003025,2022-01-01 02:10:25,21.383333333333333,21.383333333333333
"This game is my childhood memory (not quite a child). It used to require GTX280 to play smoothly and considered as hardware killer in 2008. The performance and gameplay is more in depth compared with Call of Duty: World At War at the same time. However, this game is much more realistic and reflect the PTSD of a soldier, which is extremely rare in WWII theme FPS games. In addition, this game is free from PC elements. The graphic still looks OK in 2021, and it can run perfectly in Windows 10.",True,16,0,722,637,0,1640624309,2021-12-27 16:58:29,12.033333333333333,10.616666666666667
"It looks like fun. Commanding your own platoon, having an fps/top down tactical shooter.. but is just does not work. Clearly a game intended for a console. And they try to imitate a band of brothers feeling like you are fighting a war with your close buddies, and they failed miserably. The game forces you to spend time on characters and their story and that is just not interesting. Actually, it was F----ing boring.
This game, during a sale will be like 3 or 4 euro's  so whats the big deal.
Still i recommend not buying this game. In stead, drive to an McDonalds and get a big mac. More fun for the same price that way.",False,1,3,1379,1379,0,1638977810,2021-12-08 15:36:50,22.983333333333334,22.983333333333334
"The game didn't age well. Controls and mechanics are very awkward even after rebinding my keys. The FOV is narrow and while sprinting you can barely turn your character, I can go on for a while. Only get it for nostalgia reasons when it's on sale but even then it's not that much fun. Only recommended for people who played it when it first came out.",True,17,0,383,30,0,1638753420,2021-12-06 01:17:00,6.383333333333334,0.5
"You can actually aim your iron sights realistically in this one. And your vision will tunnel and blur depending on your intended target's distance which is so nice for those with real life firearms experience. If you had to choose out of all the games in this series, I'd highly recommend this one in particular. The BAR is magnificent: no pun intended.",True,6,0,1832,194,0,1638579892,2021-12-04 01:04:52,30.533333333333335,3.2333333333333334
An amazing game that certainly deserves a sequel. Some stuff did freak me out like the hallway scene with Baker seemingly loosing his mind but the squad aspects of this game are a sight to behold.,True,1,0,1021,428,0,1638402042,2021-12-01 23:40:42,17.016666666666666,7.133333333333334
"Definitely more polished then the previous 2 titles. The story continues with Baker and company. The guns are a bit more refined but the sway and intentional inaccuracy makes it a bit annoying to play compared to todays titles. Commanding the squads was a cool feature in the series, but also a headache since the targeting mechanic can be a bit screwy at times.",True,0,0,65,65,0,1637215690,2021-11-18 06:08:10,1.0833333333333333,1.0833333333333333
"Wow, this game is the last of the BiA trilogy, it really is a shame gearbox dont care about these games anymore. The game is very underrated and honestly has to be in the top 10 or even 5 best WW2 games. Its very tactical and very satisfying to kill your enemies. It has a very emotional story and it looks like this game just didnt recieve what it deserved and thats the reason why the game franchise fell. I really recommend it especially during a sale when its cheap as peanuts.",True,0,0,624,516,0,1637187776,2021-11-17 22:22:56,10.4,8.6
"Overall, a good third instalment in the Brothers In Arms franchise. Played through it on my Youtube channel (link below) and enjoyed it. I definitely felt like the devs improved some things slightly - guns are a bit more accurate than in the previous games, without it being too much of an upgrade. I also enjoyed the inclusion of bazooka and MG teams, and the tank-driving levels made for a relaxing change of pace after the challenge of squad-based combat. For a 2008 game, the graphics also hold up well. What I liked most of all was that there was a bit more focus on the characters, particularly the protagonist Baker - it helped to flesh them out a bit.

My only complaint about the game was that a couple of the levels - particularly towards the end of the game - started to drag a bit. There's only so many times I can be tasked with destroying an 88 before it eventually starts to get just a little stale and repetitive.

But other than that, it's a good game and well worth a try.

https://www.youtube.com/watch?v=KbTazpqe9RY&list=PL05Yc3_TEBpMEktxV976KDKnnJc49R6Xw",True,0,0,765,765,0,1637093121,2021-11-16 20:05:21,12.75,12.75
"so... I have no idea what happend..but I dislike a few things here

the shooting is alright, same system with squads.

dislike:
the single jumpscare (which does make sence that he has PTSD, but F*ck jumpscares)
something about a cursed pistol?!!! it's a WW2 shooter, I don't remember anything about a cursed pistol in road to hill number 30",False,0,0,301,301,0,1636963166,2021-11-15 07:59:26,5.016666666666667,5.016666666666667
Played this game too much as a kid and its still great. The combat is pretty unique for a shooter and the scenarios are quite enjoyable from a tactical perspective. Story is great too. Just a shame they never made a sequel. 8.5/10,True,0,0,315,315,0,1636161425,2021-11-06 01:17:05,5.25,5.25
"The game itself is really ♥♥♥♥♥♥♥ good. Especially the story and characters. However, Randy Bitchford is ALLEGEDLY a degenerate cheese pizza peddler (wink wink) so ♥♥♥♥ it. Have a negative review.",False,2,1,1380,1191,0,1635511563,2021-10-29 12:46:03,23.0,19.85
"I consider myself to be a big fun of Brothers in Arms title, but I can NOT recommend ""Hell's Highway"".

Yes, that an old game, but I'm not judging based on modern standards. This game is still bad when comparing with its predecessors - ""Road to Hill 30"" and ""Earned in Blood"". If you are new to Brothers in Arms title - go and check out ""Road to Hill 30"" and ""Earned in Blood"". If you have already seen previous games, then prepare yourself for disappointment.

I've made up some sort of comparison of ""Hell's Highway"" with previous games:

I'd better start with cons:
 * bad gameplay. There is no more authentic feel like previous game had. This game feels like a game for kids (""Medal of Honor"" or smth like that). Health is quickly regenerated. Many covers do not work if you are not 'leaning' (i.e. simply crouching behind cover).
 * bad storytelling. Really. It's awkwardly awful;
 * bad graphics. I don't know why, but graphics from previous games was more appealing;
 * bad audio. Usually I don't really pay attention to this aspect, but audio effect in this game are a bit irritating and unrealistic;

Pros:
 * there are missions where you can drive a tank. This has nothing to do with realism, but still could be nice;
 * environment is a bit more destructible;
 * teams got some special weapons - MG & bazooka.",False,1,1,1059,1059,0,1632678766,2021-09-26 17:52:46,17.65,17.65
Without a doubt the most functional title of the franchise on Steam. Runs with little to no issues and is a fun 7 or so hour shooter. Still waiting on that story to be continued tho...,True,13,0,387,387,0,1632440463,2021-09-23 23:41:03,6.45,6.45
Extraordinarily long and tedious cut scenes that you can't avoid. The delay starting the game by probably 10 minutes or more and then interrupt the game throughout. Got so fed up I deleted it.,False,0,3,207,207,0,1631246999,2021-09-10 04:09:59,3.45,3.45
"Well.... this one really catched me up, it has story, gameplay, action, and good graphics for the time it came out, i really liked it, and hoping the fourth part comes out really soon, i'm gonna miss some characters and i loved others, it is a completely different thing than the before games, like road to hill, but this one has something more special, it makes you think about WW2 and all the things that happened in the heart of the soldiers, i rate a 9/10",True,0,0,442,442,0,1631222572,2021-09-09 21:22:52,7.366666666666666,7.366666666666666
"Full of weird bugs, including the final mission where, for the entire duration, neither squad fires from cover so you basically have to solo it. Plus just the normal meh gunplay, the laughably crap cutscenes, and very linear maps that don't encourage you to make the most out of the unique squad command system. 

It's a shame that the developers/publishers weren't able to turn that really cool mechanic into something amazing (the PS2 Brothers in Arms games are excellent, but unplayable on Windows 10).",False,0,0,507,507,0,1629897186,2021-08-25 13:13:06,8.45,8.45
"Probably going to be the last we ever see of this franchise, but it went out with a bang. The graphics still look good even now and the cover system fit really nicely into the formula, even if I think the original had a slight edge on it. Love what they did with controlling three squads and trying to vary up gameplay, even if some of those things fall on their face. Yeah though, if you played those first two games, you should check this out. It's fun in it's own right and you will get a kick out of some of the stuff they tried to do with a next-gen version.",True,0,0,691,691,0,1627430108,2021-07-27 23:55:08,11.516666666666667,11.516666666666667
The story is 10/10 for me. Hope they don't screw up the upcoming Brothers in Arms since I heard the developers were working it since they bought the rights from Ubisoft back in 2011/2012.,True,6,0,372,372,0,1627178622,2021-07-25 02:03:42,6.2,6.2
"I mostly liked the game. However the atmosphere is nasty sometimes. This game is almost a horror game at some points, which I hated.
Pros:
 Historically accurate. The 101st uniforms and helmets are historical. the weapons, locations, etc.
 Fun gameplay. You are a sgt(if I remember right) and can command your men and troops. each has its own strength.
 You can disable gore (mostly)
BAR go BRRRT

Cons: 
Atmosphere gets really bad, It almost becomes a horror game (you get to fight germans in a burning, dark old hospital) which I disliked. 
Disabling gore only goes so far, cutscene gore is still shown
The horror game atmosphere is followed by certian times where you are flashed with a dead child face and the ghost of your old comerade. He died in an earlier game (i think, never played the earlier ones)
",True,0,0,3231,1247,0,1626067813,2021-07-12 05:30:13,53.85,20.783333333333335
"Previously, this was one of my favourite games to play on my 360 when I was in my teens. Going back to it though, it unfortunately does not hold up. The maps are fairly small, which limits much of the tactics that can be used as there's often one fairly obvious solution to a problem. This could be alright, but there's an even larger issue that completely kills the need for any tactics +90% of the time.

I don't believe this game was designed for M+KB in any way. The game allows for pinpoint accuracy with a mouse. You are able to pick off enemies that are entrenched behind cover very easily, so you often don't need to worry about flanking or positioning at all. You'll be able to suppress German squads with just a couple of rifle shots, as you whittle them to nothing.",False,0,0,158,111,0,1625776883,2021-07-08 20:41:23,2.6333333333333333,1.85
"A 3rd person WW2 shooter more akin to Star Wars Republic Commando than Call of Duty. You can't skip the incredibly boring cut-scenes but if you stick it out there is some great tactical squad play here.
",True,0,0,441,377,0,1625419328,2021-07-04 17:22:08,7.35,6.283333333333333
"Love this game - lots of nostalgia for it. Fair warning, though: In order to get the game to launch, you will have to uninstall the PhysX drivers it has you install during the first time setup, and install PhysX version 8.0.4.25, which can be found within your Redist file, which is in the game files.",True,0,0,188,71,0,1622524568,2021-06-01 05:16:08,3.1333333333333333,1.1833333333333333
Love the game playing from a older sony Viao and it runs very good. Misse this game growing up but I love the story and for the price its a good game!,True,0,0,130,128,0,1621824910,2021-05-24 02:55:10,2.1666666666666665,2.1333333333333333
"if you own GPD WIN 2 then this game work perfect, make sure you get a proper xbox controller layout , use one from other BIA games and set lower resolution for full FPS",True,0,0,296,294,0,1620354677,2021-05-07 02:31:17,4.933333333333334,4.9
"A decent squad shooter, poor melodramatic writing, Its good if you want a laugh. It takes place during an interesting point in history; Operation Market Garden, September 1944. If you like melodrama or WW2 history, I'm sure you'll find something to love.",True,1,0,588,494,0,1619943332,2021-05-02 08:15:32,9.8,8.233333333333333
This was my first Brothers in Arms game I played the demo when i was a kid and absolutely loved it. Now what has to be at least ten years later I got the game and i cant recommend this game enough so freakin good. After beating it I looked up if there was a sequel because it kind of ends abruptly with the dreaded to be continued and I really really wish they would come out with the sequel. They would make millions guaranteed.,True,3,1,1364,801,1,1619859518,2021-05-01 08:58:38,22.733333333333334,13.35
"This is such a great game. 
In its own genre, it has no competition. Of course, with today's standards it doesn't hold up to modern military shooters - the action and the pacing are relatively slow, but where it shines is ""the feel"". It simply feels like leading a band of men into battle during the Operation Market Garden. It has the elements of nothing today's modern triple A even dare to do - story, very little nonsensical-over-the-top action scenes, no ""press F to pay respect"", GREAT and memorable characters and even brings new shooter elements (like suppression) to the table.. 

I love it and I wish for the days when Ubisoft wasn't afraid to innovate - even in genres that felt ""stale"" in its own time.",True,1,0,190,128,0,1619549023,2021-04-27 18:43:43,3.1666666666666665,2.1333333333333333
"Tedious and clunky. Your squad can't hit anything, so you have to slowly pick everyone off yourself. However, if you use cover, you are super inaccurate and cant hit anything. If you don't use cover, you die instantly. Top it off with cut scenes that don't make sense, awful lip syncing, and every character looking like a confused puppy and you have a truly disappointing game.",False,0,0,576,576,0,1619132890,2021-04-22 23:08:10,9.6,9.6
"My favorite game of the series. I believe that the addition of cover mechanics made the game much more fun and enjoyable. I honestly don't know why people don't like cover shooters, because in this game it works very well. The story is also quite interesting and sort of unique among war games. I have really enjoyed it, especially its nearly horror elements. The sequnces of the game where you play as a tank commander or the one where you are using a sniper rifle were also quite enjoyable and great for breaking up the pace. I am also very glad that this game allows you to destroy enemy tanks with explosives up close and you don't have to search for anti-tank weapons like in the Earned in Blood. I recommend this game for sure.",True,2,1,509,509,0,1618196838,2021-04-12 03:07:18,8.483333333333333,8.483333333333333
really wish we'd get a new game in this series or at least a remaster collection because a remaster is really needed for these games especially the first 2 but this one holds up pretty well as one of the best ww2 shooters.,True,1,0,1796,1087,0,1618162357,2021-04-11 17:32:37,29.933333333333334,18.116666666666667
"This game improves on its predecessor in so many ways. The graphics are much better and the commanding of squads is so much easier, I lie the guns I get to use and they shoot very satisfyingly. The story is great and I can really feel the character development in this game. I played on an easier difficulty because the last game in this series I played was incredibly difficult. The only problem I had was a part in the game where you have to destroy like 4 tanks, this part was difficult but I got by it in like 5 or 7 tries. All in all I'd give this game an 8/10.",True,6,0,1042,518,0,1617248306,2021-04-01 03:38:26,17.366666666666667,8.633333333333333
this is by far the most imursive story ive ever played ive beaten this game 7-8 times and still get teared up when i see the same thing over and over beautiful game,True,0,0,822,753,0,1617219201,2021-03-31 19:33:21,13.7,12.55
"♥♥♥♥♥♥♥♥ did this series take a sudden turn downward with this game. I bought the series in a pack and played them in order of release over 3 days, and man this one was a letdown after I enjoyed the first two. 

The only reason I got through this game is because the core aspect, carried over from the 1st two games, is still good. WW2 squad based shooter is the hook, and it's still good here. Compared to the earlier games, the squads feel easier to control and I dont feel like i need to babysit their pathing/positioning as much. 
That is good, but the rest of the gameplay took a turn towards bad. While the first two games were standard MOH/COD style FPS games, Hell's Highway introduces some absolutely godawful 3rd person cover-shooter style of gameplay. Similar to games like Rainbow Six Vegas 1 and 2 (which tbh this game was probably trying to copy), out of cover it is a normal FPS. When near a piece of cover, you press a key to ""enter"" the cover (dig-in as the game describes it), at which point you enter a 3rd person perspective. Though I got a bit more used to it as the game went on, it never felt smooth, it generally felt very clunky and frustrating. 
Now you might say ""well just dont enter the cover then, just use cover like in a normal FPS"". Well dear reader I'd love to, but unfortunately the developers practically force you to use the 3rd person cover system because when you are in first person, cover just straight up doesnt work.  You can be behind a wall, getting shot at; in 1st person, you are taking damage and will die, but press the key to dig in and your cover turns on and suddenly you are impervious to the enemy. 
Next, the aiming. The previous games are known for having inaccurate weapons, the idea being that you need to use proper flanking and suppression to take down enemies, rather than superhuman precision like in say call of duty. Having played the previous games I can say that is only partly true, if you are patient and careful you can be very effective and pick off targets, but this game is on a whole other level. Weapons in this game have typical FPS accuracy; you can reliably use an M1 Garand or K98 to take down enemies with ease from long range, have the time you can even pop their heads that stick an inch or two above their cover. 
Where in the previous games using suppression and flanking was a necessity, here it is optional. You can quite easily dome every enemy in an area from the start without issuing a single order. By the latter half of the game I had pretty much forced myself to stop picking everyone off, since i wasnt using squads, the whole damn point of the game. 
Another thing, what the ♥♥♥♥ is the grenade throw in this game? The previous games you threw grenades properly, in a nice arc. In Hell's Highway your character pitches them like a baseball, a little bit downwards and very fast. It's not terrible in 1st person, but in 3rd person from cover its awful, you have to be aiming at the damn sky to throw a grenade more than 15 feet. 
Simultaneous command of infantry squads and friendly armor, one of the coolest things in the 1st two games, is gone. Instead you have 3 barebone tank missions as a british firefly. Nothing bad to say about them really. The tank levels and gameplay was extremely simple, but that also means they didnt mess it up I suppose. Main reason they are so disappointing is the comparison to the way you interacted with tanks in the previous games. 

The sound was fine, the visuals are nice. I found going into the files and changing the FOV in the previous games simple enough, but for whatever reason it just wouldnt work with this game, even following guides, so I played through this at a wonderful 60 fov which definitely didnt improve the experience. Another small annoyance, you know how CoD 2 introduced the whole regenerating health with red ♥♥♥♥ on your screen when you are wounded? This game takes it to 11; when you are injured, literally the entire ♥♥♥♥♥♥♥ screen goes completely red, good lord it is obnoxious. 
 
The story was okay. The parts involving your relations with the main squad mates from the earlier titles like Red and Corrion were nice, but a whole part of this game was wasted on a moronic plot point with a character doing something extremely stupid and getting themselves killed, which btw is a great way for a developer to make me less sympathetic for a character. Some aspects of it are weird to me, like for instance you have a new squad member not present in the previous games (who is for some reason English, speaks with an accent and all? why is an english guy in the American airborne?) who for whatever reason is really invested in the truth of how 2 people died in the 1st game, even though he wasnt even in the squad, or even the same company at the time? He gives your character an ultimatum, reveal the truth or he will......why? why is he doing this, what is his investment, hello, writer, anyone? 

The game is short, I finished it in an evening, and the ending is almost laughable for how weird it is. The second to last level is a tough, climactic battle down the highway itself, ending with you defending a position as german infantry and tanks swarm you and the fields around you burn, until finally 30 corps comes to the rescue. It's even titled ""Hell's Highway"". 
Then the last level is a quite easy fight through some sunny dutch fields, and then the game has the last tank part, then it ends. The last bit of gameplay in the game, and you are some random tank, you arent even commanding your squad. Alright then. 

All in all, not surprised this game killed the franchise.",False,1,1,436,436,0,1616492036,2021-03-23 09:33:56,7.266666666666667,7.266666666666667
"Brothers in Arms: Hell’s Highway is one of those rare games that manage to capture the realistic emotion and sentiment that true soldiers on the front line experience. The series has always followed the 502nd Parachute Infantry, 101st Airborne Division throughout their trials and tribulations of war. Revealing the soldier’s deepest thoughts, fears, and personality development.
The majority of the story revolves around Staff Sergeant Matt Baker. You spend a good portion of the start of the game being shown flashbacks of his earlier years, as well as a portion of the stories (from other games in the series) leading up to this point. This is a definite bonus, as it gives gamers who haven’t played the earlier titles a chance to understand what exactly is going on. Baker spends a lot of his time between missions reflecting on his childhood as well as fallen comrades that he’s fought alongside. Throughout Hell’s Highway, these aspects come across as genuine, not corny. With this game, Brothers in Arms continues its standing as one of the most emotionally riveting series on the market.",True,6,0,675,630,0,1615889805,2021-03-16 10:16:45,11.25,10.5
"Gameplay is old and takes some getting used to, but it's still good and absolutely unique.
Story is good.
A great game to pick up if you are bored and want something different and short (6-7 hour campaign).",True,0,0,1978,608,0,1615503354,2021-03-11 22:55:54,32.96666666666667,10.133333333333333
"Well before play this game remember to play road to Hill30 first.Hell's Highway improve the hitbox and update few new weapons than road to hill30.Until now in 2021,I can still say its a very good game!",True,0,0,352,352,0,1613543998,2021-02-17 06:39:58,5.866666666666666,5.866666666666666
"good shoot em  Up Game like The Past Medal Honor  Games To Bad You Cant Make Your Own Maze,Mission With This Game.Even Drive A Tank In Game Would Be Nice But This Is A Older Game Maybe 1 Day They'll Make    An Editor For This Game Like Mow Assault-1 and Mow-AS-2.",True,0,0,4639,3405,1,1613019146,2021-02-11 04:52:26,77.31666666666666,56.75
"One of the best world war 2 single player game on the market, the story is compelling and the soundtrack is wonderful. The gunplay is an improvement over the previous installments. The AI can be a little strange at times, but it didn't bother. I highly recommend this game, hopefully they make a sequel because it's something we miss in this fps genre.",True,0,0,427,411,0,1611536643,2021-01-25 01:04:03,7.116666666666666,6.85
"Get ready for:
''JASPER I NEED YOU OVER THERE!''
''JASPER MOVE IT!''
''I WANT HEAVY FIRE ON THAT POSITION!''
''Get the bazooka over there.''
''GIVE THEM ALL YOU'VE GOT!''
''I want the MG over there.''
''THAT'S IT, KEEP THE FIRE ON THEM!''
''SUPPRESSING FIRE!''
''CORRION, HIT EM HARD!''

And a whole more lotta shouting.",True,0,1,1276,988,0,1610311272,2021-01-10 20:41:12,21.266666666666666,16.466666666666665
Yo im playing in 2021 it holds up today the game is great the story is gripping just buy it its cheap. if you like real war games this is for you,True,0,0,465,268,0,1610107202,2021-01-08 12:00:02,7.75,4.466666666666667
"The best ww2 games i ever played in my live there is no other game like this
It's feels so gritty and realistic, weapons have real recoil and ballistics,combine that
with awesome story you get a perfect ww2 game",True,0,0,668,137,0,1609300388,2020-12-30 03:53:08,11.133333333333333,2.283333333333333
"Band of Brothers: Hell’s Highway is an emotional rollercoaster that captures the intensity, heroism, and human cost of World War II in a way few games manage. From the opening missions to the climactic battles, the game delivers tense, realistic combat that constantly keeps you on edge, while also providing quieter, reflective moments that highlight the bonds between soldiers. Be prepared this game will tug at your heartstrings and might even make you feel like you’re “cutting onions” at times.

The game is a faithful adaptation of the HBO miniseries, translating its storytelling, characters, and emotional depth into interactive form. You step into the shoes of Easy Company during Operation Market Garden, experiencing both the chaos of battle and the human stories behind it. Dialogue, cutscenes, and character interactions are handled with care, giving the game a cinematic quality that complements the gameplay.

Combat is challenging and tactical, with an emphasis on squad-based coordination. You need to think about cover, positioning, and supporting your teammates rather than just running and gunning. The pacing of missions is excellent, alternating between intense firefights and slower, tension-building segments that enhance immersion.

Graphically and atmospherically, the game still holds up well for its age. The environments are detailed and often hauntingly beautiful, and the sound design — from distant gunfire to the cries of soldiers reinforces the tension and realism.

Overall, Band of Brothers: Hell’s Highway is a must play for fans of WWII games and historical storytelling. It successfully captures the spirit of the series, delivers compelling combat, and creates a deeply emotional experience that few games can match.",True,1,0,256,256,0,1608949498,2020-12-26 02:24:58,4.266666666666667,4.266666666666667
"I played the whole series back to back. It's not a bad game per se but something was lost in the third game. Also there is too strong of a reliance on the dig in system and if you want to play without an Crosshair it is a problem because In most cases you can not kneel behind something and aim with iron sight Because the majority of of the objects are is too small. so you are forced to spray and pray in dig in or risk taking cover old school and most likely die (yes, you could die this way in the first and second  too but much less. Previous games were hard but some what most likelyfair provided you played wisely and had some luck. not the other way around)
and why is the A.I so much dumber some times? One less thing, i hope you cared for Leggett and can care for two or three boring new characters, If not prepare to roll you'r eyes out
{Sorry for my english btw, not my first language)",False,0,0,2818,2545,0,1608068138,2020-12-15 21:35:38,46.96666666666667,42.416666666666664
"I love this game.  I like it because it is a cross between the more realistic (but sometimes boring) simulation type games, like Arma, and the more fun battlefield/CoD type games. I only play single-player campaign.  Have no idea what multi-player is like.  It's not just run and gun.  You can control your squad/s. So you get a bit more realism and strategy. Because of that, it is way more intense.  You don't have to shoot enemies multiple times to drop them - and you don't get to get hit multiple times.  So mistakes are costly.  The story line is a little cheesy, but I'd rather that, then the completely unrealistic other games.  I play those games, too, but I always come back to this one. 
I just read the discussion on this game and agree with some points made - but many of the complaints are settings you can change, so quit yer belly aching. 
Despite those complaints, this game is still heads and tails above the stupid action movie quality of CoD, Battlefield, et al.",True,0,0,599,599,0,1606627841,2020-11-29 05:30:41,9.983333333333333,9.983333333333333
"This is still my favorite WW2 shooter.  Decent story line, characters and a solid movie-style which works well.  AI is decent and can catch you out enough to make it a challenge and the graphics are more than enough for immersion.  The gore (you can turn it off) is quite advanced for the game’s age and can be gruesome at times.  Grenades literally blow the krauts to pieces.  Highly recommended.",True,0,0,4452,1650,0,1606508336,2020-11-27 20:18:56,74.2,27.5
"This game may be a classic WW2 game which would technically belong to the category of similar games, such as Cod Waw etc. The graphics are decent and there is action in the Campaign.
I simply didn't like this game because to me it didn't feel like some perspectives of the game. It didn't fulfill the expectations I usually have on any WW2 game. Then again, it has some good moments.
I only recommend to consider the purchase of Hell's Highway.",False,0,0,534,534,0,1606167543,2020-11-23 21:39:03,8.9,8.9
"I played the first and second game on the PS2 and I love it the gameplay and history. With this thrid game I was very hyped to play and was not dissapointed.
A great game with a great history! I only hope that someday they release the sequel....",True,0,0,2864,1507,0,1605091010,2020-11-11 10:36:50,47.733333333333334,25.116666666666667
I remember playing the first 2 games on the psp and to see the third installment its a huge game changer for the better I absolute love every aspect of this game. This game actually make me have a connection with the characters. Tho the multiplayer is down and didn't get the chance to play it campaign alone is amazing. Really hope they add a 4 installment in the future once gearbox stops making more border land sequels. My only complain is that I wish when one of you soldier's dies it affects the rest of the story and can not use them for later in the game. Other than that this game is 11/10,True,7,1,771,471,0,1604816092,2020-11-08 06:14:52,12.85,7.85
"I played the Brothers in arms trilogy some years ago; honestly I don't know what to say. I usually like WWII games, but I was very disappointed: the shooting feels clunky and what I mean is you can't fire right even if you aim correctly. About the squad command aspect, it was okay but still, it doesn't make the game great.

If you want to play a very good WWII FPS game, I suggest the 1st Call of duty. About the Brothers in arms franchise, it's not essential so you can step aside.",False,2,3,5,5,0,1604352582,2020-11-02 21:29:42,0.08333333333333333,0.08333333333333333
"---{Graphics}---
☐ You forget what reality is
☐ Beautiful
☐ Good
☒ Decent
☐ Bad
☐ Don‘t look too long at it
☐ MS-DOS

---{Gameplay}---
☒ Very good
☐ Good
☐ It‘s just gameplay
☐ Mehh
☐ Watch paint dry instead
☐ Just don't

---{Audio}---
☐ Eargasm
☐ Very good
☐ Good
☒ Not too bad
☐ Bad
☐ I'm now deaf

---{Audience}---
☐ Kids
☒ Teens
☒ Adults
☒ All

---{PC Requirements}---
☐ Check if you can run paint
☒ Potato
☐ Decent
☐ Fast
☐ Rich boi
☐ Ask NASA if they have a spare computer

---{Difficulity}---
☐ Just press 'W'
☐ Easy
☐ Significant brain usage
☒ Easy to learn / Hard to master
☐ Difficult
☐ Dark Souls

---{Grind}---
☒ Nothing to grind
☐ Only if u care about leaderboards/ranks
☐ Isn't necessary to progress
☐ Average grind level
☐ Too much grind
☐ You‘ll need a second live for grinding

---{Story}---
☐ No Story
☐ Some lore
☐ Average
☐ Good
☐ Lovely
☒ It‘ll replace your life

---{Game Time}---
☐ Long enough for a cup of coffee
☐ Short
☐ Average
☒ Long
☐ To infinity and beyond

---{Price}---
☐ It’s free!
☒ Worth the price
☐ If u have some spare money left
☐ Not recommended
☐ You could also just burn your money

---{Bugs}---
☐ Never heard of
☒ Minor bugs
☐ Can get annoying
☐ ARK: Survival Evolved
☐ The game itself is a big terrarium for bugs


7.9/10",True,1,0,10149,1923,0,1603255499,2020-10-21 04:44:59,169.15,32.05
"Brothers in arms continues to outdo itself with this game. The graphics and physics are updated which is very enjoyable. The story line is really interesting, and it was good to go to a different location, the Netherlands.",True,1,0,1379,1379,0,1603229079,2020-10-20 21:24:39,22.983333333333334,22.983333333333334
It's disappointing that this Brothers in Arms focuses more on the characters and less on actual stories from Operation Market Garden. The multiplayer itself is mediocre. It's much easier with all the gameplay improvements making this the easiest game in the Trilogy. This game has aged the best compared to the older titles. Excellent graphics and sound design. Very beautiful and colorful game.,False,2,1,606,606,0,1598636457,2020-08-28 17:40:57,10.1,10.1
"This is the best game of the series. The one that makes it all worth it. They truly polished everything to shine and all the gripes I had with the latest ones got evaporated.

The bird view now becomes a classic tactical map. No problem there. Your teammates are smart and respond to your orders flawlessly, they do what you expect them to and if they die it's frankly your fault. The game is no longer about having to kill tanks and tanks and they're far more manageable while still being a huge threat to everyone around them. Cover became destructible and the power of commanding a bazooka unit is really something while still all squad types having their distinct strengths depending on distance.

There are ""fun"" levels like firing with a sniper, going on a tank destroying everything, going solo on a shooting frenzy in-doors and of course the ""start with no weapons"" level. The story makes all the gameplay into a great game. When you see people you have known for three games gone forever, it sticks with you; you truly feel your demise.

The only problem I have is that there is nothing else. The game was left unfinished; the franchise was never continued and we will be left wondering how Matt Baker's journey ended.",True,0,0,604,604,0,1597726305,2020-08-18 04:51:45,10.066666666666666,10.066666666666666
"Game kind of sucks. I wasn't that huge of a fan of the first game and expansion, but this one threw much of what made the series unique out the window for stupid ♥♥♥♥ that other games were doing at the time.

The game looks fantastic. I thought the character models and facial expressions were very well done, didn't feel uncanny valley at all. The blood spurts and the ragdolls make it very satisfying to shoot nazis, and the destructible cover is a pretty fantastic addition and improvement to the series.

I didn't like much of the rest of it. For starters, they just HAD to add a ♥♥♥♥♥♥ cover system, and to top it off you shoot from third person when in cover. The third person helps when ordering your squad around but blows to shoot from. They made the guns in first person incredibly accurate when aiming down sites, so I soloed much of the enemies in the game. They tried to add a momentary sway when you first ADS, reload, or move while ADS, but it was mostly just a minor inconvenience since you could still easily snipe out the bits of germans poking out from cover once your aim stabilized. They also ♥♥♥♥♥♥ around with depth of field while ADS, blurring out the stuff in your periphery. It's all fun and games until some stupid ♥♥♥♥ three feet in front of your face gets focus and the german spraying an mg42 behind it blurs out. Even with these handicaps, I more or less ignored the small squad tactics since the weapons were so effective. I would dump my guys behind hard cover to draw fire and suppress what they could and then I would just push up solo and kill everyone and bomb all the tanks and 88s. 

The new health/damage system is an interesting idea in theory, but was also annoying. Instead of having persistent health through a mission, you die in one shot. The enemies are not super accurate, so as they ""zero in"" on you, your screen turns more and more red until the next shots they take hits you. When behind cover, their bead on you fades and you can pop out and shoot them some more. At the end of the day, it is simply obfuscated regenerating health. Pressing the cover button would magnet you to cover and let the red screen fade/health regen, but just being behind it while not in cover was often not enough and you could still die. It was stupid and frustrating. Since third person shooting blew so much the only reason I would use cover was to regen. 

Finally, the drama of the story is tiring and uninteresting in spite of the character models and voice acting being impressive. You continue to play as emo matt baker as his friends get killed around him and he starts to suffer from PTSD. The progression from one mission to the next is often tenuous and disjointed and listening to the squad mates yell at each other over stupid ♥♥♥♥ is lame. The new british guy came out of nowhere and serves no purpose other than to further the main plot that also came out of nowhere. Of course he has to sound like Captain price and have a call of duty haircut so he is very easy to hate. The missions where you solo clear buildings are so out of character for this game it was mind boggling.

In conclusion, while they added some stuff and updated the graphics that would potentially make the game amazing, the compromised what made the original compelling and different, essentially making just another barely different WWII shooter. Apparently the series died after this turning into garbage mobile games, and I'm not particularly surprised by that. Total sell out of the series.",False,1,2,340,340,0,1597377697,2020-08-14 04:01:37,5.666666666666667,5.666666666666667
"nostalgic, and honestly a great storyline by my standards. i am disappointed that the next part was cancelled and they did the mobile game route, but the game is still a decently fun playthrough",True,1,0,3522,2576,0,1597111097,2020-08-11 01:58:17,58.7,42.93333333333333
"It's one of my all time favorite games, if you like tactical shooters then this is for you. The story overall is pretty good and the locations make for some interesting gunfights, the tank sections are well made but In my opinion it still holds today has a good game to play",True,0,1,334,334,0,1596947474,2020-08-09 04:31:14,5.566666666666666,5.566666666666666
"Fantastic story and great gameplay that still holds up to this day. One of, if not, THE best story based WW2 game to date.

100% Recommend to players who like WW2 Based shooting games.",True,0,0,473,361,0,1596306540,2020-08-01 18:29:00,7.883333333333334,6.016666666666667
I remembered seeing this game a long time ago on Xbox 360 and wanting to play it. after finally playing I would warn that the game graphically looks dated but still is quite engaging on gameplay. The story is a bit fragmented in the earlier parts but this is the last game in a trilogy. it also holds a really good moment that still holds up today in regards to its depiction of PTSD. its a worth a purchase if only to experience a piece of history.,True,2,0,393,393,0,1596164344,2020-07-31 02:59:04,6.55,6.55
those darn cutscenes man  they are too long the 3rd cutscene was like 12 minutes long the game is ok i guess but could have done without the long cutscenes also the difficulty could have been a bit easier other than those tgings the game is ok not great just ok,True,0,0,197,7,0,1595841719,2020-07-27 09:21:59,3.283333333333333,0.11666666666666667
"Can't say it's bad, follows well the saga Brothers in Arms and its gameplay. The fact you can destroy obstacles and sandbags or zook a window is really nice. However Hell's Highway seems much easier than the previous games. The last mission in the tank was pure Yolo. Also in Earned in Blood you could do various single player challenges of different kinds which extend a lot the game life but in this one ? Nothing. You get multiplayer but that isn't on the same level as those challenges we were offered. And multiplayer is pointless years later. Play it, finish it, forget it.",True,0,0,675,675,0,1595348147,2020-07-21 16:15:47,11.25,11.25
"Some of the best WW2 oriented games you will find. Quite authentic. You can and to some extent MUST command your squads so you don't   d i e, quite fun. 

10/10, would acidentally blow myself up with a satchel charge again.",True,0,0,1132,891,0,1595081739,2020-07-18 14:15:39,18.866666666666667,14.85
"For WWII fans who like grittiness and intuitive gameplay, this is one of the best shooters in its class.

- Cinematic storytelling
- Gorgeous color grade
- Fantastic soundscape
- Intuitive squadplay and realistic gunplay

My favorite is using the M1 Garand or the Kar98k, both have a very satisfying sound library and animations.

Overall, this is a game that would not disappoint. 

On the downside, unless you get into a very niche clan that plays this in multiplayer, the playability of this ends right after you complete the campaign. It's a good game, but kind of a one time deal. Overall for the price at the time of writing which is RM35, it's a fair buy, maybe slightly overpriced. It is an old game after all.",True,0,0,405,405,0,1594373818,2020-07-10 09:36:58,6.75,6.75
"Brothers in Arms: Hell's Highway is a brilliant game, it remains as one of the only WW2 shooters that focuses on the gritty reality and morality of the second world war, and the story is incredible.",True,3,0,303,247,0,1593797401,2020-07-03 17:30:01,5.05,4.116666666666666
"I loved this game when it first came out and I still do. The port to PC is great, surprisingly. I had to rebind a few buttons but it's pretty solid.",True,0,0,41,41,0,1593190214,2020-06-26 16:50:14,0.6833333333333333,0.6833333333333333
"*Normal Difficulty: 6 hours to complete.
*Multiplayer: Servers down.

Brothers in Arms: Hell's Highway is the continuation of the Brothers In Arms series following the events that took place in Road to Hill 30 and Earned in Blood. 

If you haven't played this series, I would like to say: It is not the normal run and gun WW2 shooter. Brothers in Arms has a stellar squad command system, where you as the player are responsible for moving your teams (firing team, assault team, etc). Additionally, the game uses realistic maneuvers such as flanking your enemy with one team, while the other team is laying down suppressing fire. 

The improvements compared to the previous games are mass. The squad control component of the game sees some great additions in this title. For example, you are able to control MG teams and bazooka teams in additional to your normal firing and assault teams. Also, objectively, the game looks absolutely gorgeous in comparison to the previous titles in series. Similarly, the AI squad characters are a lot smarter in this game compared to the other games (Dont @ me). 

The gun play has increased significantly. The guns are still not accurate like the previous games, but they are not absolutely useful as they felt in the two previous games. This is mostly attributable to the improvements in technology at the time of the game's development. However, I will say that the key binding by default are kind of disgusting, but after a while, they do get more comfortable. I would recommend editing your binds to whatever feels most comfortable to you.

OH! And there is now a slow motion affect sometimes when you get a one shot headshot on an enemy or if you get a few enemies with a grenade. It is pretty cool, but sometimes it can get annoying when you are in the thick of it, and you have to slow down to watch the brains fly out of a german soldier's head.

The game's story continues right after the events of the first two games. Now, Matt Baker and his squad drop into occupied Holland during Operation: Market Garden. The story is packed with emotional scenes and a really bizarre conspiracy of Matt's silver engraved pistol that was given to him by his father. Additionally, a lot of the major plot pieces within the game are connected to past events from the previous games. With this, I would strongly recommend playing those games before playing this one. The cut scenes in this game are pretty great too. They really add to the character development. 

Speaking of character development, I think that is one of the biggest strength of series. The developers of this title really put time into making relatable characters in order for the player to get engulfed by the series. 

If you are a fan of WW2 shooters, I would definitely recommend this title for you. Furthermore, I would also recommend buying it during it a steam sale. I believe there is typically a bundle of all the games for under $15. 

It is a WW2 shooter that stands out from the saturated market because it adds a specific mechanic that many games simply cannot replicate.",True,0,0,609,609,0,1593017427,2020-06-24 16:50:27,10.15,10.15
"---{Graphics}---
☐ You forget what reality is
☐ Beautiful
☐ Good
☑ Decent
☐ Bad
☐ Don‘t look too long at it
☐ Paint.exe

---[Story]---
☐ It doesn't have
☐  Bad
☐ Average
☑ Good
☐  Fantastic
☐  Make your own story 
☐  Its multiplayer what did you expect 

---{Gameplay}---
☐Very good
☐ Good
☑ It‘s just gameplay
☐ Mehh
☐ Starring at walls is better
☐ Just don‘t

---{Audio}---
☐ Eargasm
☐ Very good
☑ Good
☐ Not too bad
☐ Bad
☐ Earrape

---{Audience}---
☐ Kids
☑Teens
☑Adults
☐ Humans

---{PC Requirements}---
☐ Check if you can run paint
☑ Potato
☐ Decent
☐ Fast
☐ Rich boiiiiii
☐ Ask NASA if they have a spare computer

---{Difficulty}---
☐ Just press ‚A‘
☑ Easy
☐ Significant brain usage
☐Easy to learn / Hard to master
☐ Difficult
☐ Dark Souls

---{Grind}---
☑ Nothing to grind
☐ Only if u care about leaderboards/ranks
☐ Isnt necessary to progress
☐  Average grind level
☐ Too much grind
☐ You‘ll need a second life for grinding

---{Game Time}---
☐ Long enough for a cup of coffee
☑ Short
☐ Average
☐ Long
☐ To infinity and beyond

---{Price}---
☐ It’s free!
☑ Worth the price
☐  If u have some spare money left
☐ Wait for that SALE drop
☐ Not recommended
☐ You could also just burn your money

---{Bugs}---
☐ Never heard of
☑ Minor bugs
☐ Can get annoying
☐ ARK: Survival Evolved
☐ The game itself is a big terrarium for bugs
☐ Fallout 76",True,0,0,309,309,0,1592833449,2020-06-22 13:44:09,5.15,5.15
"The authors created a cinematic experiance, which is very good... but there should be an option to skip the cut-scenes. 
After changing the key binding i must say this is an enjoyable shooter... and overall very good experiance (just like every title from the series). Played in 2020 its still fun. I wish Gearbox will continiue the story one day. 
",True,0,0,44,44,0,1590591781,2020-05-27 15:03:01,0.7333333333333333,0.7333333333333333
"Hell's Highway is a WW2 tactical shooter that makes several improvements from Earned in Blood. It gets rid of the health bar system and goes to regenerative health system. The game overall looks better, but I think the main improvement is to the gameplay. The weapons are far more accurate which allows for you to play as a more traditional shooter instead of commanding your fireteams in every single engagement. 
The best part of this game is the storytelling with cutscenes that transition well into the gameplay. It's not very often in shooters where more complex things like PTSD, guilt, and dealing with loss are incorporated into a story. 
Overall the gameplay is fun and the story is excellent. Well worth giving a shot.",True,0,0,444,444,0,1589819850,2020-05-18 16:37:30,7.4,7.4
"Been a long time fan of the Brothers In Arms series ever since my dad brought home Road to Hill 30 for the original xbox and I would watch him play over his shoulder instead of doing my homework. This is the 3rd installment in a great series of tactical squad based shooters and I really hope it's not the last. Visually it's the best of the 3, it has new gameplay elements like a weapons team and being able to control 3 teams at once. If you like tactical shooters and games that make you think i highly recommend this game and its predecessors. However I think Earned in Blood is the best of the 3 games.",True,0,0,2948,561,0,1589517875,2020-05-15 04:44:35,49.13333333333333,9.35
"From singleplayer point of view this is a great WW2 tactical game. Levels allow versatile movement and if you adjust to situation you will win the battle. AI is defensive, I will see how it is when I will play second time on hardest difficulty, hope they will try to outmaneuvre me.
Story itself....well...believable story if I think of the ""main gun"" part. Operation Market garden was risky but it could lead to early war end but it went wrong. 
I think that voice acting is OK but poorly incorporated in game cutscenes. Guns sounds are believable, as well as handling.
For me as a fan of serie this is a great game.",True,0,0,473,184,0,1588708140,2020-05-05 19:49:00,7.883333333333334,3.066666666666667
"Last 11 years ago me to this game (crack bcoz of my region (Myanmar))>>> I like this very much.
Now me (6th May 2020) buying this game (Myanmar developing)>>> I like this very much.",True,0,0,327,127,0,1588698092,2020-05-05 17:01:32,5.45,2.1166666666666667
"This game, and the entire franchise really, is absolutely amazing. It really tells a ""Band of Brothers"" esc story. Over the 3 games, you really learn to love the characters and how much personality they all have. They act and sound as actual soldiers do. The setting really shows you what World War 2 Europe looked like, and how Operation Market Garden went. The game play, though a  bit dated, is extremely fun once you get the weird button layout down. I cannot recommend this game enough. It will not disappoint.",True,0,0,462,274,0,1588606724,2020-05-04 15:38:44,7.7,4.566666666666666
If they put as much effort in the game as they did into the un-skippable cut scenes the game might be better. Just a bunch of bad acting voice lines really,False,0,1,1017,738,0,1588450726,2020-05-02 20:18:46,16.95,12.3
Very enjoyable sequel with a decent story that carries over from the previous games. Tactical gameplay is easier than the first two BIA but still fun. Only gripe is the horrid FOV that doesn't play well on widescreen. 7.5/10!,True,0,0,310,274,0,1588318120,2020-05-01 07:28:40,5.166666666666667,4.566666666666666
"ATMOSPHERIC WAR GAME

It works perfectly in 2020 over Windows 10 and new hardware. Only that aspect can tell you there's something very well done in the design and programming of this game. 

The graphics have got a little old, this game was impressive in its time, but still, they work, you get transported to war. The physics with explosions and dismembered limbs also brings us back to a time where gore was still acceptable when serving the purpose of realism.

A well-done game, funny, intense, somewhat realist in its depiction of war and death, and most important, high-quality design that still works flawless 12 years after release.

8/10 - War with a twist.",True,4,0,1352,571,0,1588066264,2020-04-28 09:31:04,22.533333333333335,9.516666666666667
"Finished the game again for my 5th or so time. Aside from the original Medal of Honor on PS1, this is my all time favorite WWII FPS. Very engaging. Solid story line with great voice acting. A shame that this franchise cancelled from further sequels.",True,14,0,5962,4717,0,1587649226,2020-04-23 13:40:26,99.36666666666666,78.61666666666666
"This game does get a lot of hate yes, but in my opinion, this is an excellent game. I've gotten it years ago in the boxed version, played it through, and got it again for myself. I love the dynamics and overall feel of combat this game provides. It certainly adds to my best list of WW2 themed games.",True,0,0,537,91,0,1585320608,2020-03-27 14:50:08,8.95,1.5166666666666666
"I went into this knowing it was worse than the older titles in the series.

I was still let down.

They turned perhaps one of the greatest FPS games of all times, into a cover based shooter. Where your squadmates being killed mid firefight basically has no meaning or value. 

Remember in Road to Hill 30 when your heart would sink as you heard that MG42 open up? Well it doesn't matter anymore since your squad will just get back up at the next checkpoint!

The fact that I'm hitting a German in the head with my Garand doesn't mean anything since he's 'in cover'. That the Germans sprinting into cover are now invincible because they're sprinting into cover. 

What an absolute disaster and sad way to kill off one of the greatest game series' of all times.",False,2,0,44,44,0,1585130498,2020-03-25 10:01:38,0.7333333333333333,0.7333333333333333
"I played BiA Road to Hill 30 on the original Xbox then its addon Earned in blood on PC, and two days ago i've started BiA Hell's Highway. Now that I've finished it I'm writing this comment. Is it a good game? Well, that depends. Did you like the first BiA and the tactical FPS games in general?   If so, this game is for you. Sure graphically this game is quite ugly, even when he's been released on Xbox360, but who cares?",True,0,0,1190,657,0,1584982306,2020-03-23 16:51:46,19.833333333333332,10.95
"Alot of typical ubisoft garbage in the game like stupid controls, poor optimization, very long unskippable cutscenes every few minutes and a locked FOV of 20%. Buy it at 85% off if you really want the nostalgia, or just go watch it on youtube.",False,0,0,334,157,0,1584083860,2020-03-13 07:17:40,5.566666666666666,2.6166666666666667
"[h1] Brothers in Arms: Hell's Highway™ [/h1]

=== [Player Base: ] ===
☑ Casual players
☐ Hardcore players


===[ 👪 Audience: ]===
☐ Kids
☑ Teens
☑ Adults
☐ Everyone
☑ Mature


===[ 🌏 Story] ===
☐ Doesn't have it
☐ Bad
☐ Average
☑ Good
☐ Fantastic


===[ 👀 Graphics: ]===
☐ Really bad
☐ Bad
☑ OK
☐ Good
☐ Beautiful 
☐ Masterpiece


===[ 🎯 Difficulty: ]===
☑ Easy Peasy
☐ Easy to learn but hard to master
☐ Medium
☐ Hard
☐ Dark Souls


===[ ⏰ Game time/length ]===
☐ Really short ( 0 - 4 hours)
☑ Short ( 4 - 12 hours)
☐ Average ( 12 - 18 hours)
☐ Long ( 18+ hours)
☐ Endless


===[ ☣ Requirments: ]===
☐ Toaster
☑ Average
☐ Solid Medium
☐ High end
☐ Unoptimized


===[ 💎 Price ]===
☑ Full price
☐ Wait for sale
☐ Don't do it
☐ Free


===[ 🐞 Bugs ]===
☐ Game itself is a bug
☐ Lot of bugs
☑ Few Bugs
☐ Nothing

TOP 3 FUN THINGS TO DO:
⭐️Commanding.
⭐️Using WWII guns.
⭐️Controlling a tank.

THE UNIQUES:
💎 Classic guns.
💎 Educational.

PLAYER GAMING REQUIREMENTS:
💼WWII.
💼FPS.
💼Action.

VERDICT:
This follows on from Road to Hill 30, I've been really enjoying this series but sadly the game got cut after this one due to low profits. I can see why but that doesn't make this a bad game, it shows that not only solider's are fighting in this war but in fact civilians too. The tactical side to this game was lost this time which is what made the last two games, it wasn't a total disaster though, the story saves this game overall. I almost produced tears several times and to me, that's what a good story is all about.
Total Score = 70/100.

SIMILAR GAME LIKE THIS? / REVIEWER PREVIOUS EXPERIENCE:
Brothers in Arms series. , Arma

GAMEPLAY:
The game is the third installment in the Brothers in Arms series. Brothers in Arms: Hell's Highway follows the men of the 101st Airborne Division (502nd Parachute Infantry Regiment) in the later stages of World War II, during Operation Market Garden in the Netherlands, with the player returning to the role of Staff Sergeant Matt Baker (based on Harrison C. Summers) from the previous titles in the Brothers in Arms series.

■■■■■■■□□□ 7 / 10
Shame that this couldn't continue.

Review to Brothers in Arms Road to Hill 30: https://steamcommunity.com/profiles/76561198202022263/recommended/15190/

Review to Brothers in Arms Earned in Blood: https://steamcommunity.com/profiles/76561198202022263/recommended/19800/",True,27,3,477,477,0,1583059483,2020-03-01 10:44:43,7.95,7.95
"Brothers in arms to me is a mixed bag of hit and miss, or sweet and a little sour. Sour as in the graphics of the weapons are a little rough, and the multiplayer servers are no longer  available.(No multiplayer) Also  the linear scripted AI coming at u in small under whelming  groups  of ""few at a time""  during each triggering of the level gives for little depth in there defence and some what easy resistance. Also  lack ""of exploration and routs in  the environment when engaging and flanking the AI... linear levels. ""Now for the sweet,""The handling and firing of the weapons are very satisfying, as well as the sound effects of them. The  sweet slow motion gory  kill cams, for head shots and grenade kills are brilliant too! The realistic death animations of the enemy AI are awesome. especially at close range  when flanking or straight up going lone wolf  and engaging at  point blank range with guns blazing. The sound effects  and again especially of the weapons are very satisfying. I rate this game a 7/10:)",True,0,0,977,329,0,1582292148,2020-02-21 13:35:48,16.283333333333335,5.483333333333333
"Terrible FOV you cannot fix all the way, mouse aiming and movement sucks. The guns feel the best in the series, which is funny because they're still not amazing but this is Gearbox so you can't have everything. The worst offender of this game is that it ends on an unresolved cliffhanger, so if that bothers you... yeah.",False,1,0,508,508,0,1580624070,2020-02-02 06:14:30,8.466666666666667,8.466666666666667
"I played this game when I was grade 10. It is absolutely great game for the WW2. Past, i played Call of duty 1 and 2. But this BIA is diffierent, if COD is just shoot and run, BIA will be shot, run and lead your teams. If you are a fan of WW2 game, should pick this game and play.",True,0,0,685,235,0,1580026332,2020-01-26 08:12:12,11.416666666666666,3.9166666666666665
I love this game. Have played it through  many times over the years. Nothing else has captured the squad/cover/suppress/flank mechanics that game has for me. I revisit it at least once a year,True,1,0,1460,1415,0,1579837562,2020-01-24 03:46:02,24.333333333333332,23.583333333333332
"A really good game which I highly recommend. It surpasses the previous two games.
Contrary to what other people said I think the graphics are really good for a game from 2008. It can pass as at least 2011. The gameplay is good and the story as well and they finally fixed the aim.",True,0,0,699,699,0,1579547739,2020-01-20 19:15:39,11.65,11.65
"A Great End to the Brothers in Arms Trilogy. One of the few WWII games I've played that actually explores the taxing toll that the war put on not just the soldiers fighting, but the civilians too, 

Great Dialogue and banter between your squadmates, as well as good overall writing of the story combined with interesting and visually pleasing missions make Hell's Highway a definite purchase for anyone who is interested in WWII or just good stories in general",True,6,0,1173,797,0,1579033423,2020-01-14 20:23:43,19.55,13.283333333333333
"Oddly enough this game still holds up for being a great, squad game-play in the setting of WWII. You will miss the other two games before playing this, Brothers In Arms Road to Hill 30 and Earned In Blood. The graphics are out of date, but I believe those games are worth playing too before getting Hell's Highway.",True,0,0,1042,775,0,1578592996,2020-01-09 18:03:16,17.366666666666667,12.916666666666666
Enjoyable WWII experience through and through. It's a tactical team based plan and execute kind of game. It feels a little bit clunky but the pros far out weigh the cons. I really hope GearBox makes another true BIA game some day.,True,0,0,908,908,0,1577985844,2020-01-02 17:24:04,15.133333333333333,15.133333333333333
"Not as difficult as the first two games in the series, but makes up for it with improved gameplay, graphics, and storytelling. Overall still a solid historical FPS set in World War II that's aged well. Only real criticism I can give are some gameplay glitches here and there.",True,4,1,910,521,0,1577785057,2019-12-31 09:37:37,15.166666666666666,8.683333333333334
"This basically plays like Rainbow Six Vegas, with more squadmates and in WWII. The graphics in my opinion are just fine. I really like the vivid color scheme that stands in contrast to a lot of the grey, grey and brown military shooters like it. I didn't enjoy the first two games as much because the weapon sway for aiming was a bit much. In Hell's Highway I feel like I can actually hit the broad side of a barn, which is awesome for me, maybe less awesome to those who liked the ""realism"" of weapon sway. I think it pretty much holds up, any tactical shooter fan who's played games like Rainbow should really like the combat options here and I think those who like WWII games in general MUST play this. Won't give it a score but it's a really fun game.",True,0,0,993,239,0,1577645422,2019-12-29 18:50:22,16.55,3.9833333333333334
"BRING THIS SERIES BACK!!!
I remember buying Road To Hill 30 on release day for my OG Xbox, waaaay back in the day. I was blown away by the presentation and the acting, and being able to command a squad similarly to Rainbow Six BUT IN WW2! Ever since then, I bought and played any game in the series I could get my hands on, even the mediocre Sony PSP adaption.

I remember the agonizing wait from the time Hells Highway was revealed, until it finally launched. Pouring over every article, watching every interview and development doc, painstakingly patching together all the best pre-release screenshots into a custom desktop wallpaper using Microsoft Paint. 

Needless to say, I was a die-hard fanboy of the franchise.

Hells Highway finally launched, and being a broke f***er who couldn't afford a decent PC, I bought it on Xbox 360. I even still have the little Matt Baker action figure that came with my collectors edition pre-order. I was blown away by how much the technological leap the new hardware had improved the series. The graphics were amazing, the voice acting and character designs were spot on. I was hooked. I even played the multiplayer mode for the all of 6 months it had an actual multiplayer community to play with. I've beaten the game on every difficulty, and almost had the max achievement score, minus some of the stupid multiplayer ones that were basically impossible to get after a while.

Years later, I finally built my first gaming PC, and this was one of the first games I bought on my Steam Account. I'm impressed by how well the game still holds up visually. Obviously age has made it a bit rough around the edges, and the character models don't look as good as they did through my rose-tinted goggles. But compared to other games from the same time, the art style has certainly spared it some of the ravages time has done to other games.

The simple squad command system is still serviceable and intuitive enough not to cause many problems in minute to minute gameplay. The gunplay feels as smooth as it ever did, and the killcam you get for that perfect grenade throw into a squad of squishy German soldiers is still one of the most satisfying things in any game ever. The gore effects remained unmatched for the most part until very recently, so that's a plus.

All-in-all, this game is a hell of a ride, and while it's definitely showing it's age graphically, as the old saying goes:

""They certainly don't make them like they used to.""

Now if we can just get Randy Pitchford to stop dropping USB sticks full of company secrets and squirt porn in restaurants, and stop pretending like Borderlands is the only IP Gearbox owns. Maybe one day we'll see the return of Matt Baker and the rest, and get the conclusion to that over decade old cliffhanger this game ends on.",True,22,0,244,82,0,1576185674,2019-12-12 21:21:14,4.066666666666666,1.3666666666666667
This game is kind of like an interactive movie. Scripted and heavy on story. That's a shame because the combat mechanics are actually pretty fun and the weapons are satisfying. Worth playing if it's cheap.,True,2,0,1330,1329,0,1574560795,2019-11-24 01:59:55,22.166666666666668,22.15
"Not as difficult as the first two games in the series, but makes up for it with improved gameplay, graphics, and storytelling. Overall still a solid historical FPS set in World War II that's aged well. Only real criticism I can give are some gameplay glitches here and there.",True,11,0,2587,1123,0,1573177556,2019-11-08 01:45:56,43.11666666666667,18.716666666666665
"The story in this game makes it next to unplayable and several scenes in the game lose the entire strategy mechanic altogether. If you only play one Brothers in Arms game, make it this one. It has the most features and strategic options, the squad mechanics are expanded upon and cleaned up. The first in the series is the best out of all 3 in terms of story and how it introduces the strategy mechanic but this is the prettiest with the most strategic options.",True,1,0,776,559,0,1571936440,2019-10-24 17:00:40,12.933333333333334,9.316666666666666
"To give a little background, I had played most of the WWII shooters of the early 2000's when I was a kid. I loved them. I first played THIS game in 2010 and didn't enjoy it as much. However I have changed my mind, the gameplay has an amazing grasp on fire and movement tactics. Suppress those krauts and move your other squad closer to either keep them suppressed or kill them. 

For most weapons you get 10 to 20 mags (yes I meant MAGS), at first you might think that's a lot until you realize you aren't meant to kill the enemies outright, only suppress them so you or one of your squads can move up and flank them.

Now, animation and voice acting. You will not get either of these. Character expressions are limited to only a few cutscenes and voice acting is bad because it doesn't line up with the animations. However the different characters in combat have voice lines that work well and is also nice because you don't have to see them. The most egregious act of treachery on my eyes has to be the Sherman Firefly that you play multiple times in the story. It looks like they didn't even try to find a photo of a Sherman, let alone a Sherman Firefly, and just winged it. I'm sure the measurements for Shermans were widely available in 2007-08. But what ever. 

Story? The average WWII story, ""Punch the Nazis out, Punch them back to Berlin, Punch Hitler in the Face, Win the war, and be back home by Christmas."" Oh, and Matt Baker loses his ♥♥♥♥♥♥♥ mind. 

Overall, Gameplay is the strongpoint of this game and is worth it if you can pick it up on sale. 

My opinion: 7.5/10 Would remodel the Sherman Firefly.
",True,1,0,533,442,0,1569959551,2019-10-01 19:52:31,8.883333333333333,7.366666666666666
"Having played all three, so far available, Brothers in Arms games I can say this one feels and plays the best, it's much more story oriented too, with longer cutscenes which also appear more frequently. The best upgrade over the prequels is the enhanced gunplay, tank missions and an actual cover system. Other than that the game still plays the same with focus on using teams in order to suppress and flank the enemy. If you haven't tried them yet I suggest you do, because they offer something other similar looking games don't.

",True,1,0,291,291,0,1569185523,2019-09-22 20:52:03,4.85,4.85
"It's one of the best WW2 FPS games out there and, one of the best underrated WW2 FPS games out there. I have played it for the most part, and I really liked it - it's not that bad, at all. The graphics are good, but not great, with great particle effects, and the level design is good - the gun-sound design is decent, but not great, or good. So, I would recommend this game, as this Steam PC version stands as the crown jewel version of the versions. So, get it! You won't regret it! 

Overall Score: 75 %",True,1,1,24,13,0,1567922727,2019-09-08 06:05:27,0.4,0.21666666666666667
"Nostalgia gameplay!

Few Positives and head ups for gamers who are interested about this singleplayer experience: 
So I played the previous Brothers in arms games recently and this was the roads end. You continue the story at the beginning of the Operation market garden in the Netherlands 1944. Playing as the Sergeant Baker who was the main protagonist in the Road to hill 30 which was the first game in the franchise. 

So now that we have the introduction out of the way! here are the pros & cons.

Positive: 
+ Combat stayed pretty much the same as the rest of the BIA games, Hells Highway introduced this tactical third person cover mechanic but all in all the game still used alot of cover to cover realistic firefight situations. Commanding the group works even better with the third person cover mechanic. 
+ Graphics and sounds and the atmosphere were fine. 
+ There are the iconic WW2 guns which look and sound nice. 
+ Better iron sight view compared to the earlier BIA games.
+ Commanding multiple squads give you the nice feeling that finally you aren't the only one against the enemy army. 
+ Compared to last game in the series It is nice that they gave some new surroundings to fight in like the church. 
+ Enemy soldiers in the normal firefight situations had a pretty decent AI. For example they react to flank strikes and move to another position etc...
+ Grenade throwing was way better in this game compared to the earlier ones.

Before we go to my list of negative things. Don't get me wrong! Even if it has a lot minus points below I did mostly enjoy the game and the overall gameplay was nice and smooth. There were just some things and they are below this:

- First of all like the rest of the BIA games the missions are pretty repetitive. Wipe out enemy soldiers, Wipe out enemy tanks, Destroy enemy Flak 88's etc... When you think about it you cant really blame too much about this because ofc its realistic when its about WW2 and there aren't anything that special to do in war anyways, but there were some stupid situation like where you have to do some sniper work to protect some random kid running around with a pistol or play as a British tank commander and kill tons of brain dead German soldiers, while it was enjoyable to just destroy everything it felt stupid at the same time.
- Enemies all just felt the same. Its pretty much: The normal Riflemen, Machine gunners, and the SMG NCO's. They all eat bullet the same amount (Which is good.) but even tho they go from Wehrmacht Heer soldiers to elite Luftwaffe paratroopers they don't act any differently like for example they don't have any special abilities or different squad based tactics which is kinda lame, but mostly I would have wanted the oldschool intelligence report in the strategic view that showed what unit or enemy you are up against. Its was a nice touch on the last games.
- Especially in the tank maps the AI was really brain dead. Tanks didn't move, Soldiers ran in the open field and tried to shoot your tank with a rifle... I mean its just stupid.
- (And here we go...) Some of the cutscenes and voice acting were just cringe and the game tried a bit too hard to be some Band of brothers type of story, but I just really never got that invested on the storyline. Same goes with the rest of the series.
- Enemy soldiers didn't throw grenades in this game? I don't know if they only throw them on the hardest difficulty but it was a nice touch in the earlier games.
- Earlier BIA games had a health bar with no health items and it made the game hard on the late game. Meanwhile this game has this modern ""call of duty style red jelly"" death cooldown coming to your face until it covers the whole screen and you die. So you have to duck to cover and wait until it goes away. I don't like this, its boring and it kinda makes the game easier.


Summary:
I found this game pretty decent, but enjoyable. Its pretty unique with its suppression guns fight and squad leading gameplay, but it just falls flat in some parts. I'd say its a Solid 60/100 like the rest of the series. 

All in all the game is totally worth the money if you buy it on it own or just all the three games like I did (10€, 15€). Especially if its on sale. for all those WW2 kids out there buy this series and enjoy the gameplay.

FIX: the score rate from the old 1 out of 10 to 1 out of 100 to scale and rank it better.",True,3,0,339,339,0,1567708277,2019-09-05 18:31:17,5.65,5.65
This game has an absolutely beautiful story and interesting gameplay mechanics. I highly recommend it if you like WWII shooters and story heavy games. I hope there's a follow up game soon,True,2,0,561,561,0,1567373737,2019-09-01 21:35:37,9.35,9.35
"Man, if you like a cheesy and nonsensical story that tries really hard to be a movie and fails spectacularly, this is for you. Also the core gameplay is actually extremely fun. 

Pros
+ The game knows what it wants to be. You never really worry about ammo, for example your squad can shoot as many rockets as you want etc. because it supports the fun of the game. It's not trying to be realistic in those areas and so it succeeds really well with providing you with something different.
+ Ordering the troops around is really fun. They are useful against enemies and whenever you mess up, it's clear and feels earned.
+ The level design is generally really functional
+ The different enemy and friendly squad compositions work really well
+ The challenges presented using different weapons is fun and interesting
+ The suppression mechanic works alright
+ The environment has destructible properties which you can use against enemies but also need to consider when commanding your squads

Neutral
- Some of the story moments make you facepalm due to stupidity but others make you laugh out of stupidity
- The game tries so hard to be a movie at times that it becomes comical. For example you're assisting a boy with a sniper rifle, almost shooting germans who are about to kill him,  then get distracted by an airplane that flies over and have a panned camera shot over that. Then you have a rescue operation where 2 squads and a tank try to free to kid from a hotel where he is trapped with germans. It makes no sense, it's brilliant.

Cons
- The visuals aren't really top notch anymore of course
- The Kilroy stuff feels like a stupid addition to the game. It's a fast paced game, pixelhunting feels just pointless. Luckily this is optional
- This game has the worst grenade throwing mechanics I've ever seen. You throw it with your left with a realistic arc where it actually starts from the left of the screen and starts moving towards the center. You always need to mentally stop and remind yourself that you cannot throw from areas where the left part of the screen is blocked, otherwise it just hits the wall immediately. Also the range and arc takes a lot of getting used to. You never really succeed throwing them on longer distances


The cons of the game are extremely minor in nature though. It has no fundamental issues.",True,1,0,575,274,0,1565167154,2019-08-07 08:39:14,9.583333333333334,4.566666666666666
"Recommended if you like: 
* linear game-play that presents you with lots of nasty, but not terribly bright enemies to shoot.
* fantasy rather than historical accuracy

Not recommended if you enjoy:
* open world game-play
* problem solving
* tactics (you have limited control over 1 or 2 squads of dunces ... but on maps the size of a 
  handkerchief this 'tactical' ability is rather wasted)
* historical accuracy.

Summary: get it when it's on sale, it's mostly fun with a few great chapters and a few frustrating bits.

Oh, and there's a bonus: if you finish the campaign you can replay the chapters without the overlong, corny cut-scenes!",True,4,0,696,598,0,1563654421,2019-07-20 20:27:01,11.6,9.966666666666667
"This game did well.
Thanks to developer for making such a good game like this.

The story, I can't say much about it. You should play it and you'll understand why I fell in love with this game.",True,1,0,715,715,0,1563405388,2019-07-17 23:16:28,11.916666666666666,11.916666666666666
"Solid story. Really enjoyable. It doesn't have much replay value other than finding all of the recon points and collectibles.

The AI can be stupid and will sometimes run out in the open when ordered somewhere.

I 100% recommend it if you're looking for a game with a good story. It's around 7 hours long, depending on the difficulty.

Sadly, the story ends on a cliffhanger. I doubt we'll see the conclusion, but one can hope.",True,1,0,452,452,0,1563050567,2019-07-13 20:42:47,7.533333333333333,7.533333333333333
"After coming back to this game, anyone can realize how weird and how ♥♥♥♥♥♥ the controls are. Not only that, but the animations are off, and the voice acting is hilariously cliche and bad. Even though this game has been destroyed by time, its still amazing to play after more than a decade. There is absolutely no reason to come back to this game unless you wanna discover what games were like and how beautiful they were a decade ago.",True,0,0,36,35,0,1562312137,2019-07-05 07:35:37,0.6,0.5833333333333334
I cannot recommend this game enough. It has its own spin on combat and honestly for its age the graphics and mechanics are great. This is genuinely my favorite game of all time. The story is compelling and I truly hope that they do finish the series. Pick this game up and feel the connection between the characters and the story.,True,0,0,1032,1032,0,1562036274,2019-07-02 02:57:54,17.2,17.2
"I wrote 500+ words about how good this game is and i some how deleted it like an idiot just take my word for it when i say
GET THIS GAME IT""S AWESOME IT LOOKS CLICHE BUT ITS THE OPPOSITE!
GET ITT",True,3,1,926,500,0,1561997280,2019-07-01 16:08:00,15.433333333333334,8.333333333333334
"This game feels like work, but in the best way. *YOU* lead your team of soldiers, and regardless of whether or not who shoots the best or has the best firepower, *YOU* decide the strategy and ultimately how the battle will go. It's a serious shooting game, and they haven't really made one like it since. There's a few bugs around, but nothing takes away from the gameplay and how you feel the weight of your team on your shoulders.",True,0,0,228,228,0,1561950701,2019-07-01 03:11:41,3.8,3.8
"I love this game series, the story is so compelling, the graphics are great for its time and the action and gameplay is unique. I first purchased this game back on Xbox 360 around 5 years ago and I still remember all the great storytelling sections vividly, That shows how recognizable and enjoyable the story is. I highly recommend this game for anybody who craves a mixture but even balance of great storytelling and action sequences. I give it a 9/10 

(Only downside is that the game is clearly a console port to pc so the fov is pretty low as well as some graphics and glitches are present. Besides that it is amazing)",True,0,0,696,450,0,1561831543,2019-06-29 18:05:43,11.6,7.5
"Just hearing the main theme gives me the chills. This game was made on the Golden Age of Shooters and it still looks really good despite it's age. I never got to finish the game and i lost the CD, but it was on sale so I decided to buy it again to finish what I started! BAKEEEERRRR still runs through my head!!",True,2,0,130,61,0,1561639615,2019-06-27 12:46:55,2.1666666666666665,1.0166666666666666
"JASSPPPERRRRR!!!!!! JASSSSSPPPPPEEERRRRR!!!!!!! JASSSPPPPERRRRR!!!!!

This game is going to go on sale today. This name could be stuck in your head for the rest of your life for around 1-2 dollars. This is a great strategy/FPS that is no longer seen in today's first person shooters. This was made during the glory days of strategy/FPS, like SWAT 4. 

Is the combat and controls a little jenky? Yes. But does everything at up to be more than the sum of it's parts? Absolutely. You can not go wrong with this game for a few bucks.",True,4,1,333,235,0,1561468122,2019-06-25 13:08:42,5.55,3.9166666666666665
"Pros:
+ Great storytelling and really interesting characters.
+ Many examples of how horrifying the war is.
+ Excellent Holland landscape, structures, and environments.
+ Great soundtracks.
+ Although the commanding functions are quite complicated, but you can modify them in the option menu.
+ Historical info from the recon reports.
+ PFC. Jasper, possibly the most useful person among the entire Baker's squad.
+ [spoiler]Baker's hallucination and flashbacks.[/spoiler]

Cons:
- Somehow unreliable friendly AIs, and sometimes they behave weirdly during cutscene sequences.
- Dialogue for the battle cries are seems few and AIs keep repeating them, especially for US Airborne.
- Somehow pitiful grenade's blast radius.
- Hard to jump/mantle over the obstacle/barricade if you aren't facing at them directly.
- So many historical inaccuracies and other irrational stuff, here is the list for those who interested:


Uniforms and models
- Wrong camouflage pattern for Heer soldiers, they used Plane tree and Dot 44 pattern on their helmet and cap, instead of Splinter pattern.
- Totally lack of variation for German uniforms, especially:
  Fallschirmjager: They only got overcoat with Tan and water camo pattern. More than half of them should have an overcoat with Luftwaffe Splinter camo, and plain/no camo one. Camo helmet can be included also.
  Waffen SS: For the smock+helmet - Plane tree pattern and Oak leaf pattern.
             For tunic+trouser version - Dot 44 pattern (both full tunic+trouser version and trouser only ver).

- 'Enlisted men' insignia of rank for Germans (left arm);
  Heer: Many of them have the Obergrenadier and Obergefreiter insignia. Majority of them should be a regular private (no insignia) and the appearance of other insignia should be fewer. Also, Grefreiter insignia should be included.
  Waffen SS: Same as Heer, majority of them should be a regular SS-Schutze (no insignia). And the appearance of other insignia (only appear on tunic version, not on smock) should be fewer. Also, SS-Sturmann insignia should be included. And the SS eagle should be on their left arm for tunic version.
  Fallschirmjager: All of them have the Obergefreiter insignia on tunic's collar. Same as above, majority of them should have a Flieger (private) insignia, and the appearance of Obergefreiter insignia should be reduced. Gefreiter insignia can be included also, but fewer than Flieger, of course. 

- M43 cap model should be separated for all German 3 units (Heer, Waffen SS and Luftwaffe), and Camo helmet for 2 units (Heer - Splinter and Waffen SS - Oak leaf).
- Camo for SS M43 cap should be Oak leaf. But more commonly, most or half of the SS cap shouldn't had any camo. 
- Insignia on M43 cap and belt buckle should be made correctly for all 3 units.
- In Veghel and Hell's Highway mission, all 3 German units (Heers, Waffen SS and Fallschirmjager) could be appeared together. Represent the [b]107 Panzer Brigade + Kampfgruppe Walther[/b] and few other units that were indeed participated in the battle.
- New OPTIONAL units as an additional for remastered or reboot version:
  1) Wehrmacht Panzergrenadiers - Heer with Splinter camo pattern on smock+helmet.
  2) Luftwaffe Flak units - for 88mm crews in Eindhoven (a part of Flak-Brigade 18) and optional for further missions, Luftwaffe field jacket uniform with red collar tabs.

- Few Waffen SS and Fallschirmjager appeared in Eindhoven should be replaced with Heer.
- Lack of variation among British troops, especially the helmet: Majority of them should wear a normal brodie hat instead of Mk III/IV.
- More British soldiers should be appeared in the Baptism with Fire mission. 
- There should be a remaining of British troops left to defend their columns in the Hell Highway mission (survivors + wounded soldiers along the way). And a group of British reinforcement could accompanied with the Baker's squad to repel the counter-attack at the end.


Weapons and Vehicles
- Every or most of the Panzer IVs in Veghel and Hell's Highway mission MUST be replaced by Panthers (107 Panzer Brigade).
- At least 1-2 Panzers in the Koevering (last) mission MUST be replaced by Jagdpanthers (from Panzerjager Abteilung 559, definitely joined Kampfgruppe Jungwirth in the battle).
- The astoundingly small-sized wreckage of Panther tanks in Koevering, should be replaced by either wreckage of German trucks or Allied vehicles.
- Too many British's Sherman Firefly appeared in the game (both vehicle and wreckage), and it even appeared in the Bloody Gulch flashback! My suggestion, the tank in the Bloody Gulch MUST be replaced by a normal American Sherman. 
  While about a half of Firefly in the game should be replaced by normal British's Shermans, and optionally the Cromwells.
- This is OPTIONAL, some new weapons can be included for German arsenals: Portable MG34, normal Gewehr43, Panzerfaust, and FG42 (Fallschirmjager). 
- Several German squads equipped with only single type of firearm (the whole squad with either STG44 or MP40, for example). My suggestion is mixing other guns like more common Kar98k and a few Gewehr43 among German squads for diversity/variation.
- Some of 88mm Flak since the Eindhoven factory to the last mission should be replaced by Pak40.
- Fire power of M1911 is a total disappointment.
- British troops equipped American weapons, the weapons should be replaced by SMLE Mk III and some with the optional Sten Mk III.


Others   
- During the Eindhoven factory (Operation Garden) intro, Pieter shot the SS. But when Baker's squad check on a corpse, it turned into Fallschirmjager (both should be changed into Heer).
- From above, Baker's map during the intro is the map of entire Highway 69, not the map of the city's industrial complex.
- No clearly explanation why PFC.Dawson wants Baker to revealed the truth to his squad.
- Dawson got Thompson magazine pouches, although his weapon is M1A1 Carbine.
- Ridiculous crowd animation in the background during the citizen of Eindhoven celebration (Reunion's cutscene).
- Some of Eindhoven's citizen should be appeared as corpses, wounded, and survivors during the Baptism with Fire (bombardment) mission, for realistic sake.
- There should be an explanation about the FICTIONAL and over-exaggerate engagement/battle, since the Eindhoven factory to Veghel mission.
- When Baker and Hartsock's squad crossing the river in the Son mission, with that heavily fire from the German position in reality, all of the squads should be dead by now.
- In reality, Baker could have died from the drowning in the very last section of the Baptism with Fire mission.
- There was no clearly explanation why Baker had to go inside the Manor and basement alone (Son), why he bring only Paddock to go with him inside the Eindhoven church, and why he go inside the train station alone (Hell's Highway). Because of overconfidence or some sort of stupidity?
- In the last section of Veghel mission, the building that was supposed to be hit by a mortar looks more like it was blown up by a trap inside.
- From above, to make the entire building (partial) collapsed, it should be the artillery instead of mortar.
- It's strange that Hartsock appeared to catch up with Baker in the hospital, ALONE. There's no more explanation of how Mr.Red was be able to getting there and if there was any other guy form his squad coming with him or not, or they're waiting outside? 
- LtCol. Cole was indeed shot by German sniper, but his death sequence in reality was pretty much different from the game.


In conclusion: 8/10  
It's an excellent WW2 FPS game with a surely better gameplay than the previous 2 (Hill30 and EIB) and a continuation of the great and memorable storyline. 
But still, a lot of mistakes had been made, likely because of deadline (perhaps). Nevertheless, all the good things in this game did convince me to keep calm and wait for the upcoming 4th part of this wonderful series.",True,21,2,2576,1510,0,1560179422,2019-06-10 15:10:22,42.93333333333333,25.166666666666668
epic games franchise but a bit hard to look at now hopefully one day a new generation of these will come about with story driven co-op and new ai. it would sell even remastered,True,0,0,1002,1002,0,1559227055,2019-05-30 14:37:35,16.7,16.7
"The game was A O K, a lot of cut scenes, etc.  Loved the slow motion bits as a grenade blows apart a group of Germans.  The accuracy of shooting the enemy was way off and frustrating but you soldier on.  Loved the tank parts.",True,0,0,289,289,0,1559132972,2019-05-29 12:29:32,4.816666666666666,4.816666666666666
"This game refines the mechanics of the first two games even further by adding new smaller features that help with immersing the player into the ww2 setting along with an update to visuals and gunplay to make the game feel that much more realistic, the story has been expanded further into a new setting and area of world war 2 operation market garden and really focuses on a lot of historical moments with in the second world war. the only issue I actually have with this game is the ending has a lot of build up but almost feels like the ending should of been 2 or 3 levels prior, and is almost like pleasuring yourself beyond the point of ejaculation, its nice enough to want to keep going for a bit but after a while its becomes boring and you want to stop. however the ending cutscene is brilliant and makes up for this more drawn out end few missions, however all missions including the end ones are still fun and enjoyable, and the story is still great as with all the brother in arms games, the sandbox has been expanded, despite being somewhat linear, i would highly reccomend.",True,0,0,367,48,0,1559080846,2019-05-28 22:00:46,6.116666666666666,0.8
"Meh. It's good but very much where you have to do precisely what they want instead of having any freedom to think on your own. Also, incredibly long and unskippable cutscenes make up more than half the game.",False,5,3,48,48,0,1558153698,2019-05-18 04:28:18,0.8,0.8
"It was entertaining, but kind of dumbed down compared to the previous entries. This looks a lot better and the story has more attention (ends on a bit of a cliffhanger). Not expecting to see any new entries is this series for a long time as gearbox have shifted their direction.",True,0,0,1071,1071,0,1556758485,2019-05-02 00:54:45,17.85,17.85
I played heck out of this game waaaay back i finished all three games in series (i hope new one will come soon) on tactical side of things road to hill 30 and earned in blood are beter but gameplay wise this is the best plus story is very good in all of the game i would recomend it to anyone just to tell u dont expect some kind of call of duty gameplay (i am cod fun) its more story based shooter game and there is no much of action but if u love good story and nice gameplay i would recommend,True,1,0,1108,221,0,1553808683,2019-03-28 21:31:23,18.466666666666665,3.683333333333333
"Saving Private Ryan is kinda gay when compare to this Gore-fest Organ splashing adventure.

I really mean it when I said that absurd phrase.

Those guys who made this game really know about their jobs.

Gunfight made me realized that I'm not bored with today games form my increasing age.

Those game were made by ignorant Dev. who dont know ♥♥♥♥ about their trade.

This game is just simply fun shooting game with good old gorefest; decapacitated organs flowing through the air, bad shaped corpse..... Damn, I felt a little guilty but It's really good to feel this kinda fellin'

Plus a tactical gameplay for me to plan, before hunting those poor basterds..... Oh man. WHAT A JOY!

If you re looking for blood, lots of blood.... and gory poor nazis.

Congratulation. You have come to the right place.

",True,4,2,69,44,0,1553274468,2019-03-22 17:07:48,1.15,0.7333333333333333
"played this on the 360 a long time ago, late at night i had remembered this game and how much fun i had playing it. So i bought and it all came back, the story the gameplay. There are few glitches here and there and the controls can be weird sometimes but the story and general gameplay make up for it. Probably the best game i ever played 11/10. 

THERE ALL NOT GUNNA MISS BAKER :)",True,0,0,483,470,0,1552152246,2019-03-09 17:24:06,8.05,7.833333333333333
"Hell's Highway is the third and final installment in the Brothers in Arms series. Being the latest, it makes significant improvements upon the gameplay without sacrificing the formula that makes these games fantastic.

The graphics are fantastic, appropriate for a game from '08, compared to prior games. The game is highly cinematic, with a plethora of cutscenes and added flavor as you get to deepen your understanding of the squad relations, Baker and his cursed Colt, and the stresses of being a squad leader.

Mechanics are vastly improved, with AI being far more intelligent, accurate, and more user-friendly controls. The game is also much easier; after each section of game, most of your squad can be completely revived before the end of the mission, without any prompting. Even going through on the hard difficulty my first run, there was little challenge, especially since my guns were a lot more accurate that previous games.

Sometimes I feel like the game takes itself too seriously, or wants more emotional investment from the player with how long and frequent the cutscenes can be. At times they are well placed and give the game great flavor, and other times they make me roll my eyes and go ""we're still going on about this?""

Either way, the game has not lost any of its character from the previous two installments, and gained a great deal of playability.
It's a short campaign, with an anti-climactic end (since it was intended to have a sequel that will sadly never come) but overall a good addition to the series.

Would NOT recommend playing before the first two games.",True,0,0,747,404,0,1550456113,2019-02-18 02:15:13,12.45,6.733333333333333
"Time to put your helmets back on, boys, we're going back to Europe: 1944. Don't worry about me, I'm always wearing a helmet.

Brothers in Arms: Hell's Highway is the third game in the Band of Brothers trilogy.
On the 17th of September, 1944, Allied Forces predominantly led by the British Army embarked on an operation into the Netherlands to open routes into Nazi Germany and finish the war by Christmas of the same year.
Things didn't go as planned, and like, 30,000 people died, with 17,000 of those casualties being on the Allies side. Whether it was over optimism, more competent contingents of the German Army, or Montgomery being a big fat baby man, a lot of theories and reasons are given as to why ♥♥♥♥ hit the fan so hard. 

You once again play as Sgt. Matthew Baker of the 101st Airborne, US Army. Taken place after the events of D-Day in Road to Hill 30 and whatever happened in Earned in Blood (I never played it). You follow Baker from day one to day eight of Operation Market Garden as he struggles to keep his men alive and also not go crazy.
By the way, Matt's going crazy.

I don't know if I didn't notice it because of the older graphics of the first game, but the voice acting in Hell's Highway feels a bit stunted to me. A lot of the time it feels like your squad members aren't actually talking to one another but more like sending voice messages to one another even though they're in person. 
Its not all the time, but when it is, its pretty weird. 

Hell's Highway also adds a third person cover system that wasn't in the first game, but was a hyper popular feature back in 2006 to 2010 or so. You spend a lot of time in it, sometimes even more time than in first person. You can go through parts of the game without using it, but there are certain points of cover that don't seem to work unless you're hugging it.
Like they need some physical contact or something after a shaky break up.

You don't really have health in HH, Baker can only take one bullet before going down. Instead the “Regenerating health” is an indicator to how close Baker is to getting shot. Its odd, to say the least, for the most part it works just fine, but I found myself still getting “shot” when I was well behind cover, and sometimes I would just flat out drop dead just because my screen got too red as I was getting behind something. 

The graphics are both better than the original 2005 game, and in some parts worse. Everyone in Baker's squad are still recognizable from facial features alone, but something always feels off. Lots of people just kind of staring off into space like they saw a ghost or saw me doing something messed up. Baker looks fine, though, but everyone else is actually pretty creepy. 

Parts of the story can also be hilariously bad at points as well. There's this one point where you have to find someone from your squad who runs off, and at no point until the end of the level does Baker try to get their attention. There is even a scene where he's literally less than ten meters away and Baker just kind of watches him run off, and later after that when he DOES call out to him, the guy just keeps running like he doesn't hear him even though it was actually pretty quiet. 
I guess you could argue that [spoiler]He was trying to get the Dutch girl to safety [/spoiler] but the safest place would be with all the big tough American guys packing heat. 

There's also this whole sub plot about Baker “Trying to be best friends with his squad instead of a leader.” But...Uh.
When? 
In the two games I played, Baker doesn't really get buddy buddy with anybody. Mostly because, in the first game he was silent in everything except for monologues and squad commands. But in the third game he's almost entirely by the books. At the start of the game he was being friendly with Red, but Red is the closest thing he has to a best friend and they were at base and everyone was being friendly with everyone. 
Who wrote this? 

Franky even tells Baker to stop trying to be his dad, but Corrion interacts with Franky more and actually gives him crap, so where did this whole “Baker is trying to be a father to me.” Thing come from? 

Gear Box Writer Mike Neumann, are you okay? 

What else can I complain about? 

Oh, you run into some British soldiers later in the game, exactly 4, outside of a tank I mean. I actually mistook them for some kind of Dutch Resistance at first. If anything they looked more like soviets then they did British. 
They were also carrying M1 Garands. I don't know how accurate that is for Operation Market Garden, but I don't think it is. 

I don't know, Hell's Highway is weird for me. It feels like the end of an era for Gearbox Software. I remember, back in 2004, when I watched a presentation for Road to Hill 30. Randy Pitchford was in it with retired US Colonel John Antal. Randy seemed really passionate about the series back then, he would go off about how everyone in the squad was unique and how cool the squad mechanics were. 
Now he's all loopy and makes me look like a functional member of society instead of a professional bum fighter.

The game is alright, it'll only take you about 5 to 6 hours to beat, a bit shorter than Road to Hill 30 was, can't really complain since I got it for 2 dollars. Some people paid $60. The guns feel nice and crunchy to use and you get a  lot of ultra violence, like chunks of the skull coming out and people getting bisected by grenades and machine gun fire. 

Cant tell you about multiplayer because Gamespy doesn't exist anymore. 

Games alright, but if you aren't a fan of BIA, then I would just skip it.

6 out of 10 or something, I don't know, pay me. 

Al Capone was inmate 85 in Alcatraz. 

[url=https://store.steampowered.com/curator/7124597/] Join the curator, so we can bully other curators. [/url]",True,3,1,408,408,0,1550205945,2019-02-15 04:45:45,6.8,6.8
"Strangely this game its worst than the second one

the game tries to be more action oriented but ends up being just bad

the game has maps a little more bigger that before but are worst because of the “suppression system” and health system

before the maps where mostly a puzzle that you had to solve trough tactical thinking
the bad about that was that the levels had two or only one solution

here the levels are just a bad combination of corridor shooters and semi open areas

but what really breaks the game its the “suppression system”, the game makes your screen red and marks with flashes with direction are you being shot at but this makes it extremely annoying and its badly implemented since the enemy apparently can shoot you trough wall corners or some objects like a trucks or debris

and to make it worst the cover system its bugged and the enemy will still shoot you if you are not using the cover system even thought you are clearly behind cover

the good side its that they improved the AI but still has path finding issues and has remarkable accurate blind fire, because even suppressed and under flanking attack they can still hit you


its a complete shame how this series when down",False,0,1,504,504,0,1548823484,2019-01-30 04:44:44,8.4,8.4
It's good game though it was issued in 2008. The game is more fouces on tactic rather than shooting. Suppress fire in front and cut to side way to attack. Give me a different experience for FPS game.,True,0,0,733,605,0,1547216727,2019-01-11 14:25:27,12.216666666666667,10.083333333333334
"""What is it that makes a great soldier? Is it his brain...or his heart?"" - Sgt. Matt Baker


BIA Hill 30 and BIA Earned In Blood was the first 1st person shooter I played when I was younger and I loved it.

This game both takes some things away that the older games had that made it good but also adds some things that make this game better/easier to play. Even so I love this series, the characters and cant wait for the next one. If it ever comes......

So many Brothers In Arms have been lost to get here, I remember all of them. Leading men to battle is both pivotal to victory every mission but necessary unless you want to fight the German army alone and mate-less.",True,0,0,1411,517,0,1546506488,2019-01-03 09:08:08,23.516666666666666,8.616666666666667
"Until now, I dont know why they put the jump bind key together with sprint key. But, this game still the best game, when I played ten years ago, now, with new rig and new graphic card, it is still awesome game.",True,0,0,314,277,0,1546100778,2018-12-29 16:26:18,5.233333333333333,4.616666666666666
"Heartwarming story. though the controls may be abit outdated and janky, it is nonetheless fun, especially on higher difficulties. much recommended for a lonely friday night where no one asked you out.",True,18,11,492,492,0,1545024485,2018-12-17 05:28:05,8.2,8.2
"Brothers in Arms: Hell's Highway is a first-person shooter video game developed by Gearbox Software and published by Ubisoft.

Story follows the 101st Airborne Division (502nd Parachute Infantry Regiment) during Operation Market Garden in the Netherlands, with Staff Sergeant Matt Baker back as a protagonist.

Gameplay adds new features while keeping the old combat scheme from previous games.
Once again you will command teams to support you, fix fire on enemies, or attack them. 
Game adds something I wanted in previous two titles-better variety of teams. Beside Fire Team that is useful to fix enemies, and Assault Team that helps with flanking them, from time to time you get Bazooka Team that can destroy covers, or Machine Gun Team that will fix and kill enemies, especially good to fix enemy mg nests. But beware that even with better mixture of Teams, you still have to show off your commanding skills, or they will die.
While most of the time you will use 4F's (Find, fix, flank, finish) to move on and safely win combats, game mixes up with moments where there is no flanking routes so you have to fight enemies straight, where you play solo, only relying on your weapon, or where you are commanding a tank to destroy Panzers or 88's (even if tank handles like a toy car it's still enjoyable).  It's a really good way to mix up gameplay, and I like it!
Finally there is a cover system for protagonist. Always bothered me that our allies can get into cover but we can't. Now you can hide behind fences, barrels, walls, and more by simply pressing a button. And you will get some Third Person action while in cover. Beware, not everything can survive a gunfire, so be sure to think twice before making a wooden fence as your cover.
There is a new health system! When you are out of cover under enemy fire, your screen will slowly turn red, meaning you are getting suppressed by enemy fire. If you will not get into cover soon, your luck will end soon and you will get shot, ending Baker's Road to Berlin. So while it sounds and looks like regeneration system, it is not. 
""Situational Awareness"" system is gone, now you have a simple map, on which you can check your enemies, allies and objectives. 
The last new feature is ""Action Cam"". Game will reward you after getting a nasty headshot, a grenade kill, or a bazooka blast by zooming in and going into slow mode, to show brutal death of your enemy.

There are collectibles! 
You can find and recon specific points on the map to get some lore about weapons, battles, people, and more!
Besides that you can try to find kilroys! Kilroys are inscriptions in form of graffiti, and they were quite popular in ww2. Can you find them? 

Only complain I have is difficulty. There is only ""Casual"" and 'Veteran"", with no middle ground, which annoys me.
Of course, ""Authentic"" difficulty with turned off everything is back, to show you real Hell. But you will get a Medal of Honor for each of them so...is it worth it?
Also I've heard that people are annoyed by game being less realistic than previous two, where now you can from time to time just rush in and mow down enemies. It is true, game is less realistic in terms of gunplay but it's still good.
Plus it's a rather small price for better gameplay variety plus the storyline.
And storyline is amazing. About bond between squad members, trust, events that happened in two previous games, and how war affects soldiers, it's one of the, if not the best ww2 story you can get in videogames. 

Beside Singleplayer, you have Multiplayer but as you might guess already, it's dead. 

Game worked like a dream. No issues whatsoever.

Voice acting is better than in previous games, while gun sounds feel a bit reused from eariler games. Soundtrack is improved!

Trading a bit of realism for gameplay and storyline, Brothers in Arms: Hell's Highway is the best game from whole BiA trylogy. Better variety in combat, improved sound design, many new features plus an amazing storyline. 
9/10!  ""What is it that makes a great soldier? His brain or his heart?""

If you enjoyed reading that review, check out my curator page!
https://store.steampowered.com/curator/31947302/",True,25,0,329,329,0,1544353224,2018-12-09 11:00:24,5.483333333333333,5.483333333333333
"There is something authintic about the first two BIA games that this game doesnt have. I can't quite put my finger on it, but i've been suffering for 2 hours in this game and think i've figured it out.
This game doen't have that feeling like your actually shooting bullets, the guns dont have kick and half the time the game puts you in third person behind cover which doesn't feel very good at all,  mostly because of my next reason.
There's no challenge. This game was released back in the FPS era of regenerating health. So basically on the hardest difficulty you can sit behind cover for 3-4 seconds regenerate health and than go back to killing. That's of course if the enemy shoots you.         If you go play Earned in Blood and walk in the general radius of a MG nest than you'd be obliterated, not here though. Enemy MG nest's are a joke.
The worst thing about this game however is the AI. There are moments where I can't believe the previous 2 Brother in arms games easily outsmart this game. IN EARNED IN BLOOD if you flank the enemy sometimes they will run away and be dumb. But they wont sit there, in this game though, they'll accept death and just die. The AI is attrocious.

I'm dumbfounded all these reviews say this game is great? It's not great? This is a game that's too easy, too cheesy, and lost its way from the series.
",False,7,2,125,125,0,1543965663,2018-12-04 23:21:03,2.0833333333333335,2.0833333333333335
"I can see how in it's day this game would have been top-notch. And if you're into older games this could be an interesting pick-up. but be aware that this game has not aged well. The game mechanics and controls are slow and clunky by modern standards, so just be prepared for that. I found it just a bit too much to be enjoyable to play at this point.",False,1,0,28,28,0,1543706745,2018-12-01 23:25:45,0.4666666666666667,0.4666666666666667
"The Brothers in Arms series has always been one of my favorites ever since I was a little kid. The story brings you in, the characters make you stay, and the action is a nice blend of tactical and shooter. Hell's Highway is no exception to just how great this series has been.",True,0,0,1129,361,0,1542849970,2018-11-22 01:26:10,18.816666666666666,6.016666666666667
"I've played every Brothers in Arms title ... and this one, to me, is the best in many ways.  From the mechanics to the story.  I also felt the characters had much more thaught put in than the previous games, which says alot.  

If you have played the previous games but not this one yet, I'd say it is worth every cent.  

If you are thinking of getting into the series, the only bad thing I can say is that the 4th main title was cancelled.  And if you don't mind old graphics too much you should start at Road to Hill 30 to get the best possible experience.

If you are looking for another FPS, I'd say this is not for you.  The game is much more strategy based than most of your single player team based FPS's.  While it has a great story, the mission variety and different atmosfeers of each map was not neglected in the least.  If you just rush in expecting to survive and have a ton of action all the time, you are unfortunately looking at the wrong game.

I do however hope this franchise makes a spectacular return to complete the story.
",True,0,0,746,682,0,1542733273,2018-11-20 17:01:13,12.433333333333334,11.366666666666667
"Very solid title that is very worth the ten dollars. Good amount of gametime, I got 11 hours out of the campaign and I will definitely be revisiting it for its replay value.
 
Graphics are dated but not terrible and I noticed no graphical glitches.
 
Solid story line with good character building which actually made me care about my squad members (more than can be said for most games today). Worth the purchase, especially if on sale.

Great gameplay, it's challenging and the mechanics and environments vary enough to keep one interested.

Definitely pick this title up especially if it's on sale. If you're a WW2 fan like me it's especially a must-have.",True,0,0,893,656,0,1542404427,2018-11-16 21:40:27,14.883333333333333,10.933333333333334
great brothers in arms title. personally found a lot of the writing a bit cringe worthy but others seem to love it so i guess see for yourself. gameplay and setting is tight though. solid ww2 fps/squad tactics title.,True,0,0,1802,1802,0,1541925301,2018-11-11 08:35:01,30.033333333333335,30.033333333333335
"An embarassing ending of a good franchise. The last game in the franchise and of course the worst one. Developers have slightly changed the direction on this one, basically saying one huge ""screw you!"" to historical accuracy, realism and everything the series has established in the past years. While the story remains great and is not really the case here, gameplay is. 

The game feels far too arcadeish with regenerating health and weapons with really low recoil. The weapons are also far more accurate and you can do really ridiculous things like hipfiring an MG42 while walking with 0 recoil whatsoever.
The cover system really ruined the feel of the game, meaning it turned into a gallery shooter where you take cover, kill all enemies, move to cover etc.

There are many solo missions which basically ruin the whole squad based nature of the game.

I would reccomend if the gameplay was good, but it is not.",False,4,0,104,57,0,1541090771,2018-11-01 16:46:11,1.7333333333333334,0.95
"They changed a lot about this game compared to the older ones. I am not sure if it was for the better though. 

Some changes were welcome - larger levels to go through and graphics are a lot better too. But there is a list of things that take away from what the games were in my opinion. Such as cutscenes that take you out of the action, a cover system that takes you out of Baker's body and lets you see above him, regenerating health that lets you just sit behind cover to go from zero to max health in a few seconds, and a cheesey storey that tries to give the characters back stories and falls flat in my opinion. 

In the first few games, all of (or most, since there were cutscenes in the 2nd game) the storey was given to you face to face with your troops. This made you feel like you were Baker/Red, it kept you in character rather than ripping you out to see yourself. In the old games when you got shot, you were injured for the rest of the level, if you got shot too much, you would either die or be forced to try and finish a level with what little health you had left - again it made you feel like a real soldier - you wouldn't magically heal, you had to survive the mission with the equipment you had at the time. It was always a good feeling to get to the end of a level and have you and everyone healthy and alive. Lastly I appreciate that they tried to give everyone a backstorey/conflict to deal with - but **SPOILER** Matt Baker's seeing his dead comrades taunting him about a ""haunted"" pistol was dumb to say the least. The older games treated you like a soldier - go there, do that, we need to secure this so we can advance the war effort - and that was all the storey you needed. It felt realistic and they added just enough back and forth between the soldiers to give them character. This new storey just feels forced in my opinion. 

Do I think this new game is bad? No. But compared to the older games - this one is just OK.",True,0,1,350,350,0,1540642491,2018-10-27 12:14:51,5.833333333333333,5.833333333333333
"In my Steam account, this game data-bases ARE HACKED. So, I see a list of bugs!!

For what I spent money purchased a CD at the Amazon?!!

So, General protection fault!! reports:

History: RaiseException() Address = 0x75a3ddc2 (filename not found) in c:\\Windows\System32\KERNELBASE.dl]

Adress = 0x151a90b (filename not found) [in C:\Program Files (x86)\Steam\steamapps\commom\Brothers in Arms Hells Higway\Binares\biahh.exe]

And seven bugs more!!

RtVaildSecurityDescriptor() Address = 0x7702302a (filename not found) [in C:\Windows\SYSTEM32\ntdll.dll].



Who can CUT the game files in the game FILES DATABASES?!! AND FOR WHAT DUDE ♥♥♥♥ ...AND THIS ♥♥♥♥ IS DONE!!!?",True,0,0,261,156,0,1538528315,2018-10-03 00:58:35,4.35,2.6
"Fun game. Good gameplay, immersive, good story, graphics hold up nicely considering it's 10 years old.

Controls are a bit of a faff though, but that's the only problem I've had.

",True,0,0,622,602,0,1538337757,2018-09-30 20:02:37,10.366666666666667,10.033333333333333
"Duration: 7 hours.

10 chapters make up this installment of Brothers in Arms.  The cut scenes are quite powerful as the story unfolds of Baker and the troops around him.  The tactical FPS combat is a bit improved from the previous two games, although it still has a few frustrations.  Solid game for WW2 FPS fans with a story worth not skipping. 

7/10",True,1,1,430,401,0,1537697077,2018-09-23 10:04:37,7.166666666666667,6.683333333333334
"It's a bit of an outdated experience now, but it's still a fun, moderately authentic WW2 game. It's probably one of the best and most technologically advanced Single Player WW2 shooters still, I don't know if that's a horrifying truth about today's market or a huge compliment to this game, likely the former more than the latter. 

It's worth playing through if you haven't yet.",True,0,0,1270,604,0,1537032373,2018-09-15 17:26:13,21.166666666666668,10.066666666666666
"8.5/10 - it's a must play

Black female nazis? Amputee women shooting MG-42 from hip while running? Soldiers wearing weird clothes that look like something motorbike gang would wear rather than authentic WW2 uniforms? Tanks riding like Vin Diesel in Fast and Furious? Historical revisionism, because WW2 has to be politically correct in every way, regardless of how it really happened? Well, not in this game! 

...and now seriously.

+
* movie like style with great narrative that makes you feel for characters
* realistic depiction of WW2 events and places without history twisting
* showing PTSD, injuries, death and other negative impacts of war (honestly, the most of ww2 games are like ""shoot-a-nazi, be a hero, smile and chill, WW2 was one big adventure"")
* think before rush style of playing
* squad commanding
* authentic combat tactics
* authentic weapons
* graphic is still good looking in 2018, especially characters faces are perfectly modeled

-
* cover system could be better
* squad AI, sometimes they have troubles with pathfinding and dying in open field instead of quick moving to cover, sometimes they refuse to shoot despite of they have clear field of fire
* useless killroys, I just ignored searching for them

To sum up, this is probably one of the best (if not actually the best) WW2 actions ever created. And that goes not only for Hells Highway, but for whole series. We need games like this one so badly in 2018. It's been ten years and ""to be continued"" in final credits still not happened. I hope I will see Matt and others in Ardennes someday.
",True,20,4,752,749,0,1536491135,2018-09-09 11:05:35,12.533333333333333,12.483333333333333
"Unfortunetely the game wouldnt run for me it kept on saying General Protection Fault it couldnt locate some files I uninstalled and reinstalled it 3 times but no luck.
I played it on the XBox 360 and I enjoyed it the other 2 worked well and I enjoyed those.
I am very happy to see that they are making a 4th BUT I hope it has a long single player campaign and not end up like the new Call of Duty has gone which is no single player and all multiplayer for the first time in Call of Dutys history I will not be buying it on release day so please do not go down the multiplayer only bored after an hour road we need a true WW2 single player experience.
Thanks.",True,0,0,6,6,0,1536134365,2018-09-05 07:59:25,0.1,0.1
"I never played this one when it first came out and i was not dissapointed, had to rebind a few keys to get it perfect for me... but never the less i enjoyed it.

Due to its age i would say only get on sale with the others in the series although i cannot get them to run on windows 10.",True,0,0,560,560,0,1535407941,2018-08-27 22:12:21,9.333333333333334,9.333333333333334
We are back with troy baker and redhead to the great adventures of the WW2 where everything is the same except for the graphics major drama with glasses man for the 3 time in this series of games our big boy red can go home to his familly big surprise somthing happend to his legs wink wink and troy baker is cray cray just like the past 2 games and you cand drive a tank WoW 12/10 thats why this franchise is death but then again it end qith a continue for the snow lol that never will come.,True,0,1,309,309,0,1533425317,2018-08-04 23:28:37,5.15,5.15
"TL;DR:  Hell’s Highway remains a worthwhile game, especially at its under-$5 sale prices, with fun and refreshing core mechanics and commendable writing hampered by technical issues.

Hell’s Highway released in 2008, the sequel to 2005’s Brothers in Arms:  Road to Hill 30 and its follow up, Earned in Blood (essentially a standalone expansion pack).  The hallmark of the Brothers in Arms series has always been “authenticity” – the devs never call it “realism” – placing the focus on real squad tactics and lovingly-rendered weapons, uniforms, and locales.  While other games in the genre featured run-and-gun gameplay, scripted bot allies, and set pieces cribbed from film and TV, BiA placed the player in charge of a squad and asked them to wield it as their most powerful weapon to defeat engagements pulled directly from after-action reports and photographs; Gearbox even sent teams to Normandy to take scans and pictures on the ground of real battlefield locations for levels in Road to Hill 30 and Earned in Blood.

While the earlier games in the series were well-regarded, earning mid-80s scores on Metacritic, Hell’s Highway received more lukewarm reviews, sitting a full ten Metacritic points lower than its predecessors.  As an avid fan of RTH30 and EIB, I played Hell’s Highway on release on Xbox 360, and with rumors circulating that Brothers in Arms 4 is in the works and Hell’s Highway falling below $5 in the recent Summer Sale, I decided to pick it up again on PC.

At release, I thought much of Hell’s Highway’s tepid reception was attributable to factors outside the game itself.  World War II fatigue was setting in:  by the time HH came out in 2008, Saving Private Ryan had been on DVD for ten years; Band of Brothers, one of the game's most obvious inspirations, for seven; and even Call of Duty had abandoned World War II the year before for the grays and browns and moral ambiguity of the “modern military shooter.”  Hell’s Highway’s cover system too was already becoming a meme by the time of release, with Rainbow Six: Vegas, Ghost Recon: Advanced Warfighter, and Gears of War all releasing in the two years prior.  And while fatigue may have played its part, the game has some significant issues beyond what I recognized through my rose-colored fanboy glasses at the time.

Make no mistake, there is a lot to recommend about Hell’s Highway.  The core gameplay mechanic of moving your fireteams into position, suppressing enemy troops, and flanking them, remains fun and underexploited in the shooter genre.  For veterans of the earlier games, the addition of machine gun and bazooka teams is a welcome shakeup.  The graphics, even ten years on, are serviceable, and the new slo-mo moments are a nice touch, if perhaps a bit too frequent.  The story, penned by Mikey Neumann – who also wrote Road to Hill 30, Earned in Blood, and Borderlands, and is lately of FilmJoy on Youtube – is solidly crafted and has far more heart and meaning in its war-is-hell narrative than can be found in any infinite number of the Spielberg pastiches seen in other World War II shooters.  In the end, it’s a basically competent cover shooter that doesn’t quite do its extraordinary mechanical concept and writing justice.

However, Hell’s Highway also suffers from some technical problems that rightly keep it out of the pantheon of great shooters.  The controls are iffy:  keys can’t be rebound and, on mouse and keyboard at least, the squad command rings sometimes seem to have an overly-sensitive mind of their own, a quirk which caused dozens of deaths for my poor squaddies.  AI pathfinding is an issue, as it is in every game of this type, with both friend and foe needlessly exposing themselves to fire on a routine basis.  The game has its fair share of glitches too, ranging from the merely immersion-killing (many enemy responses are triggered by proximity, so don’t worry, those Germans just over the next hedgerow won’t be put on alert by the sounds of you machinegunning their friends), to the annoying (in one particularly frustrating engagement, enemies repeatedly spawned out of a coverless wheat field on my flank) to the outright gamebreaking (several times I needed to revert to a prior checkpoint because cutscenes failed to trigger, or because one of my teams wouldn’t fire at the enemy).  Last but not least, the campaign is rather short – I clocked in shy of 12 hours, even with my compulsion to reload the checkpoint every time a squadmate went down – and there is little to do after you have completed the main game (sadly, it seems community-made scenarios never materialized due to a buggy, unworkable devkit).

There are also some modifications to the classic Brothers in Arms formula that let Hell’s Highway down.  Several levels feature sections where the player is alone, separated from their squad.  While these usually help advance the plot, they also strip out the game’s highlight squad command mechanic and turn it into a vanilla cover shooter with boring stretches of pot shot exchanges.  Worse are the sections where the player is ripped out of their boots and put in command of a tank.  These armor sections offer little challenge or novelty for no discernible gain; in fact, it’s a marked regression from the prior games’ use of tanks as fireteam replacements under the player’s command, rather than standalone gameplay sections.

Perhaps the biggest gameplay difference from previous iterations is in the player’s aim.  While RTH30 and EIB both featured considerable, even excessive,  uncontrollable weapon sway, which prevented the player from reliably picking off enemies at range and forced the use of fire and maneuver to get close enough you couldn’t miss, HH gives the player deadly accuracy, especially when in cover.  On the one hand, the sway in RTH30 and EIB was often frustrating, dragging engagements out for minutes while you tried to finally tag that last German and occassionally leaving you with no tactical opiton other than charging into the teeth of German guns.  On the other, it helped make the game’s weapons feel more powerful and immersive – like you weren’t really in control of your own rifle, let alone the situation – and forced the careful application of suppression and movement.  In Hell’s Highway, the accuracy of your weapons coupled with the third person view often makes them feel weightless in comparison.  More damning, many of those tense moments of closing on a machine gun nest with your squad have been replaced by simply picking off the gunner from a distance, and I’m not sure that’s a change for the better.

Finally, the game’s finale is a misstep that has bothered me since I first played it on Xbox 360.  Hell’s Highway seems cut short, with the final checkpoint strangely and anticlimactically placing the player in a tank instead of with their squad; the preceding cutscene feels like the buildup to a tough fight in which the player will have to use all the assets at their disposal, including armor, only to instead find yourself slogging through another dull tank section that offers no challenge or excitement.  I would not be surprised at all to learn that a big full-squad finale was the original plan, only to be cut due to time pressures or the decision to make tank sections standalone.

Overall, Hell’s Highway remains a solid game ten years after release.  The writing is refreshingly good by shooter standards and the fire and maneuver gameplay mechanic remains a treat, even if the game’s problems sometimes dull the fun.  If you’re looking to try a new shooter, Hell’s Highway is a solid pick.",True,7,0,697,697,0,1531843372,2018-07-17 16:02:52,11.616666666666667,11.616666666666667
"I am really glad to see some of these older games being sold today.

Not only are they nostalgic, but most of them are programmed and designed better than anything beling released today because of modern day business personnel deciding to cut costs by not doing Q and A and firing half of their talented programming team. 

Plus these older games are not big huge P2W rip offs like today's ""gaming industry"" designs their games. 

You buy a game, you get a game. 
 
That is how it was, and that is how it should be. 

I think I am going to stop buying anythign that has DLC at lanch, because ♥♥♥♥, that is just a telltale trait that a game is just made for some rich kids to have money wars instead of PvP matches. 

I definitely recommend this classic title. It takes patience, it is fun, and no ♥♥♥♥♥♥♥ tricks. You get what you pay for.

This is how it should ♥♥♥♥♥♥♥ be.",True,0,0,228,33,11,1531456874,2018-07-13 04:41:14,3.8,0.55
"This is the kind of game that we need today. Emotional problems, tough relations, fraternity. Just Brothers in Arms - history of the real people. How it is possible that i discover this game so late. Great experience!",True,12,0,534,534,0,1531063357,2018-07-08 15:22:37,8.9,8.9
Overall a fun game. The later stages are the best as they are the most difficult and require good squad leadership more than the first parts of the game. Aside from some minor technical issues and absolutely cringe worthy writing and voice acting (aside from Troy Baker) it’s a pretty good game.,True,0,0,772,375,0,1530905345,2018-07-06 19:29:05,12.866666666666667,6.25
almost 10 years and it still feels great. controls and gameplay is tight. I am a new comer to this series I wish Ubi make the damn sequel already and stop making creed games!!!!!,True,0,0,608,608,0,1530859749,2018-07-06 06:49:09,10.133333333333333,10.133333333333333
"Hell's Highway is the definition of a good-not-great game.
The (as of 2018) last Brothers in Arms game tells a decent story, continuing the Matt Baker narrative from the previous titles, and atmospherically it shines with a solid score and good moment-to-moment play. 

Hell's Highway is let down by repetitiveness. Though the standard gameplay (moving from cover to cover, directing troops to execute flanking maneuvers on German troops and artillery) is very good, the game barely iterates on it between the first and last mission. Too many objectives are simply ""destroy the enemy 88s"", with the sole difference being more, rather than different, stuff to shoot in the end game compared to the start. Where the game does try to change things up, it does so with banal tank sections and lone-wolf levels, which seem out of place. I beat the campaign in about seven hours, and was for the most part pleased it was not much longer. There's little to do outside of the campaign. The port is not very good, although the game is old enough now that most newer hardware should not have much of an issue anyway.

Overall, I recommend Brothers in Arms: Hell's Highway for anyone who enjoyed shows like Band of Brothers and fancies a solid WWII campaign. That said, I would wait for a sale - I paid £2.14 in a sale (75% off), and for the content available I would be wary of paying much more. Otherwise, a decent title that just about deserves a recommendation.",True,1,0,423,423,0,1530767488,2018-07-05 05:11:28,7.05,7.05
"Brothers in Arms franchise in general one of the best that you can find on the market.

Road to Hill 30 and Earnd in Blood have an issue where on some systems (usualy Win10)  is glitching out.

There is a simple solution to those issues and its that you have to play the game in windowed mode. for those who dont know you can just go windowed by pressing  ( Alt+Enter  )

I know it sucks but thats the only way for it to work properly but afther a few minutes you wont
even notice it beacause of the games immersion.

As for Hell's Highway the game has pretty good performance and made me question if i was
watching Band of Brothers or playing a video game witch tells you if its good or not",True,1,0,1233,448,0,1530699933,2018-07-04 10:25:33,20.55,7.466666666666667
"What a shame.... Crashes everytime in not only this game, but Road to 30 and Earned Blood do not run on my computer. In Hell's Highway, it crashes everytime in the introduction video (can't skip it). In the other games, it crashes immediately as soon as i click anything in the menu. This was a great game back in the day, its to bad I can't relive those experiences again.",False,0,0,171,7,0,1530375450,2018-06-30 16:17:30,2.85,0.11666666666666667
"Brothers in Arms: Hell's Highway
-----
7/10
-----
Yes this is a game from 2008, and the graphics might look outdated. However the storyline definitely isn't! Even modern AAA titles can't reach such a level of depth in their storyline... I'd recommend to pick this up at a sale, it doesn't cost much but will entertain you for quite a while :D",True,12,5,398,397,0,1530176874,2018-06-28 09:07:54,6.633333333333334,6.616666666666666
"Really love it. Campaign is weldone and love your the games are linked. An improvement on the previous games for sure!

Finally learn the truth that had you playing through all 3 games!",True,0,0,406,259,0,1529996502,2018-06-26 07:01:42,6.766666666666667,4.316666666666666
"I should have bought this 2 years ago... when I first read about it.  Now that I have it, wow, its worth savoring every moment. 

PROs
Hall of fame WW2  shooter
Historically Accurate
Plays like a movie
Immersive  
Price is basically free
Graphics not bad considering age
Totally worthy of playing in 2018/19

Cons
Controls cannot be remapped
Graphics are a little dated but totally OK. 


Quick Summary:
I dont like playing FPS. They are overly loud and testosterony. The storyline, if you can call it that, is usually so weak, I loose interest in it within two or three sessions.  This however, is an exception. It is immersive and it grabs you right from the start. 

 More importantly, its a game that I think about when Im not playing. Like a great book or movie. 

The series overall is historically acurate, down to roads and building placement. Also it follows actual events and actual soldiers who were caught up in those events. 

If you have even a vague interest in WW2 shooters, this is one of the best ever made. Dont get too bogged down by the fact that its a little dated. It  is a classic and classics are, in essence, timeless.   

PS : They say they dont make men like this anymore - well, they also dont make WW2 shooters like this anymore. 

Get it - you will not be sorry...",True,33,0,85,85,0,1529888637,2018-06-25 01:03:57,1.4166666666666667,1.4166666666666667
"I have not played another part of this series I got this one and this game got into me so fast.. the voice acting and story was the best I played a lot of army games and I can tell the story of this game was way better than others games that I played. 

It was short game like COD series lol 8 hours .


AI 7/10
story 10/10
realistic 8/10
graphic 9/10
Game play 9/10
sound 10/10
-------------------
total 8.83 /10

single player time +4
worth to buy this game with 9.99  yes but you can with for sales too .",True,3,0,482,467,0,1528590230,2018-06-10 00:23:50,8.033333333333333,7.783333333333333
"It's an old game, but it's a cool old game. I have it on disk too and the other two. If it's on sale, you've never played it, pick it up and you won't regret it.",True,2,0,1212,1212,0,1527294814,2018-05-26 00:33:34,20.2,20.2
"Its a very old game, but damn if its not one of the best (if not THE best WW2 shooter game) The combat is immersive and feel very realistic all things consider. you gotta command different squad and use cover. you dont run and gun like a cod game. the story is terrifice akind to the HBO series ""band of brothers"" i would suggest getting the earlier game to get the full story. but if u are jsut looking for a fun shooter game set in WW2. i will whole heartly recommend this fantastic game!",True,0,0,306,306,0,1526203465,2018-05-13 09:24:25,5.1,5.1
"Brothers in Arms: Hell's Highway; Where do I start? 
- Only realised that this game was actually on steam a few days ago. I immediately bought it just for the nostalgia, having played it when it originally released in 2008. Not expecting too much in the way of visuals and gameplay, I was pleasantly surprised at how good the game looks (considering it's 10 years old), as well as how fun the gameplay mechanics are. In BiA:HH, the suppression mechanic makes for much more tactical battles that really focus on how the player deploys his different squads and who they're targeting, making for very enjoyable gameplay if you're into a more tactical approach. Taking out enemies feels realistic, with only 1-2 shots needed to take targets down. The story of Matt Baker struggling with his PTSD alongside the gradual attrition of his unit makes for a rather compelling account, while also taking place in the lesser seen sector of the Second World War; Operation Market Garden. Overall, this game is a must-have for more tactical FPS/TPS fans, especially those who prefer WW2 games. Even if you're only buying this for the nostalgia like myself, it is well worth the £8.50 price tag for that feeling alone. However, there's one question that still needs to be answered; Where's the Battle of the Bulge based sequel Gearbox Software? The time for a Single-Player authentic and tactical WW2 shooter is ripe (especially after the awful COD:WW2) and yet, sadly, there is nothing to suggest that a sequal is coming.",True,0,1,464,464,0,1526160419,2018-05-12 21:26:59,7.733333333333333,7.733333333333333
"For a 10 year old  game the graphics are outstanding,runs smooth and one of the best story lines of WWII RPG far better than any of the Call of Duty games,very historical with uniforms and weapons  you will love this game and the 10 buck price is a real bargin",True,0,0,1509,1497,0,1525909292,2018-05-09 23:41:32,25.15,24.95
"Story - 5/5
Gameplay 3.5/5
Difficulty 3/5
Graphics 5/5
Characters 5/5

Overall - 4.5/5

So this is the third installment of the Brothers in Arms Series and its without a doubt the best one. Even by todays standards the game is amazing both graphics wise and gameplay wise. Depending on your skill as a player this could take you anywhere between 6 - 12 hours casually, unlike most FPS games like Call of Duty you actually need to take cover very often and plan your attacks well, it helps that you can command your boys wherever you like also. You can also recover your health this time unlike in the two previous games which is nice, the game is still hard though. It's sad to think however that there will never be a continuation :(",True,0,0,4419,811,0,1525886381,2018-05-09 17:19:41,73.65,13.516666666666667
"Quality Game that reminds me of the good ol' days of the WW2 FPS Genre.
Pros: Linear Story, but there's always different options to approach an obstacle; There's very few weapon choices, but the ones you have feel very statisfying to shoot; The commanding and cover system is an amazing and easy way to change up the gameplay, allowing the player to more accurately place your AI Buddies in strategic locations

Meh: Story and Characters.

Cons: The graphics haven't aged well, but they still look good; Mechanics are sometimes clunky (Sprinting is hard to control, and sometimes your AI Buddies won't follow your commands or will just stop shooting alltogether); and the Voice Acting isn't the greatest but atleast they sound human.

Conclusion: Old and Gold, I defiantly reccomend trying this game out, since it's like 10 bucks",True,7,2,510,435,0,1525652320,2018-05-07 00:18:40,8.5,7.25
"Total waste of space, if I wanted to watch a movie I would have bought a DVD. This is just so boring, really boring. Sitting waiting for it to actually start the game play I fell asleep twice.
Terrible, really terrible.",False,0,5,46,46,0,1524678819,2018-04-25 17:53:39,0.7666666666666667,0.7666666666666667
"One of the worst video game experiences I've ever had.

This game does nothing to innovate the Brothers in Arms formula, and it makes it even worse. The embarassing and corny plot doesn't add anything to what we've already seen countless times during the last 20 years, being a blatant rip-off of the  Band of Brothers series stuck in the dichotomy of Germans = bad, evil // Americans = cool and heroes.

The market target of this thing seems to be 10 years olds who got excited after having watched the Band of Brothers series above mentioned, with ugly graphics, even for the 2008's standard, ♥♥♥♥♥♥ AI even on the highest difficulty setting, stupid and nonsensical plot, an audio quality that is frankly embarassing, empty and bland environments, a very short campaing (this might be a blessing, actually), and a dumb down, boring gameplay. Concerning the last point, even the game itself acknowledges that it doesn't work very well, and it throws you into solo sections that take away squads commands and make the game even worse than it actually is. Yes, a (supposedly) tactical shooter that removes the tactical element. 
But there is a reason behind this, namely that this game wants desperately to be CoD. This lack of identity is obvious also from the tank sections, the regenerating health, and the inept AI. 

This game is a failure on all fronts, avoid it like the plague.",False,9,4,638,638,0,1523385861,2018-04-10 18:44:21,10.633333333333333,10.633333333333333
"I never managed to sit through an entire campaign without getting bored until Brother in Arms: Hell's Highway. The gameplay is really fast passed, intense and fun! Not only is it a amazing FPS game, it also has components of tactics and streategy. The story is also very well made and touching. I strongly suggest trying this game out. Cant wait for the next BIA game to be released. 

Cheers!",True,9,0,1937,1937,0,1522680475,2018-04-02 14:47:55,32.28333333333333,32.28333333333333
"[h1] Brothers in Arms: Hell's Highway [/h1]
[i] So, I played the previous games from this series and it's Hell's Highway that I liked the most and I do not say that the previous ones were bad or something just a little bit too hard controls for me. Here it is different and despite the bugs especially those with a tank I spent a nice time with this production. The gameplay itself is ok, the shooting has been a little improved especially those from outside the cover. The plot, like in the previous ones is really enganging and I even shed a few tears. Unfortunately, the missions with the tank are a bit embarrassing, they are not bad but when you hover over a broken cannon it throws your tank into the air. This is not a bad game and if you want to remember old times or you never played a whole series or you missed Hell's Highway, just like me, you can buy a whole package for not a lot of money.",True,9,0,510,510,0,1522306617,2018-03-29 06:56:57,8.5,8.5
Bought all the BIA for $5 on sale.. I got my moneys worth here. This game is pretty good. Im not a fan of the squad leader aspect i just played it like a typical shooter. Graphics are very good for 10 years old. They actually use voice acters from band of brothers which is cool. Buy/10,True,4,0,312,312,0,1522059946,2018-03-26 10:25:46,5.2,5.2
I am 27 and I think this is the best ww2 game I have ever played if you play it right as far as taking cover and directing your squad. Take full advantage and it is amazing how well made this game is.,True,1,1,614,463,0,1522049600,2018-03-26 07:33:20,10.233333333333333,7.716666666666667
"░░░░░▐▀█▀▌░░░░▀█▄░░░
░░░░░▐█▄█▌░░░░░░▀█▄░░
░░░░░░▀▄▀░░░▄▄▄▄▄▀▀░░
░░░░▄▄▄██▀▀▀▀░░░░░░░
░░░█▀▄▄▄█░▀▀░░
░░░▌░▄▄▄▐▌▀▀▀░░ THIS IS SPOOKY BOB
▄░▐░░░▄▄░█░▀▀ ░░
▀█▌░░░▄░▀█▀░▀ ░░ COPY AND PASTE HIM,
░░░░░░░▄▄▐▌▄▄░░░ SO, HE CAN TAKE
░░░░░░░▀███▀█░▄░░ OVER THE STEAM
░░░░░░▐▌▀▄▀▄▀▐▄░░
░░░░░░▐▀░░░░░░▐▌░░
░░░░░░█░░░░░░░░█░░░
░░░░░▐▌░░░░░░░░░█",True,0,0,526,525,0,1522044842,2018-03-26 06:14:02,8.766666666666667,8.75
"If you like tactical shooters or enjoy military history, there's enough here to satisfy you. However, the story did put me off a bit as they attempted to fall in to typical movie tropes.",True,0,0,791,791,0,1520878936,2018-03-12 18:22:16,13.183333333333334,13.183333333333334
"Third chapter of Brothers in Arms, a really good game that deserves a sequel or for the very least have its games in Steam because the gameplay was truly amazing. Just like the previous games it involves tactics and takes more than skill to win. However, I feel the need to say the gameplay seems to be rather easier than the previous two as it has dig in (you can take cover, which goes third person, easier to spot the enemy without popping your head out), and health regeneration (which means you can take the time to heal up without worrying about getting wounded unlike the previous games).

Still, the cutscenes shows to be more interesting and the gameplay was fun. Definitely worth buying the 3 games.",True,0,0,408,408,0,1520726889,2018-03-11 00:08:09,6.8,6.8
"I like the game, love the series.  They need to remake it soon.
This ""squad"" control is great, really makes you think. 
Wish the squad was better shooters.
Overall enjoyable game.
",True,0,0,711,606,0,1520216000,2018-03-05 02:13:20,11.85,10.1
"[h1][b][i]Brothers in Arms: Hell’s Highway[/i] – Gearbox Software[/b][/h1]

Upon the completion of the final installment in Gearbox Software’s acclaimed trilogy, I have quite a lot to say. Not a lot of it is good. Brothers in Arms: Hell’s Highway was released on PC on October 8th, 2008, and takes the protagonists of the previous games (who for review purposes I will now name) Matt Baker and Joseph ‘Red’ Hartsock directly into Operation Market Garden, the ambitious offensive planned by the foolhardy General Montgomery to bridge a path along the Netherlands and forge a direct line straight into the German heartland past the Rhine river. Be aware that I did my first and only run-through of this game on the hardest possible difficulty, with an additional difficulty being unlocked at the end of my play.

Brothers in Arms: Hell’s Highway has clearly sought to elevate the Brothers in Arms foundations established in the two previous games to new heights, taking every aspect of what made up the series and presenting it on a new scale both functionally and visually. However, immensely serious changes in gameplay dynamic make the game abundantly easy even on the games hardest first time difficulty, with other functional changes impacting the way the game is played as well. Visually, the game is quite amazing at most points, Gearbox Software employs the Unreal Engine 3 to great effect, creating what is by far one of the greatest looking World War 2 action games I have played to date. But all this is hampered by a weakness in what Brothers in Arms prides itself most in: Plot. It’s these three areas that largely define what Hell’s Highway is, that is, a very different game from its predecessors. For better or (much) worse.

What I actually liked about the game, aside from the graphical enhancements:
[list]
 [*]The use of Cut-scenes far more often, with superb animation compared to the series standard, really helps the game achieve it’s initial intention of being a cinematic war movie homage, alike to Band of Brothers. They also make Brothers in Arms’  trademark employment of recurring and developing characters much easier to keep track of, something sorely missing from the previous games which lead to a lack of connection with the plot.

 [*]The addition of a cover system, including destructible cover at regular intervals, is a welcome inclusion. The functionality of the system never gave me any issues throughout the entire game and generally made command and control a bit smoother. Vaulting too, this was an addition that made too much sense not to include I presume.

 [*]Inclusion of more friendly NPCs is a great plus. Just being able to see realistic military conditions around you, with other soldiers operating along the battlefield really helps remove the feeling of emptiness that plagued the previous games. Further effects like planes and paratroopers in the sky greatly added to this as well.

 [*]Voice acting and editing has been greatly improved with this title. Conversations between characters are for the larger part much smoother, crisper and well cut this time around, once again helping with plot development. Characters are also a lot more responsive and verbally active in combat now as well.

 [*]For the larger part of this review, I am going to speaking rather negatively about the games combat functionality and changes, so here is what I appreciated the developers doing: A greater variation of fire-teams with different weapons and abilities really helped shake up gameplay at points and Hell’s Highway’s Combat Map is a marked improvement from the situational overview screen from the previous two games. The ability to command three fire teams by the end of the game was a great choice, but really could have been implemented throughout the whole game in my opinion.
[/list]
That just about covers the praises I have for this game beyond by next paragraph. I’ve saved the graphical enhancements for last as they are the most profound improvement featured in Hell’s Highway. Almost 10 years on, and the game still looks great. The characters, combat areas and weapons are all beautifully textured, with generally consistent good animation to boot. It’s really gives a remarkable addition to the game, awarding me a shred of disbelief suspension despite all the crappy aspects about this game that are to follow. Unfortunately, as it’s well acknowledged to this day, graphical improvements are not a redeemer of poor game design.

The most glaring terrible issue with Brothers in Arms: Hell’s Highway is its gameplay changes. It simply makes small but high impact choices across the whole game and certain missions that degrade the entire experience to a shadow of the previous two games. Accuracy in the game has been raised on all weapons, leading to a situation where 90% of the time, commanding your squad effectively or using small infantry tactics is completely unnecessary and quite often less effective than simply going ‘Call of Duty’ style and picking off hostiles at range with rifle or machine gun fire. This is compounded by the fact that by default, you’re given almost four times the ammo as you were in previous games, for all weapons, with complete resupplies made available at many points in the mission. Now while in Earned in Blood you could acquire ammo from your squad mates, this function became more difficult to use under fire when 6 sub-machine gun magazines could be expended in a matter of minutes, where any hostiles represented a much greater threat. The combination of these gameplay changes leads to the entire game being painfully easy for almost its entire run time.

The final large scale issue I had with this game was the plot. Now I’m going to not enter spoiler territory and give away any plot points, but some of the things I’m going to say will only make sense after you’ve played. It’s clear that as part of their delivering a much more up-gunned experience to top off their series, they chose to bring the plot to new heights as well. Evidently dangerous heights. Essentially, the story is delivered much more dramatic and focused than ever before, in no small part due to the improved voice acting, animations and cut-scenes. But where this all goes, ultimately falls short. A vast majority of the time, the conflict between characters and the emotional trials of the characters, primarily Matt Baker, are extremely forced. By and large, and this is difficult to back up without spoilers, the game lacks subtlety. It tried to present itself as a heightened cinematic experience, but doesn’t really bring any of the story-writing skill that one always expects even with poorly made war movies. Instead, at most points, the plot is delivered in an extremely predictable and ham-fisted way, much like the plots of many action games. But where other games can be forgiven as the plot usually serves only to advance gameplay, Hell’s Highway’s plot is very clearly central to both the core of the game and the gameplay itself, with much of it being directly attached to the plot, far more than the previous two games. I honestly felt disconnected from the plot, and would have made many changes to improve it given the chance. My lack of connection was repaired for one small moment near the end of the game, but only for a moment, and it only served to remind me what the game was sorely missing. Either way, leaves a lot to be desired.

In summary, Brothers in Arms: Hell’s Highway is not the game this series deserved as its sendoff, even if they put a ‘to be continued’ on the end of the game, we all know there won’t likely be a fourth game. I played the game to its conclusion for the sake of review, but otherwise it is sorely not worth the time if one is looking for an enjoyable experience akin to the original two Brothers in Arms games. Gets a 5/10 from me.",False,15,2,1467,723,0,1519708816,2018-02-27 05:20:16,24.45,12.05
"It's one of the Best games of the Gearbox Software. Great Story of the 101st AD 502nd PIR If I am not wrong. I wrote this review Really late for I bought this game on June 2017 on Steam Summer Sale. It's a really good story with great Graphics as compared with other games released in 2008. The ending Scene brings tears to my eyes. I am just waiting for the sequel to be released before 2020 strikes in. Love it. If you wanna buy this game,Try the Prequels first of all. ""Move in Sequel""",True,10,1,2039,1024,0,1519540109,2018-02-25 06:28:29,33.983333333333334,17.066666666666666
"Brothers in Arms was always a melodramatic series, almost to a fault. Hells Highway seems to up the ante even more so here and it comes off a little too cheesy for my liking. A particular brit in the squad most guilty among this one's storyline.

That being said, this is probably the best game in the series in terms of solid combat and squad based shooting. The germans have somewhat of a brain in their heads too, in comparison to previous titles and on the higher difficulties will certainly give you a good fight.

The slo-mo killcam rarely gets old. It's just a shame that Gearbox have kept us waiting so long for a sequel that may never come.",True,0,1,1335,777,0,1519163689,2018-02-20 21:54:49,22.25,12.95
"|EN|

The pinnacle of the WW2 FPS, combining an entertaining story with a tactical based gameplay that was a pretty unusual sight back then (even still today) and awesome and visceral looking graphics for it's time, wich kind of still holds up today.

I've been playing countless WW2 themed FPS games and I'll go as far as to nominate it as the best WW2 franchise I have ever played, it's just fun, true to the real history and keeps you entertained from the beginning to the end. 

Brothers in Arms is a must have for all the gamers interested in World War Two.

|FR|

Le sommet du FPS sur la 2GM, combinant un scénario haletant et des personnages attachants avec un gameplay axé sur la tactique mais accessible à tous, ainsi que des graphismes réussis et crus pour l'époque (et qui ont bien vieilli).

J'ai déjà joué à de nombreuses franchises axées sur la 2GM, et je n'hésiterai pas à élever Brothers in Arms à la place de la meilleure d'entre-elles. C'est un concentré de fun, d'authenticité historique et vous rendra accro du début à la fin.

Brothers in Arms est une franchise incontournable pour tous les passionnés de la Deuxième Guerre mondiale.",True,15,0,5699,1576,0,1518827110,2018-02-17 00:25:10,94.98333333333333,26.266666666666666
"Decent, but no where as good as the original two games. The graphics are good for their time but the rest of the game lacks for the most part. First off, the controls. The controls with this game are almost like a REALLY bad version of the Mass Effect series. It incorporates a slow turn using A/D while srunning and I mean SLOW. No ability to run and turn with the mouse. There are a few combined keys which honestly make ZERO sense to be considering how many keys a keyboard has. For example Run/Vault are tied together. The Squad controls and mechanics feel signifcantly downgraded compared to the other two games. The gunplay also feels pretty empty and non-challenging.

Secondly and probablt my biggest gripe. Voice acting and story overall. I question whether Gearbox are really the ones who made this game. The voice acting is VERY rough and alot feels/sounds out of context. The story felt underwhelming as well. I can see the potential of a good story but it was so poorly executed that it left me with a bad taste in my mouth.

All in all its an OKAY game. Would I recommend it? NO. I would highly suggest getting the first two games and enjoying them for what they are. Even with the older graphics, Road to Hill 30 and Earned in Blood are the best games Gearbox have ever made.",False,1,0,438,438,0,1518315306,2018-02-11 02:15:06,7.3,7.3
A great addition to the series. The voice acting and battle senarios are very fun and challenging. The only downside I have to the gameplay is the 3rd person/cover. It makes for some unrealistic gameplay advantages. Other than that the fov for iron sights are a bit choppy but could probably fix that in the ini files.,True,1,0,1456,1456,0,1515962331,2018-01-14 20:38:51,24.266666666666666,24.266666666666666
"Very nice. I mean it's not as good as the first two but it still is on point. Okay it still gives you the feeling you are in the war, you're fighting but there's something missing. At first i gotta say that i liked the tactical map has changed. It looks better in my opinion. Graphics got better as years passed. Sounds are kinda changed but i don't think some soldiers sounds as the older games. But the ironsight looking got worse it shakes in sake of pumping up the realism but it really feels like it got bugged. And crouching got pointless since they've brought a new system 'Dig in'. It may sound like good but you suddenly get the third person view when you dug in and it takes the authenticity away. They could've done it in first person but this time you would've to deal with that ironsight aim and it's really no good. And crouching is senseless becasue when you crouch on a cover you still get hurt but when you dig in in the same cover it suddenly becomes bulletproof. There's also one another point: Cinematics. They're good but you sometimes fell like they are overused. Missions kinda all the same, you always destroy panzers or some 88 Flaks. And then there's tank missions. It really bored me. With all of this cons i'd still recommed this game because it still gives you enjoyement despite all of this bad sides.",True,0,0,424,424,0,1515955925,2018-01-14 18:52:05,7.066666666666666,7.066666666666666
"[h1]TL;DR: A Squad-Based FPS with interesting ideas but with clunky controlls and boring gameplay.
This could´ve been a good game but leaves you frustrated, bored and angry. And often times ""Lee-Roy-Jenkins-it"" through a level just to complete the damn thing.[/h1]

[h1]I´ve wanted to play this[/h1]
kind of game for SO long. When it comes to WorldWar 2 FPS´s they mostly play like your avereage shooter, Call of Duty 1 and 2 rinse and repeat.
I´ve longed for a ""Band of Brothers"" (it´s a TV-Show) kind of story in a FPS title forever! 
However, I´ve never really got to play that game. I thought that this was going to be it!

It isn´t.
""But why man? This is made by the same studio that gave us Borderlands 2!"" I hear you cry out.

Well, I´ll tell you why.

[h1] The Story [/h1]
It wants to be emotional and tries really really hard to be Band of Brothers but it feels so ♥♥♥♥♥♥♥♥ stale and cringy at most times.

You have the war, allright that´s one part of the story, you know murdering nazis and pushing through frontlines. So on that part the game certainly delivers.

However, there´s also a sub story about a ""presumably possessed"" gun of some sort that happens to kill people who carry it. Some people in the protagonists squad died while arguing and the gun was in these characters posession at the time, really I couldn´t care less. 
The whole thing is so flat and kind uninspired and rarely mentioned or marked upon except during a handful of cutscenes.

If they wanted to point out that the gun was cursed, why not implement it in gameplay? Have it jam? Have it clog up or extra big muzzle flash, have something happen to it, anything. Instead it just sits there, you use it as a secondary weapon once your main one is out of ammo, no penalties. Nothing.

Also, what makes Band of Brothers interesting and good is the fact that the combat scenes don´t last an entire episode. Some episodes don´t even want you to focus on those parts.
Would it kill Gearbox to implement some kind of mission where you might sit in a camp at night, enduring through mortar fire for a while and picking up after that with some fire fighting. Nope, This game offers you little variation to none.

[h1] Controlls
 [/h1]

Clunky and dated, thankfully they are remappable.
The squad commandeering mechancis are OK at best. Although why can´t you just move your squad around on the map, directing them behind cover and such? 
Instead you have to run to a place where you want them to go, or be close to that partucular place and push a button, telling your squad to go there and then watch them run over. While you give them covering fire.
It really is just as I describe it. Boring, tedious and plain stupid. Like what ♥♥♥♥♥♥♥♥ military unit would do this? You´d look right daft.

[h1] Buy or don´t? [/h1]
Not even worth it on a sale, even IF you are a bit curious, I wouldn´t recommend this game. It really won´t kill you if you sit this one out.",False,0,1,990,990,0,1515757128,2018-01-12 11:38:48,16.5,16.5
"Brothers in Arms: Hell's Highway is a step away from what made the series special, and after playing it, I can see why the series was canned after this one.  
 
The Brothers in Arms series prided itself with having very ""authentic"" gameplay, you had to employ tactics close to what was really used during WW2, like using suppressing fire and flanking. This was not perfectly implemented, and it could be a bit frustrating when your aim felt artificially crippled, but it did encourage a specific playstyle that gave a good representation of the real life tactics. Hell's Highway drops all pretenses of being ""authentic"" and becomes a full on gallery shooter instead.   
  
[B]Graphics & Sound[/B]

Hell's Highway is a game from 2008, and thus the graphics do look a bit dated. The screenshots on the store page feels very ""generous"" in their representation of the graphic, the game does not look that good. That's not to say it's a terrible looking game, most animations look quite alright, and the texture work is hardly bad. But it's showing its age.  
  
In terms of sound, the game is quite alright. Most weapons have a good kick to them, and the voice acting is relatively good. Although there should have been more voice clips recorded for the general chatter, you end up hearing the exact same lines repeated very often, and sometimes not even at appropriate moments. Like squad members complaining about the lack of movement right after they had advanced to a new piece of cover.

[B]Story[/B]
Much like the previous Brothers in Arms games, Hell's Highway really does try to tell a story, and for the most part, it does a good job at it. There's some superstition about a gun where everyone who holds it ends up killed, and this creates a bit of friction among the men. On top of that, the losses that they've suffered are starting to weigh on them, and a good chunk of the story is focused on the well being of the soldiers. And for the most part, this is quite well told, it gives you the impression that war is no game, and everyone in it suffers. And when the story puts its focus here, it's at its best. But then there are moments that get overly ""cinematic"", where the characters act like action heroes, and at other moments they're just acting stupid to create dramatic moments. These parts really pull down what otherwise could have been the best story of the series.  

In terms of historical authenticity, this game is... wonky. For an example, the Germans only seem to have one type of stationary/towed gun, and that's the 88. So you keep having to destroy a lot of 88s. Anyone familiar with this conflict knows how silly this is, and it's a bit like how in some games & movies, every German tank is a Tiger tank. It's just silly (in a bad way).

There's also a really out of place level where you run around in a long abandoned, ruined, burning hospital, with German soldiers calmly patrolling. Why are they there, and why don't they care about the fact that they're in a burning building? And why does this level have cheap jump-scares and music that would be at home in a horror game? It's just so jarringly out of place. 

  
[B]Gameplay[/B]
  
Oh boy, here the game suffers. As I mentioned previously, the older games in the series were trying to be relatively authentic squad level tactical shooters set during WW2, where you were forced to employ real life tactics to succeed. Suppressing and flanking was the name of the game, and you were given some somewhat artificial limitations in order to force this playstyle.    
This game removes those limitations, and also gives you regenerating health, and it completely changes the nature of the game. Where previously the most effective tactic was to suppress and flank, with just exchanging shots with enemies in cover being a slow and ineffective process, in this game your aim is very accurate, resulting in the best tactic being to sit behind cover and just waiting for the enemy to show themselves. As you've got regenerating health, taking hits is acceptable, so you can play in a very reckless way, as long as you're still in cover, or if there are not enough enemies to take you down before you start regenerating again. Your squad members are also a lot less important, and just to encourage reckless gameplay a bit more, any downed squad member will be returned as soon as you meet an objective. Where previous games encouraged you to be careful, this game encourages you to be reckless. 
The result is a game that feels like it does not know what it wants to be. Does it want to be a loud & dumb action game with fast paced combat, or a tactical shooter which forces you to play carefully and plan your every move? Well, why not an awkward compromise? The game just feels watered down, like a compromise made to appease everyone, but which pleases no-one.  

 
[b]Closing thoughts[/B]
  
While Hell's Highway does have a mostly well told story, the gameplay compromises cripples the game. I don't like to call a game ""dumbed down"", because most of the time when people say that, it seems to be because the developers make the game more intuitive and cuts needless clutter that just slowed down the game without adding any real depth. But this is a case where it dumbed down really fits. They removed most of what made the series special, and the result is a game that just feels watered down and unimpressive. And I completely get why they canned the series after this, despite the game ending with a ""to be continued"" and a part 4 being in the works.",False,115,17,491,491,0,1515220124,2018-01-06 06:28:44,8.183333333333334,8.183333333333334
"This Game Is from 2008 but dont let that put u off if you are a fan of Band Of Brothers Buy this game the story is good and the mechanics are Great however when u first start the game change the seting as the original controls are a bit confusing 
",True,0,0,553,553,0,1515203890,2018-01-06 01:58:10,9.216666666666667,9.216666666666667
"This game is decent. I had to reset the controls because for me they were screwed up. Gameplay is fun and immersive, die very quick even on easy. Pretty realistic aiming and killing is harder than like COD Was. All in all decent game WAS
",True,0,0,198,52,0,1515179429,2018-01-05 19:10:29,3.3,0.8666666666666667
"Not so sure about the prior games in the series, they've aged a lot. But BiA: HH has aged very well
for a 2008 game, it still has a lot of worth to play
if you like xcom and/or any ww2 fps games, you're sure to like this. gives you a lot of options for playstyle.

bought this game for the nostalgia, as i played in on the xbox 360 when i was younger",True,2,0,623,230,0,1515147726,2018-01-05 10:22:06,10.383333333333333,3.8333333333333335
"This delivers everything CoD WW2 promised and failed to deliver.

If you want to feel what war is actually like;
here you go an accurate simulator

(psst. your buddies will help you not get too scared ;))",True,8,0,931,389,0,1514392894,2017-12-27 16:41:34,15.516666666666667,6.483333333333333
"I have recomended it however, The AI is thick as ♥♥♥♥!  Your team members will go out of their way to get killed, ask them to run behind cover, they run in front, I would advise to play most of it yourself if you wish not to take asualties, personally I'm at the point where I try to get them killed quickly so you can move on :/ otherwise great game",True,1,0,1166,1127,0,1514359520,2017-12-27 07:25:20,19.433333333333334,18.783333333333335
"I like it :D Becouse:
-There is a option to order were your team to go and it is not that complexed soo it's easy to get it,
-The shooting is more advanced and it's not working out to just spray and pray xD like other cods.
Also cutscines are well made :D
It's COOL!
",True,2,0,211,99,0,1514237846,2017-12-25 21:37:26,3.5166666666666666,1.65
"You know the 5 minutes I have on this game? It's mostly the initial cutscene. I just wanted to play some WWII FPS but I couldn't get through the initial (not really) feature length film. No skiping option or anything. 

So yeah...",False,1,5,5,5,0,1514217747,2017-12-25 16:02:27,0.08333333333333333,0.08333333333333333
"+Terrific storylines
+Tactical gameplay that discourages you from doing run and gun
+The sound of explosions and bullets whizzing past your ear with teammates and enemies yelling about during battles add the immersion further

Definitely the closest thing you'll get to Band of Brothers : The Game

Hopefully they'll make the next installment soon.",True,12,0,365,355,0,1514207960,2017-12-25 13:19:20,6.083333333333333,5.916666666666667
"Last time I played Brothers In Arms was seven years ago for the 360 and now playing it again on PC with higher graphic's its still a beautiful game. The story is  well written and the video cinema cut-scenes are nicely filmed but it could really use a Remaster in texter. Comparing this to Call Of Duty: WWll campaign Brothers In Arms is still the better game in terms of Story&Character deveolpment; in ways of being more accurate to the time period and military weapons as well. The acting for both games are very similar, some voices are better toned than others in relation of the character emotion's. I enjoyed CODWWll campiagn but overall for: Creation effort, Story, Historic accuracy, proper weapon usage, Brothers In Arms excels. COD  has a winter setting and might look 200x's  nicer and sound better while having more weapon's too choose from but at the end of it they didn't put as much effort in story telling to B.I.A.

I understand its pretty much Band Of Brothers but at least it feels like soldiers banding together not a  sergeant screaming at his second for half of the game.",True,3,1,1144,494,0,1514134896,2017-12-24 17:01:36,19.066666666666666,8.233333333333333
"For me the favourite of the series, sadly also the last, the story is compelling and the game is fun and fast paced you don't feel rushed though. 
The slo-mo killshots are a nice touch but overall this game is very fun, you can try to play it casually but the story will have you hooked.",True,0,0,479,176,0,1514123103,2017-12-24 13:45:03,7.983333333333333,2.933333333333333
"This game is giving you zero BS. In this game, you'll literally shoot your way out through Hell's Highway. This game may be old, but the game itself takes what I call ""Squad-Leading"" to a new height. The storyline and cutscenes are deep, so a death of your crew would burst your tears out.

Recommended for everyone, with great rig or a crappy one 10/10",True,0,0,1422,793,0,1511872597,2017-11-28 12:36:37,23.7,13.216666666666667
"It's tactical first-person shooter with a strong emphasis on the ""tactical"" side of that equation. I always enjoy shooters that at least try to inject some brain power into their gameplay. By far the best game of the series. While some of the voice acting leaves a little bit to be desired, the story, gameplay, soundtrack, and especially the mutilation effects of explosives and automatic weapons congeals to make a shooter experience that is by and large the most carefully crafted WWII shooter game there is. I'll take points off for the occasional voice acting slip up, but everything else is excellently done. I give it a strong A rank. 

9.75/10 

A rank",True,0,0,1613,821,0,1510209778,2017-11-09 06:42:58,26.883333333333333,13.683333333333334
"Brothers in Arms: Hell's Highway is a marked departure from the earlier games in the series, in terms of gameplay. While the basis of the game (suppress and flank) remains, the ability to ""dig in"", ala Gears of War, fundamentally changes how you play. It is now much easier to kill the enemy yourself, as the cover mechanic significantly changes how the gunplay works. Cover, along with a health regenerating system, renders this a very different experience to either of the preceeding games. That being said, this is still a very good game, and the best in the series in my opinion. From story telling to the raw experience of the levels, everything is more polished than either of the previous games managed to achieve.

From a technical perspective, the decision to use Unreal Engine 3 was a wise move, as the gameplay feels fluid and graphically still holds up today. Everything visual and technical has been stepped up a few notches from the previous entries in the series.

Highly recommended to FPS fans.

Played on Windows 10 Pro x64 without any issues.",True,8,0,503,503,0,1509880791,2017-11-05 11:19:51,8.383333333333333,8.383333333333333
"This isn't a terrible game, but it's not very enjoyable either.

There's a very-easy-to-trigger game breaking bug halfway through that just ended the game for me. It will never be fixed.
Core gameplay is quite fun (command your squad, fix the enemy, flank them...), but badly served by a poor level design in my opinion, and terrible aiming/shooting.

Story is okay, characters meh... I liked BiA: Earned in Blood a lot more.

If you like story/character driven tactical FPS, and the WW2 setting, you might enjoy this. Otherwise you can skip.",False,9,2,413,340,0,1509638169,2017-11-02 15:56:09,6.883333333333334,5.666666666666667
"I strongly reccomend this game to (A) any ww2 enthusiasts and (B) even more so to enthusiasts of military tactics post ww1 .. Im writing this review somewhat prematurely, having only really played through the first few missions; but wow, just wow. Not only has this game aged extremely well, the whole premise of leading a squad of AI is executed astonishingly well in this title. If only UBISOFT still made games this well considered! Well worth the now highly affordable price tag. 

NOTE : This is my first Steam review, I generally dont bother. But seeing as ive heard very few people talk about this game I thought it worthwhile putting something up on here! :) 

Enjoy!",True,6,0,160,49,0,1504309733,2017-09-01 23:48:53,2.6666666666666665,0.8166666666666667
"Blooming good game - the squad based system works great, the graphics at times are outstanding for a game nearly 10 years old and the story is quite good too - bargain for £7.99 strongly recommend even though this is not really my genre.",True,0,0,487,487,0,1503107983,2017-08-19 01:59:43,8.116666666666667,8.116666666666667
"This can be the best WW2 game that has been released. There aren't many games which made you care about the side-characters and the protagonist. At the end of the game I felt like I was the protagonist and that feeling my friend, is unique.


I think that this game should win the ''I'm Not Crying...'' -category (my own) because the game's story is just incredible, I cried at the ending scene, and I also cried because it ended....",True,0,0,1458,774,0,1502210238,2017-08-08 16:37:18,24.3,12.9
"A brilliant game, but some real annoyances...

First off, this is a great game and if it comes up in the Steam sales for a few quid - buy it!

I didn't play this franchise first time around and have only just played it for the first time(2017), I really missed out.

The Gfx are pretty good given the age of the game, and the gameplay is pretty original. The squad based combat is cool and it's great commanding units under fire.

My main gripes with this  game are;

1. Too many unskippable video cut scenes. I mean, this game is very story based and between missions (and sometimes mid-mission) you are forced to sit through unskippable videos that go on for minutes. Fancy a quick game? No chance, before you can ""hop in"" yoiu have to sit through a 2 minute video/

2. Can only save at checkpoints. Now, this isn't too much of a proble, apart from the few really annoying missions where yoiu inevitably die after a few minutes and you are forced to play the same boring few minutes over and over again.

All in all, a brilliant game. But so annoying in certain parts.",True,27,1,679,478,0,1500930820,2017-07-24 21:13:40,11.316666666666666,7.966666666666667
"Horrendous sequel to a classic series. The gameplay is absolutely ruined. You are FORCED to ""take cover"" behind things which puts you in a third person view where you can't shoot from. There is no hit detection so when you are hit you don't know it...you just die. Often the things you hide behind break apart and again you die. The game just doesn't feel like the originals which is sad because they were great.

In my defense, I played this game on disc which is why my time clocked on the Steam version is so low. I wanted to give it one last try since I couldn't really remember playing it on disc back in the day.",False,4,1,48,48,0,1499029682,2017-07-02 21:08:02,0.8,0.8
baker and company are at it again in one of the best installments buy this game if you like a great story. Buy this game if you like wwII stuff. Buy this game if you like commanding squads just buy this game and tell them you want a finale to this great story,True,2,0,104,32,0,1498938259,2017-07-01 19:44:19,1.7333333333333334,0.5333333333333333
"---{Graphics}---
☐ You forget what reality is
☐ Beautiful
☑ Good
☐ Decent
☐ Bad




---{Gameplay}---
☑ Very good
☐ Good
☐ It‘s just gameplay
☐ Mehh
☐ Starring at walls is better




---{Audio}---
☐ Eargasm
☑ Very good
☐ Good
☐ Not too bad
☐ Bad
☐ Earrape




---{Audience}---
☐ Kids
☑ Teens
☑ Adults
☐ Everyone




---{PC Requirements}---
☐ Check if you can run paint
☑ Potato
☐ Decent
☐ Fast
☐ Rich boiiiiii
☐ Ask NASA if they have a spare computer




---{Difficulity}---
☐ Just press ‚A‘
☐ Easy
☑ Significant brain usage
☐ Easy to learn / Hard to master
☐ Difficult
☐ Dark Souls




---{Grind}---
☑ Nothing to grind
☐ Only if u care about leaderboards/ranks
☐ Isn't necessary to progress
☐ Average grind level
☐ Too much grind
☐ You‘ll need a second live for grinding




---{Story}---
☐ Story?
☐ Bad
☐ Average
☐ Good
☑ Lovely
☐ It‘ll replace your life




---{Game Time}---
☐ Long enough for a cup of coffee
☐ Short
☑ Average
☐ Long
☐ To infinity and beyond




---{Price}---
☐ It’s free!
☑ Worth the price
☐ If u have some spare money left
☐ Not recommended
☐ You could also just burn your money




---{Bugs}---
☐ Never heard of
☑ Minor bugs
☐ Can get annoying
☐ ARK: Survival Evolved
☐ The game itself is a big terrarium for bugs


Review Notes: Game time on PC is different as I have completed the game twice on PlayStation 3.",True,0,0,195,195,0,1498311026,2017-06-24 13:30:26,3.25,3.25
"EPIC.


With rudimentary resources and technology, this game perfectly utilizes everything on hand and make them great. 

From cutscenes to combat system, nothing from this game can feel dull.

This is a game that truly deserves a remaster, with the very special squads command system, and its heroic plot. The first person experience in Holland 1944 feels like you, yourself, are Matt Baker. A WW2 combat veteran who suffers PTSD the same time leads his brothers throughout brutal fire and fights. While playing as a Sargent, you too can enjoy the tears, the joys and the scars amongst all of your troopers. 

This game does not dehumanize you into a human killing machine, everything from the game reminds you contantly you're still a human, fighting in a war, you feel sorrow, happiness, love and all. This game dipicts war from other angles, contradicts the stereotype of war. There are good things happened in wars, and you too can enjoy them. 

The cutscenes and plot from this game are unforgettable, if only nowadays publishers can put a little time into these and focus on a game's key elements.",True,43,1,285,285,0,1497113562,2017-06-10 16:52:42,4.75,4.75
"(Played on normal difficulty) Im gonna say that this part is the weakest from the series. Not only they took away possibility to hide suppresion bar, but they made the game a lot easier. Best way to show it are enemy tanks. Not only they are going around in circles but they will not aim they main gun on your squad. In previous two epsodes you was forced to find a way around an enemy tank, find panzerschreck or panzerfaust and destroy it. Tank mission were boring for me too. Enemy AT squads are useless, 88 flaks were for 2 things. But i must say from the story telling this is a masterpiece. You will finally for the first time get to know characters like Red, BAker, Paddock and others. You will get to know some backstory, it will reveal some secrets from the previous games and many more. When you're fighting against enemy infantry the game is really fun. YOu will have to choose which enemy squad is best to supress so you can easily flank them with your ther squads or alone. Together it's really good game with good storytelling and gameplay. Still waiting for the sequel.",True,0,0,848,534,0,1495696878,2017-05-25 07:21:18,14.133333333333333,8.9
"Originally I thought it would be a great game, but after I went through it, I find its nice concept, nice story and nice graphic (considering the time it comes out), however I just can't call it as a great one, and here I choose ""not recommand"" because I want to make my point clear. 
First, due to this game has a strategic part and a really strong story line, it reminds me of other 2 games, the Call of Duty 3 and Hidden & Dangerous, moreover it has more mental discription which sometimes can freak me out. All these are sweet, but at the same time the control of this game is kind of awkward from my point of view. For example, I don't feel quite smooth when I walk; when I want my unit move to the next cover, then I have to stay behind (or at the same line) that cover, otherwise I just can't pick the order point to make my unit to move behind that exact cover. Additionally, the game play is also being too repetitive to me.
Then I would say that I still enjoy playing this game, maybe 7 out 10, if they have the next generation, I will buy it and eager to see what's new.",False,12,0,528,528,0,1495677968,2017-05-25 02:06:08,8.8,8.8
"played arned blood and hill 30 but this third one is the best playing on  gtx 950 mid range card and played it on everything on high settings and got no slow down whats so ever, and well worth playing shooter, but found the cut scence slightly to long. would like to give it 10/10 but with the cut scence,s  9,5/10.",True,7,1,622,569,0,1494031074,2017-05-06 00:37:54,10.366666666666667,9.483333333333333
"Brothers In Arms: Hell's Highway
pros:
//fast game with modern day graphics with easy controls that moves from location A to B to C and so on
//good amount of action and special effects
cons:
//some difficult battles
//some lack of directions/instructions

//good game
Personal Suggested Purchase Price: $1.49 Or Less During Sale",True,4,1,323,323,0,1493610066,2017-05-01 03:41:06,5.383333333333334,5.383333333333334
"A jewelry, a good simulation World War II , one of the best in the series.

Graphics very beautiful, very well detailed, the cinematics are very well realized.

Gameplay is nervous, squads can be ordered,
Different strategies can be,
The weapons are very well done and excellent to play, beautiful music.
The game is pretty old but it always stays on top !

Nothing to say, i recommend it for lovers of World War II !",True,3,0,1426,1264,0,1493219067,2017-04-26 15:04:27,23.766666666666666,21.066666666666666
"""What is it that makes a great soldier? Is it his brain? Or his heart?""

These are the words spoken by Sergeant Matt Baker. A platoon sergeant in the US Army's 101st Airborne Division, and one of the iconic protaganists of the Brothers in Arms franchise. Brothers in Arms, as i've stated before in my previous reviews, is my favorite WW2 themed franchise; and with good reason. But Hell's Highway is it's own seperate animal. While retaining the core story, characters, and features that the series is known for, Hell's Highway takes the traditional BIA formula, and injects it with steroids. Everything the previous games did right, this game does it better. But, it's not my personal favorite in the series. That title belongs to Earned in Blood. The reason for that is because Hell's Highway has a few strange design choices, and nitpicks that hold it back from being my go-to. That being said, overall, I think Hell's Highway IS the best when compared to the rest of the franchise. Just not my favorite. But, enough beating around the bush. Let's get into it, shall we?

Story: Brothers in Arms: Hell's Highway is set in the midst of Operation: Market Garden. The massive air and land invasion of Nazi-occupied Holland of which the end goal was to liberate the Netherlands, break through to Germany, and end the war before Christmas. However, due to the overconfidence of some Allied commanders that the Germans were on the verge of collapse lead to them overextending the Allied elements, and eventually to the failure of the operation. In Hell's Highway, you take on the role of Sgt. Matt Baker. A platoon sergeant in the US Army's 101st Airborne Division that takes part in the airborne side of the invasion (obviously). Baker finds himself in a tough spot at the outset of the game. Due to all of the casualties taken and friends lost during D-Day, the company has taken on many new uppity replacements. Those that survived the initial invasion are obviously a bit urked by how excited the newbies are for combat, and thus, Baker, as a platoon leader, must try to convey some sense of order. After the company settles with it's compatriots, it's time for the real deal. You'll be travelling to many locations throughout Hell's Highway. From the colorful and vibrant Holland countryside, to the bombed out ruins of war-torn cities. All the while coping with the sorrow and guilt of those that we've lost thus far. Hell's Highway's story is second-to-none in the realm of WW2 shooters, even today. Rivaling that of the HBO series Band of Brothers if followed across all three installments. That should tell you all you need to know if you're asking if the story's any good.

Graphics: Hell's Highway is an absolutely beautiful game, even by today's standards. The vibrant colors, overall fidelity, and lighting are stunning when looking at the time the game was released. Visual feedback and most animations are good as well, though there are some that could do with some improvement. Overall, there's not much to complain about on the graphical side of things.

Sound: Hell's Highway's sound design is well above average, i'd say. It's a definite improvement from the previous installments, but some weapon sounds could certainly stand for some improvements. The MG-42, for example still retains that downright annoying Hollywood stock machine gun sound. It sounds more like a broken chainsaw belt than the menacing ""Hitler's Buzzsaw"" that we all know. But, that's more of a nitpick than anything. Voice acting is great, as always in BIA. And they actually added more explosion sounds this time around! Overall, sound design is good. If you're not a stickler for it, there's not much to hate.

Gameplay: Now we're getting into the meat and potatoes of it. Gameplay is, by far the catagory that Hell's Highway stands out in. It's been completely revamped and streamlined for 7th gen, and it's a monumental improvement from previous installments. The ""feature"" where your character waves his weapon around like a cracked out zombie has been completely removed, the movement system is much more fluid with the addition of a sprint function, and the ability to jump and vault over walls, and with the addition of a sticky cover system, you'll no longer have to worry about having to run all the way across an open field just to hide behind a conveniently placed rise in the dirt. Additionaly, new weapons have been added, and many have been improved. The franchise's staple feature, the squad command mode has also been reworked and streamlined to be much more useful. This combined with some greatly improved level design results in the game being fun, and makes the player feel as though they're making progress, and not just going from firefight to firefight. Overall, the gameplay in Hell's Highway's the best it's been in the franchise, hands down.

Conclusion: Brothers in Arms: Hell's Highway is a great game. And a great BIA game at that. As I said before, it's my personal belief that Hell's Highway is the best in the series from an ""everything included"" point of view. Just not my personal true favorite. It more than earns the title of ""cult classic"" in my opinion. And is one of the best WW2 shooters out there. If you're looking for gritty, emotional, blood-soaked rollercoaster of a WW2 game, you can't go wrong.

Final Score: 9/10

Now, let me ask you...how do you feel about snow?",True,7,0,899,775,0,1492824821,2017-04-22 01:33:41,14.983333333333333,12.916666666666666
"""Crush the germans with our scary zoo animals... SCHEISSE EIN ZEBRA﻿!!""

Red:""Hey the Zebra is a fierce animal""

10/10 best WWII shooter in existance, no joke.
I think this is the second time ive bought this game its that good.",True,16,6,448,185,0,1492032753,2017-04-12 21:32:33,7.466666666666667,3.0833333333333335
"Hell’s Highway is the third (and most likely final) installment of the Brothers in Arms series. 

Just like the older games, Brothers in Arms is a tactics based shooter, but unlike the other games, Hell’s Highway adds many different systems that the others games lack. Accuracy is tighter than the other titles of the series, grenades are easier to throw, the game introduces the “dig-in” mechanic, you get a couple new squad types, and various forms of cover can be destroyed.

The story continues to follow Sgt. Matt Baker as he continues to fight and slowly falls victim to the horrors he has faced, and it’s just as great as, if not greater than, the previous games.

In short, this game is more up-to-date then previous titles and feels much more polished than the other games. But at the same time, it still captures the emotional experience that made Brothers in Arms stand out.
",True,0,0,5,5,0,1491974496,2017-04-12 05:21:36,0.08333333333333333,0.08333333333333333
"I bought this game a couple years ago, and when I installed and first played it I thought it was amazing. Then, I got to the hospital. I could not believe my eyeballs. The germans were shooting me. I was an innocent man looking for treatment, and I got SHOT FOR IT. This needs to be fixed. Germans are good people.",True,1,2,1560,1393,0,1491682329,2017-04-08 20:12:09,26.0,23.216666666666665
"""What is it that makes a great soldier? Is it is brain or his heart?""

-Matt Baker

This is not a game. This is a TRUE masterpiece. 

Welcome to Brothers In Arms: Hell's Highway. Get ready for a trip to the past, with one of the most immersive, well-created, tactical FPS in the history of video-games. This is one HELL of a game. It follows the men of the 101st Airborne Division in the later stages of World War 2, during Operation Market Garden, in the Netherlands. You'll be playing as Staff-Seargant Matthew Baker, and you'll be the one commanding your teammates. Their lives depends on you, on your judgement and how fast you can create a strategy inside the battlefield. Unfortunately, this is the last installment in the series, at least for now, but we still hope that Ubisoft will give us another Brothers In Arms, with current gen graphics.

The graphics are very good for a game from 2008. Obviously last gen graphics, but nothing that will stop you from playing it. The controls are extremely fluid and I've never had a problem with them. The gore is amazing, you'll see body parts flying around, and depending on the weapon you're using, it might dismember the enemies or not. 

Keep in mind, before you buy, this is NOT a typical run and shoot game. It does involve strategy and thinking, so if you think that running around on the battlefield will solve it, you're better off not playing it, because you'll die within seconds. 

This game is worth the 9,99€, but if you manage to buy it on a sale, for 4,99€, get ready for a trip to Feeladelphia!

10/10",True,22,0,639,454,0,1490483605,2017-03-25 23:13:25,10.65,7.566666666666666
"it's not bad, but I would say brothers in arms franchise do not live upto classic call of duty nor medal of honor standard. 

Let me begin with good aspect of the title. 

The music is great. The writings aren't bad. 

The fluency of using both FPS and TPS system is great. You get a flow of  movement in action without any awkward control nor movement unlike many other attempted titles suffer from. 

The title is more action oriented which I'm very glad to see. 

and the graphics are pretty nice. Unlike the other two titles, this title aged very well. 

and that's about it. 

The recoil and shooting experience actually feel less authentic compared to the previous titles. The weapons are still less accurate, but has less recoil. Not a smart decision. 

While it is trying very hard to impress and attach emotions to chracters, it feels too short to be attached. 
and it's been like this throughout whole franchise and this title is trying the most. 
I feel like I was more attached to chracters in call of duty like Pvt Elder when stealing a car. 
He died the next mission? dang I liked that guy. Poor ♥♥♥♥♥♥♥. 

The mission designs are too linear. 
I do appreciate how dev developed suppressing fire and morale system have developed, but they should have not used it as a core mechanic. 
For almost all missions, you order your men to suppress an enemy behind cover, and you get to become a hero by flanking and kill the rest of enemies. Or send other squad to flank them. 
Because dev wanted to force players to use flanking tactic, you will very less likely to snipe enemies from cover. 
The game actually prevents you from doing it unless there are only one or two enemies left. 
Also you are on the offense side most of the time. Enemies on defense will very less likely to move out of cover or even try to reposition. They will wait to be flanked. 

The movement feels like you are stuck in the ground as if you are dragging a 10lb chain along with you or something. 
The terrains are pretty much flat. Very little variation in hills. 
Not much of indoor battles which is very different design from medal of honor and call of duty. 

Sure it is not like shootem up style, more focused on tactic, but there should have been more tactic other than flanking.

oh and what is up with eyes? They are some sparkling stars.",False,0,2,344,344,0,1490116609,2017-03-21 17:16:49,5.733333333333333,5.733333333333333
"This is a decent tactical fps game. 

Pros: Excellent realistic gun sounds, actions and graphics.
         Multiple ways to complete each map
         Good graphics and gore. 
         Good story with well developed characters

Cons: Short Missions, maps and overall campaign
          Foolish enemy and party AI
          Overall very easy especially tank missions
          Common long cutscenes  

In the end its a slick short game with some cool indoor and outdoor set pieces. The graphics are great and the gunplay is the best part. There is a tactical element that can be completely bypassed due to dumb friendly and enemy AI (You can just kill everything yourself). The story was enguaging and had some good characters. I was kinda pissed that it ended so fast and with such and ez last mission.

If only it had twice as much content with twice the scale of enemies this game would be more enjoyable. I wished the maps would extend way further but they just end. 

So it takes like 6-8 hours to beat compaign and thats with 2 hours of cutscenes (which are well done). So you have roughly 4-5 hours of gameplay and kill about 100 germans with ♥♥♥♥♥♥ ai. ♥♥♥♥♥♥ unrealistic hollywood Wehrmacht AI where they run away like cowards, dont know what panzershrechs are, send infantry at tanks, dont flank and overall do stupid unrealistic ♥♥♥♥. If they where russian, some of the actions like mass infantry rushes in the open would of made sense. Im suprised there wasnt some overtly evil enemy ss officer who killed jews, raped women and tortured people. It would of fit right in line with holywood enemy AI lol.

This game is a good example of when gaming shifted to casual audiences for accecibility. Series where completely changed and milked for greed.",False,3,0,426,426,0,1487907816,2017-02-24 03:43:36,7.1,7.1
"You can't go by the hours listed by Steam. I own this game from when it came out on disc and played it through many times. When people give reviews on games that have almost 10 years on them and try to compare them to newer games. I find it to be annoying. This is not just a game, its a great story and if you take the time and watch the cut scenes it will make the experience so much better. This game has wonderful characters and as I said a great story. This game used some of the best gaming technology that were available at that time. Some people won't even watch some of the best classic films because they are in Black and white. When you were little and someone told you stories, your imagination gave it color. guess what you still have an imagination. My point is , take the time to enjoy the experience of the game. You bought the game, So you deserve that.

The graphics hold up well in this game, IMO. The game play is well laid out. You can remap the keys if you want. I have seen some reviews that said you can't remap the keys in this game. You can set the screen to 1920 x 1080 also. I have had no issues running on windows 10 64bit. 

I highly recommend this game for you collection. They released a collectors edition that came with a highly detailed 6 inch Matt Baker figure and 12 accessories, including the 30 cal m1 carbine and the silver 45 cal colt 1911 model.
I found one on Amazon a few years ago. This is just my opinion about the game.",True,6,0,128,77,0,1487903084,2017-02-24 02:24:44,2.1333333333333333,1.2833333333333334
"Probably the best WW2 shooter out there, series-wise. Doesn't stack up to the ""thrills"" of Call of Duty's origins, but it will draw you in with incredible drama, detailed characters, and a story that engulfs you emotionally. The squad commands and tactics required to successfully survive a firefight take lots of practice and skill to master.

That said, this game has not aged well-- It's from 2008 and you can tell off the bat. It's a bit clunky, the movement and shooting controls are awkward, but it's a cinematic, gritty war drama cast upon a first person shooter. As far as a PC port, this game is a solid 7/10.

If Band of Brothers or Saving Private Ryan was a game, essentially.",True,3,0,46,46,0,1487552300,2017-02-20 00:58:20,0.7666666666666667,0.7666666666666667
"Brothers in Arms: Hell's Highway
great intresting war story
i felt like i was in real war
there were some hard hitting moments 
nice war music
and lot of slow motion head shots and explosions 
﻿Best FPS strategy out there recommend it to anyone",True,5,0,427,395,0,1487082135,2017-02-14 14:22:15,7.116666666666666,6.583333333333333
"Awesome game, I brought the trilogy.

 I remember playing this oldie on PS3 like nearly 7 years ago now. 

Best use with a controller (even though I don't). As keyboard and mouse can be a bit 'eh'.

 The story is amazing probably one of the best WW2 Shooter (Story) Based games out there even with it being nearly 10 years old! 

Definetly worth the buy.... 7/10.",True,5,0,4439,3006,0,1483709991,2017-01-06 13:39:51,73.98333333333333,50.1
"Hell's Highway feels a full generation away from it's predecessors - the graphics are vastly improved and the tech can finally tell the story with all the drama and tension that they've been aiming for since the beginning. 

It also feels like a new generation in terms of the fact that a lot of the gameplay has been streamlined (grenade throwing has been tightened up, thank god), and, in my opinion, these changes have made the game easier. The new appearance of OP weapons like the bazooka team and the player-controlled tank make it a cakewalk to mop up whole squads of enemies in one shot. Your Thompson is also replaced early on with a barrel-cartridge tommy gun that feels like it never runs out of ammo. You can, with relative ease, stand back and pick off enemies from afar with the new cover system that allows you to peek around corners and focus your fire, and if you do happen to flank the enemy, often they'll stand straight up and into your squadmates' gunfire, dying in seconds. All these additions detract from the immersion, and make the game feel a little more arcadey, even thought the core gamplay mechanics are nearly identical to the previous games. All in all, this game feels much more polished and fancy, but loses some of the pulse-pounding, gritty tension of knowing that even if you're prepared, bum-rushing that dug-in squad could get you killed.

The one thing this does best is make you feel. By the last levels of the game, you'll almost want to stop playing, and the push through burning wreckages and sand dunes, being harried by multiple enemy squads, will feel dreadful, but you know that you have to keep pushing through in order to complete the mission, which is exactly how the characters feel. The narrative continues the story of Matt Baker, who is experiencing some deep PTSD/mental illness. It's incredibly bleak all the way through, and centres around a specific and almost rushed-through moment in the original game, which is retroactively filled out to fantastic effect for the player, explaining the actions of some of the characters all the way through the series. There is a subplot about a cursed weapon that it also tries to retrofit, but this doesn't stick quite as well. 

So that's it - I've played all three games in the series, one after the other, in the space of a couple of weeks. This used to be my preferred game, and it's the one I've played most, but after playing them back to back, Earned in Blood is easily my favourite, and balances a quality narrative, with realistic and rewarding gameplay, a battlefield that sounds truly alive, memorable level design, and just the right level of difficulty that rewards good tactics. The original game falls on the side of being a little too clunky, and this falls on the side of being a little too streamlined, for my tastes. In saying that, because the narrative intertwines throughout the three games, you really must play all three in order to get the full effect. Clever move, Gearbox.

I recommend this more than RTH30, but less than EiB.",True,3,0,914,914,0,1483573621,2017-01-04 23:47:01,15.233333333333333,15.233333333333333
"A refreshingly relatable and grounded take on war in videos games. Relying more on character and personal moments than big overly produced set pieces. That's not to say the actual action isn't great, it's full of the same nitty gritty combat of any other solidly crafted war shooter. But it's not what makes Hell's Highway stand out, it's the smaller details that do. The tension of combat and planing out your battles, the humanity and development given to your comrades, the atmospheric levels full of booming sounds of the battlefield and eerie silence of empty village streets and farms. Many games capture the sheer power and brutality of war. But only a small handful capture the real warriors themselves. The thoughts and feelings of men forced to fight and die in a cause they may not fully understand nor sometimes even fully care about. Hell's Highway is one of those rare games that does.",True,4,0,742,742,0,1483401875,2017-01-03 00:04:35,12.366666666666667,12.366666666666667
"Still holds it's own as an FPS as of December 2016. Controls are a little janky, and it can be a pain reassigning them, but the graphics are still on par with a bunch of modern console games (though actual capability for controlling the graphical quality is very minimal). I'm not a major FPS fan, but this game will always hold a special place in my heart. It's the only BiA game I've ever played, and I still develop attachments to the characters in the story. It really is that good. If you're looking for an insanely fun tactical shooter to tide over your weekend, then, providing you can put up with some pretty abysmal hit detection, this is the game for you.

10/10 would miss a very obvious hit again",True,11,0,729,0,0,1482878517,2016-12-27 22:41:57,12.15,0.0
"Sequal/Final Game set during the Battle of the Bulge and sieges of Bastogne is in the works. With realease aiming for late 2017 or early 2018.

Otherwise this game has a masterpiece of a story. With fun  and smooth gunplay, decent level design with fairly good pacing. Nothing overstays its welcome.

9/10",True,3,0,645,0,0,1482812373,2016-12-27 04:19:33,10.75,0.0
"This is a great game, nothing more to say. Still looks and plays well, sound is good. Even works with xbox controller if you are inclined. Play it at a harder difficulty and really get the full experience.",True,0,0,738,710,0,1481844285,2016-12-15 23:24:45,12.3,11.833333333333334
I brought this game and since in my library on the Steam platform it should run uninterrupted but it flicker off after five minutes of play. I love the game thats why I brought it and Steam said I had permenant access. Has anyone else have this problem?,True,0,1,14981,15872,0,1480649290,2016-12-02 03:28:10,249.68333333333334,264.53333333333336
"Game isn't well executed. The cover system is quirky, the suppression mechanic looked interesting but just encourage mindless and quickly boring shoot-outs from cover to cover until you can hope to eliminate the enemy.
Bullets you shot will sometimes kill the enemy, most often not. Just spray your bullets until the opposition fall silent. Aiming doesn't guarantee you a hit with that suppression mechanic. Just spray bullets. Which is fine when you fire to suppress. Which is less when you are carefully shooting and it matters not.
Finally, keybinds kept reverting *during play* to default setting. Or sometimes you start running forward or jump over obstacles. Which is always fun in front of the krauts when you have to restart the whole firefight because you just died.

The game is mediocre. It isn't particularly bad but it isn't worth your money unless you get it very cheap.",False,1,1,105,105,0,1480644172,2016-12-02 02:02:52,1.75,1.75
"Good story, intresting setting of Operation Market Garden which i feel is never really looked at. Its story has a real ""Band of Brothers"" vibe and i enjoy the 1st/3rd person gamplay. a recomend gfor those looking for a good war game to play.",True,0,0,237,130,0,1480196225,2016-11-26 21:37:05,3.95,2.1666666666666665
"A masterpiece. Really, there is not a thing I do not like about Hell's Highway. Well, actually, there is one: The story won't continue and that's something I just can't get over. But let's be professional here.

This is one hell of a fantastic shooter. You continue in the story of Sgt. Matt Baker a paratrooper of 101st Airborne Division. He and his men have already gone through hell in Normandy and now there is another one ahead of them: Operation Market Garden.
[b]Gameplay[/b] is fantastic, controls are easy to learn and handle. 3rd person view, utilizing a cover and issuing orders for squads under your command. Game will quickly teach you how to use tactical manouvering and suppresive fire. Forget Call of Duty, you are no supersoldier who can take out whole garrison single-handed. No. You need to rain lead down on your enemy, so they won't dare to stick their heads up. Once they are pinned, you can outflank them and finnish from the side. Especially on higher difficuilties, the game require you to think tactically. That's what I like most.
[b]Story[/b] is one of best I ever encountered. Characters are unique, while still remain ordinary troops. No stereotypes like e.g. psycho gunner, excellent sharpshooter, and demolition guy. No, no. Brothers in Arms is all about grunts, ordinary soldiers. It's about their feels, their stories. Many of your soldiers have their own backstory (sometimes linked to previeous installments in the series), they have a different level of relationship with Sgt. Baker. Some would go to fire for him, others are questioning his ability to lead them. New guys who want to prove themselves, old friends, loyal to the end. Each with great voice-acting. Warning: there will be emotions. Thanks to excellent animation of facial expressions, you can read thoughts of your men to the point, where you will truly be part of the story. You will mourn the fallen comrade, you will mourn dead civilians. Their blood will be on your hands and altough there are no choices in this game, you will feel responsible for some of your actions nonetheless. Story is something, which make this game a real gem of WWII shooters.
And here we are - the thing I don't like. After Market Garden, there was yet another hell awaiting for paratroopers of 101st and 82nd Airborne Division. The snowy, freezing hell of Ardenne forest. Yes, Battle of the Bulge, it was supposed to be a cap stone of the story of Matt Baker and his soldiers. In the end of Hell's Highway, there is a rift, there are emotions and there are questions unanswered. I want to know how will it all end. After all, Matt made it through hell. I wonder how he would handle snow. But game devolopers will never answer my prayers...

Anyway, this is a game I recommend to any and all who like historicaly acurate WWII shooters, who like great story and who like to think tactically and feel the war as a soldier, not some god-like spec op superman.",True,5,0,905,513,0,1480075894,2016-11-25 12:11:34,15.083333333333334,8.55
I've beat this game serveral times and it's just amazing everytime. One of the best WW2-games out there and I really recommend it to people that are interested in the WW2-games.,True,0,0,90,90,0,1479972987,2016-11-24 07:36:27,1.5,1.5
"I'll tell the truth, I really had to debate whether or not to give this a thumbs up or down. Well, what can I say, this game isn't just another first person shooter where you just run and gun. You have to actually use strategy and lead your squad to victory. The story is decent, and made me want to know what happens next. And for these reasons, I give it a thumbs up.",True,2,0,1403,647,0,1479435484,2016-11-18 02:18:04,23.383333333333333,10.783333333333333
"Hell's Highway is a tactical FPS that allows you to control different squads to provide suppressing fire so you can flank and kill the Nazis. This isn't a run and gun FPS. You will die in seconds if you do that. However, the formula is always the same, setup your squad positions for suppressing fire, flank, kill, repeat. Positioning you and your squads is key in this game. The tank missions are a nice break from regular FPS gameplay. In a way this game plays like a real-time version of Valkyria Chronicles. The story and voice acting is gripping enough to be compelling. If you care about story, then I'd recommend playing Road To Hill 30 and Earned in Blood first. I enjoyed this game more than Crysis.
",True,3,0,441,441,0,1478912757,2016-11-12 01:05:57,7.35,7.35
"I hope you like jasper because JASPER NEED COVER FIRE ON THAT MG NEST you just see a roket fly and blow them 
THE ENEMY HAS BEEN SUPERSED NOW GET BACK IN COVER BAKER 
yells back at jasper I'M THE ONLY ONE YELLING NAMES HERE, JASPER",True,0,0,1216,184,0,1477094462,2016-10-22 00:01:02,20.266666666666666,3.066666666666667
"Loved this game back on the 360, but this runs soo choppy it gave me a headache.

I recommend the game, but not this ♥♥♥♥♥♥ version. And yes my PC is well above the requirements",False,0,0,49,49,0,1477017082,2016-10-21 02:31:22,0.8166666666666667,0.8166666666666667
"The best game in the Brothers In Arms franchise, and also the best WWII game in my opinion. You play as a Sergeant named Mathew Baker and command your squad in big shootouts with many objects to use as your cover. You have a demolition squad which fires rockets at its assigned targets (good for destroying artillery guns and bust german bunkers and cover) and you have an assault squad which fires at their assigned targets (your standard soldiers). I highly reccomend this to anyone who likes military or historical games.

Rip Furious Four


Edit 2020: cheesy american ww2 victory murica wet dream game and not the best WW2 game but still worth buying/playing",True,9,1,689,415,0,1476964891,2016-10-20 12:01:31,11.483333333333333,6.916666666666667
"I just do not like this franchise at all. Hell’s highway’s story is competent and in my opinion it is the best story in the franchise but that’s not saying much. I did like the increase in production value, it’s nothing impressive but it gets the job done and the presentation overall is much better than the previous two. The gameplay however is so generic that it’s sad. Even though I didn’t like the gameplay in the first two they removed pretty much everything that made the gameplay somewhat unique. They added a very bland cover system and regenerating health. The shots you take from cover are on point now so you never have to use your squad because you are a one man army, even on the higher difficulties. Peek from cover, kill about 2 enemies with headshots then get back into cover and regen your health, that’s the game in a nutshell. This honestly would have been fine though if the shooting was actually satisfying but it’s just not. In the first two games they made the gameplay so you couldn’t hit anything with your gun so the game forced you to use your squad to help take out the enemies. In this game you see all the enemies with the third person cover and you are practically a sniper when you peek out from cover killing anything In your way so your squad is practically useless. This game is just a very bad experience and it’s a very boring one too. The decent story and budget increase is pretty much the only redeeming qualities of this game. 
3/10 (Bad)",False,5,0,358,358,0,1476362124,2016-10-13 12:35:24,5.966666666666667,5.966666666666667
"Another ♥♥♥♥♥♥♥♥♥ console port. Just some of the things that happend to me:
[list]
    [*]Your squads randomly stop shooting, miss the covers, etc.
    [*]They choose a wrong path and run in front of the enemy.
    [*]Enemy kills you behind solid cover over and over again.
    [*]Hitscan is one of the worst i've ever seen in a FPS. Same reticle, same pixel, sometimes you hit the enemy, sometimes not.
    [*]Glitches and bad checkpoints everywhere. Had to restart all over in 2 different chapters because a door didnt opened after finising all the objetives.
[/list]

Dont buy this crap console ports, just play it in console.",False,2,0,1323,1323,0,1475473348,2016-10-03 05:42:28,22.05,22.05
"*May contain minor spoilers, nothing huge*

I really enjoyed this game, I think it is great. You play as Sgt. Matt Baker in command of the 101st Airbourne in France during operation Market Garden. Being in command of your squad is really fun and engaging and makes you think about your approach to each situation, especially on the higher difficulty of Authentic. You use surpressing fire from your MG and Base of Fire teams to cover and move your Assault Team up and flank the enemy which is really satisfying when it works. The story is the best part of the game in my opinion. It would be best to play Road to Hill 30 and Bound in Blood prior to this to get a background to the story and be fully engaged in it. For a 2008 title it looks really nice on the Unreal 3 engine and the attention to detail in the uniforms and weapons is really cool. Of course it looks a bit dated by today's graphics but it's not all about the graphics anyway. It still holds up after 8 years.

However I think the ending is a bit abrupt and leaves you on a cliffhanger, and we haven't even had any news of a sequel since the game was released!! There are also some tank sections that seemed a bit too easy in my opinion. In addition I had to restart the game one time because the teams weren't firing upon enemies when I told them to but I only ran into this bug once.

I played the game with an Xbox controller and it felt like it controlled quite well. Also, the K98 is MUCH more accurate than the Garand (and probably anything else apart from the snipers) in this game.

Overall I reccomend this game. It's one of the last good WWII FPS games of last decade.",True,0,0,537,431,0,1474543927,2016-09-22 11:32:07,8.95,7.183333333333334
"I never asked to be sqaud leader will burn into your brain years after playing this.

It is one of the best WWII Stragetic Shooters on the market with a hell of a good story that covers Operation market garden.

Sgt Matt Baker and co. will go through hell a third time and it starts to really take it's toll on the characters.",True,6,1,270,32,0,1472481677,2016-08-29 14:41:17,4.5,0.5333333333333333
"I have not left this as a review of the game, but just wanted to leave a note about the issue I had.

The motion sway in the game is very prominent and can't be disabled. I just got motion sickness for the first time in my life.

The cutscenes, my god the way the camera swings around is almost as if it is purposefully designed to make you puke. Seriously. Have a look at the cutscenes on youtube.

I had to request a refund as I nearly lost my lunch every time I tried to play it.",True,0,0,22,22,0,1472067058,2016-08-24 19:30:58,0.36666666666666664,0.36666666666666664
"No idea what was going on in the story, since this was my first and only Brother in Arms game... 

Besides that, the gameplay was alright. It became stale overtime but for an older game like this, it runs well and the graphics still hold up. 

The worst part has to be the AI.. they run into oncoming fire to take cover, and die... and they get stuck in walls, caught behind doors, etc..  

Love the headshot camera, though.",True,6,0,787,787,0,1471225090,2016-08-15 01:38:10,13.116666666666667,13.116666666666667
"Amasing. I wish there would be a new game but ig that the game didnt get the best reviews. :( i loved this game. 

Pros:
Fun and great graphics
great stratagy
all around amasing.",True,0,0,710,530,0,1470716384,2016-08-09 04:19:44,11.833333333333334,8.833333333333334
"Too console-friendly clunky controls, weird AI, terrible cover system (not that bad, but who was used to gameplay from previous BiA could be dissapointed as me) and bad hit register.

Overral really not a bad game! But the controlls and other little details just ruined my experience for me.",False,5,0,113,60,0,1470588619,2016-08-07 16:50:19,1.8833333333333333,1.0
"Not the best game.
For me it was the controls, and terrible AI.
Felt too clunky at parts, and the AI would seem to get stuck on anything.
Command system was a definite Meh, glad I got a refund.",False,1,0,56,56,0,1470500577,2016-08-06 16:22:57,0.9333333333333333,0.9333333333333333
"[h1] ""What is it that makes a great soldier? His brain or his heart?"" - Sergeant Matthew 'Matt' Baker [/h1]

[b]Introduction[/b]
In Brothers In Arms: Hell's Highway you are playing as Staff Sergeant Matthew Baker also known as Matt. You are leading your men through Holland during [i][b]Operation Market Garden[/b][/i], an Operation that had the idea of punching through the German lines in order to open a highway to give a quick end to the war and be home by Christmass.
After Normandy (First 2 BiA games), Baker's platoon is folded into a brand new Reconnaissance platoon. 

[b]Gameplay[/b]
[list]
[*][b]Movement[/b] - Movement animations are great and realistic. Whether you are walking, running or getting behind cover it feels like you are really in the battlefield.

[*][b]Engaging An Enemy[/b] - Your squad has two modes of engagement. If the Squad is in stealth mod, which means the enemy didn't notice them they would move quietly, whisper and would not engage the enemy unless you order them to unless discovered your location which is when they switch to the other mod where they will open fire at engaging enemies even if you won't order them to.

[*][b]Grenades & Explosives[/b] - Your squad will throw grenades at an enemy if they are close enough. [b]The enemy will never throw a grenade at your squad, even tho they are equipped with grenades[/b], something which older games had featured which makes it odd. 

[*][b]Recoil[/b] - The recoil of the weapons in the game is as realistic as it gets with most weapons. Just enough to keep the game enjoyable but still making your life hard to get a kill on enemy that is far away from you.

[*][b]Tanks and 88s[/b] - Feels like the enemy tanks and 88s are just waiting for you to destroy them. No huge effort is in order to destroy them unlike in older games where you needed to strategise your approach to 88s and tank positions in order to take them out or you would get your ass kicked. 

[*][b]Sounds[/b] - The game has awesome sounds when it comes to the weapons and the ambient sounds that sorround you.

[*][b]Destroy Em![/b] - Plus, unlike the first two games, in this game you can actually destroy objects. For example you can destroy sorts of covers and get your enemy out in the open and kill them.
[/list]

[b]Story line[/b]
Unlike the first two games, this game has taken the cutscenes to the next level. Almost feels like you are watching a movie.The game has great writing. The cutscenes are adding a lot to the game and to the emotions you feel while playing it. Almost feels like you are there with Baker. The dialogues during combat are amusing and at the same time feel real. Unlike in other games where when your teammates die you don't feel anything because they were 'Badass', here you are connected to the characters, you care for them and you are concerned about them during battles. When a fellow team mate gets killed, it feels like someone has just kicked you in the stomach and it brings up feelings, almost to tears at some points. In addition to what I said, in this game Baker suffers from guilt as a result of the deaths of his friends during the battles in Normandy and you can see its affect on him through out the game. The locations of fights in the game are re-created real battles that took place in the real world, they were worked on by the developers team and historians to make the game more authentic and realistic.  

[b]Graphics[/b]
The game has amazing graphics. The areas that surround you in the game are just beautiful and mind blowing at the same time. The uniforms of Allied and Wehrmacht soldiers are just beautiful to look at, the weapons look authentic and more. There are beautiful locations in alot of occasions in the game.

[b]My Opinion[/b]
In my opinion the Brothers In Arms Series is the best World War 2 series to exist. Its the most authentic world war 2 series and most realistic. It has great game-play and story-line and brings a lot of features that other games don't. No other game made me care for my team like Brothers In Arms did. I am still waiting for Brothers In Arms: Battle Of The Bulge, or what ever the name of the next Brothers In Arms is going to be.

[b] Tips for game-play: [/b] 

1)Play the game without suppression bars or any other kind of miscs on your screen;
While playing with a clean screen you can enjoy the game way more than you thought you could. Playing with a clean screen gives you the feeling you are really there in the battlefield, ordering your men.

*You will need to remember where you placed each squad and what's the role of each firing team when you order them to move because it won't tell you which firing team you chose on the screen. You might wanna know who are the soldiers of each team before you order them around so in the battlefield you will remember by that which squad is located where and move them around correctly.

*You will need to keep an eye on your fire, yeah I know hammering the enemy is fun but when you don't know how much bullets you have left in the magazine or if you have extra bullets if at all you might run into some trouble in a battle - yeah running out of bullets in-front of a German firing squad is not a great idea nor fun.

2) Play the game on authentic. Playing the Brothers In Arms series on Authentic gives you the real feeling of the battlefield. It gives you the best out of this game. Every small move, decision or order can be critical in a battle. It also disables all I said above(miscs, etc) on default because of the exact same reasons I pointed out earlier. You need to be super strategic and careful when you move your men and yourself. Stay in the open for to long and you might find yourself dead, injured or losing men. 

Thanks for reading my review.",True,22,1,2613,1598,0,1467646762,2016-07-04 15:39:22,43.55,26.633333333333333
"Okay, I'm gonna start with this, It's a good game but it does not have a skirmish mode like Earned in Blood did which is a big negative point for me.
Instead of upgrading their games, they downgrade it, like EA Games with their Battlefield games, no more mod support and no more bots.

You are supposed to upgrade your game, make it playable for more people (bots, skirmishes, more replay ability) but they're doing the total opposite like almost every modern developers.
Too lazy to do sh**.

It's a good game, If it would have more content, bots and a skirmish mode I'd be giving it something like 8/10 but because of that reason I am giving it a 6/10

The kind of game you'll play once and then probably never touch again, that or maybe that you'll play it once every 2 - 4 years.",True,1,0,86,47,0,1467395572,2016-07-01 17:52:52,1.4333333333333333,0.7833333333333333
"10 minutes of cinematics, 3 minutes of gameplay, 10 minutes of cinematics, 30 seconds of gameplay, 1 minute of cinematics. Did I buy a movie or a game?

Bought this game hoping for a Call of Duty 3 level of polish but the animations were very rough. The squad based combat and positioning is an interesting idea, but is more tedious than it needs to be. The iron sights are either made to be realistic or were poorly implemented. There is no sound that is made when you take damage, you just see more and more raspberry jam until you die. Cover is either ineffective or the AI has amazing aim, I once had only a tiny bit of my body poking out and they hit that spot every time.",False,4,1,26,26,0,1466856195,2016-06-25 12:03:15,0.43333333333333335,0.43333333333333335
"This game is definitly one of my if not #1 favourite WW2 First person shooters. I love the combat and the cover system which implements into the game very smoothly. Commanding your troops is Fluent and simple and they respond fairly well. This game is definitly worth the full price of $10 (thats how much it is where I am) or what ever price it is for you. If you arent sure but happen to see it on sale, buy it because its cheap and you will most likely love it.",True,3,0,488,110,0,1465258046,2016-06-07 00:07:26,8.133333333333333,1.8333333333333333
"Its a really good game, old but one of the best games I even played if not the best. Story lines thats what makes a good game. Not the graphics. Even this game looks pretty nice and all the 3 games are awesome to play. I really recommend it :)",True,4,0,651,468,0,1462488322,2016-05-05 22:45:22,10.85,7.8
"The graphics is still decent and the story is great with some thriller parts. Awesome sound effects. Sometimes the maps are repetitive, but there's a good variety of missions - sometimes alone, sometimes driving a Sherman Firefly. Too bad that they didn't continue the BiA series...",True,3,0,387,387,0,1462440395,2016-05-05 09:26:35,6.45,6.45
"Pro's:
-Great story
-Awesome graphics
-Gore system is pretty well done
-Nice gun sounds
-Slowmotion headshot animation
-The Netherlands! :D
-Good AI and ordering system

Cons:
-Not playable multiplayer
-Nothing else to do after the singleplayer
-Can be pretty hard sometimes (thats not the con, the con is the Flak that does 50% of your health D: )
-Horror mission :(
-Not a continueation",True,3,0,1042,506,0,1462307902,2016-05-03 20:38:22,17.366666666666667,8.433333333333334
"Brothers in arm has never failed me!! Enjoyed everybit of the game. The story and the action is what makes brothers in arm a great game!! Still gives you a squad to control along with a NEW cover system. Love the destruction for certain props (wooden fences) 

Pros
Squad based game
Mulitplayer is on the game
Story
Blow nazis to pieces
Destruction items and fences
Graphics 
Athmosphere
tactical elements
Cover System
sounds and music
Weapon design and effects

Cons
enemies spawn uppon aproach 
Game forces you to listen to storyline",True,9,0,1046,554,0,1461991984,2016-04-30 04:53:04,17.433333333333334,9.233333333333333
"I'm suprised that this game has flown under the radar like it has.  If you want a very solid campaign to play through, this is it.  Very good shooter with a very good story.  Great price too.",True,3,0,322,347,0,1461989509,2016-04-30 04:11:49,5.366666666666666,5.783333333333333
"A bit of a step down for the series, as it obviously tried to go a bit more mainstream and made the combat more action-based. This ends up making it less thoughtful than the rest of the series, but still no where near as purely entertaining as Call of Duty. So a poor compromise. However, it *is* a good game. Notably, Hell's Highway sheds light on Operation Market Garden, an often overlooked campaign of the war (since it was a massive Allied failure.)",True,2,0,407,407,0,1461955986,2016-04-29 18:53:06,6.783333333333333,6.783333333333333
"I have completed the game and therefore, i think that i have a right of writing this review.

Brothers in Arms: Hell's Highway 
is the 3rd (and final) installment of the Brother's in Arms franchise.
This franchise is the one out of many proofs that Ubisoft is a bad games developer.

This game is really good overall, however, to keep up with the story and understand the connection between characters, it is SERIOUSLY RECOMMENDED to buy both prequels, 
Brothers in Arms: Earned in Blood and Brothers in Arms: Road to Hill 30.

The Game Breakdown
Story
The story of the game is really good, it is immersive and can suck you into the feels. (well i got affected)
You play as Matthew Baker which is the main protagonist that you also play as in Road to Hill 30.
While touring the Netherlands, you get attacked by some nazis, well DUH!!.
This game is set in World War 2. You get to lead a handful of men, at the least of 3 men and the most of 9 men.
You also get to take control of a Sherman Firefly Tank twice in this game.

Gameplay
Just like the previous games, Brothers in Arms is known to be a tactical first person shooter (FPS) you can order your men to take up positions, Flank enemy positions, Surpress enemy fire, take cover behind a huge rock and follow you as you move. 
There are 3 squads you can control

1. Base of Fire Team
a non special squad which the soldiers only wield M1A1 Carbines, M1A1 Thompsons and M1 Garands
Tip:
Use this fire team to throw grenades up close to enemy positions and follow you moving

2. Assault Team
Basically the same as number 1 except this one is more awesome..... Why?
Because there's a british guy.

3. Special Weapons team
this can be broken down into 2 which are:
a. MG team
A squad which carries a Browning M1919A6 (Heavy Machine Gun)
Tip:
Use this squad to stay at the furthest back of your current position to supress enemy fires
b. Bazooka Team
A squad which carries the Rocket Launcher (Bazooka)
Tip:
Use this squad to supress tanks and annihilate poor little nazis.

The drawback of the gameplay of this title is that unlike its previous titles, this game removes the 
Tactical Awareness View and changed with a simple ♥♥♥♥♥♥♥♥♥ map. My first reaction was WHAT THE ♥♥♥♥♥♥ HELL IS THIS. I guess its just me that i like to see the faces, names and the weapons of my own men and the enemy. The awareness view in the previous games is really cool which shows your position with the exact cutscene graphics.

Graphics
This game came out of the year 2008 which i think has remarkable graphics from that period.
The graphics are a big jump from the previous games as they transferred from Unreal Ungine 2.0 to Unreal Engine 3.0
Good grass textures
Great water textures
Nice Shaders
Cutting-Edge helmet textures ( You can even see the damned particles of Baker's helmet)

So you guys might be thinking, ""So what of this game makes Ubisoft a bad guy?""
Here i shall tell you
WARNING POTENTIAL SPOILERS!!!!!:

The game ends with a Cliffhanger which is a total nerve-wrecking experience and guess what!
Ubisoft cancelled the 4th installment named Furious 4. UGGHHHH...
Ubisoft has created a franchise which is for me, a revolution in the world of FPS. In which you get to take control of your own people. The story from the previous games would automatically bond the game characters and the players and to have it end with a cliffhanger, Its like opening a road for 30 miles and suddenly, there's a road block but yet, the road looks to be open and safe to go but a block stands in the way. 

Anyways.....

Overall, I hereby rate this game as

9/10
Very Recommended
(If you are patient and have completed the previous games.)

BAAAAAAAKKKKKKKEEEEEEEEERRRRRRRRR!!!!!!!!!!!!!!!!!!!!!",True,8,0,417,382,0,1461402972,2016-04-23 09:16:12,6.95,6.366666666666666
"It's Just like an episode of band of brothers in video game form, each squad member has their own opinion and quips. If you are looking for a good story I would highly recomend this game.",True,0,0,456,163,0,1459981517,2016-04-06 22:25:17,7.6,2.716666666666667
"I was in the mood for a world war 2 shooter, since nowadays those are surprisingly rare. I read reviews on Steam and Metacritic to see what was popular and Hell's Highway came up.

After beating the game I am still not entirely sure if the game deserves a recommendation or not.

For starters, the game has some glaring errors in historical accuracy, such as German 88's firing at Sherman tanks at point blank range and failing to penetrate or a single such Sherman tank rolling through hundreds of men, tanks and 88's (for some reason there are no other antitank guns in this game, just the 88 anti-air -guns) with ease. 

The graphics (originally designed for the Xbox 360) are obviously dated, with character models warping and distorting uncomfortably and facial animation all but missing entirely. The voice acting is lackluster to say the least, ambients sounds are often missing, weapons sound muted and dull and even the music seems to be oddly off-key in few points (though this part might just be my lack of knowledge showing through). All in all, the game's audiovisual presentation is pretty terrible. Even the ragdoll physics are glitchy as heck (I shot a german soldier in the head and he jumped 50 meters in the air as he died)!

So far, then, this seems like a no-brainer: an ugly game with bad audiovisual design through and through.

And then we get to the gameplay, and here I find myself intrigued. You are acting as a squad leader for most of the game, and that means you cannot just charge the enemy Call of Duty -style, but have to order around your fireteams (up to three at a time, ranging from machine gun team to base of fire team to bazooka team to assault team), setting them up in cover, assigning them targets to suppress and maneuvering them to outflank the enemy. The levels offer a sometimes surprising amount of freedom in how much you can maneuver and the system feels surprisingly good most of the time. I especially enjoyed the frantic tension of emerging into a new area only to observe a german squad marching across a field, ordering my men into position and then watching the enemy spread out into cover as the shooting starts. The enemy AI is also surprisingly good, acting surprised where appropriate, falling back and regrouping into better positions as they are overrun our outflanked and generally putting up a good fight.

And then the game shoots itself in the foot again. Several times I had the AI completely glitch out, with my machinegun team or bazooka team simply freezing in place and refusing to move, getting stuck in walls or cover and such. The game hands you a sniper rifle on a few occasions, which immediately results in you, single handedly, gunning down literally dozens of germans within a minute or two, utterly breaking any immersion the game might have had so far. The tone of the game is all over the place, and then, in the end credits, comes the final straw. The story ends on a minor cliffhanger with ""To Be Continued"" -emblazoned on the screen. This game came out in 2008. I played it in 2016. There are no sequels, and likely never will be.

Game Over.


Playtime: 8+ hours (single playthrough)

Ratings (1-10)
Visual: 5
Audio: 5
Story: 7
Gameplay: 8
Overall: 7",False,11,2,526,526,0,1459325289,2016-03-30 08:08:09,8.766666666666667,8.766666666666667
"WOW! Played entire campaign in one sitting. One of the best stories in a game I have ever played. I felt like I was the actual squad leader. 
Pros:
        Great story
        Great map design and sound design
        Brutal firefights
Cons: 
        Weird default controls on keyboard
        
One of the best World War 2 games I have ever played.
",True,0,0,744,400,0,1459127037,2016-03-28 01:03:57,12.4,6.666666666666667
"Definitly the best of the bunch, recovery system works better in war games then a health bar, digging into cover and going third person is awesome, and story is amazing 10/10",True,0,0,1162,1162,0,1459119893,2016-03-27 23:04:53,19.366666666666667,19.366666666666667
"GRAPHICS  -  GREAT
STORY       -    FOLLOWS  HISTORY OF MONTGOMERY'S PLAN TO END WWII BY CHRISTMAS.
                        HISTORY GIVEN IN INTELLIGEMCE REPORTS.
MAPS          =   CITIES ARE ACTUAL CITIES IN HOLLAND                                                                                                   BATTLES    -    SOME ARE A LITTLE ON THE TOUGH SIDE
PALAYABLE    -  ADDICTIVE
RECOMEND   -  DEFINITLY
MY  SPELLING  ?????????????????
ALL IN ALL  EXTREMELY GOOD  GAME.
Good eyes!!!  MY  BAD",True,3,9,4306,2037,0,1458966008,2016-03-26 04:20:08,71.76666666666667,33.95
"I am not sure why some people claim that this is the worst of the Brothers in Arms games. I played all three of the games at their release dates, and now have replayed all three of them within the past year or so. I actually think that this game is the best of them overall, and holds up the most.

Surely, it has an advantage of also being the newest one of the three, but that doesn't mean that the other games should just get extra points, because they simply weren't as good as this one. The first one, in fact, disappointed me a lot - and that was with nostalgia thinking it was amazing!

This game held up. Great graphics, great gameplay, nice story setup and reference to previous events. I enjoyed replaying this game the most out of the three.",True,4,0,331,331,0,1455515506,2016-02-15 05:51:46,5.516666666666667,5.516666666666667
"I remember when I used to play on Play Station 2. I had Road to Hill 30 and Earned in Blood. I once saw this game at a shop and my mom didn't want me to buy it. After that, for 3/4 years I was still searching for this game on Play Station 2. Never found it. Now, every moment in this game is blessed. I enjoy this game more than I should. It was like a childhood dream coming true.",True,2,3,408,408,0,1454829852,2016-02-07 07:24:12,6.8,6.8
"This game is pretty fun and not as much of a b-list game, as I expected for the price.  This is a fairly linear, old-school WW2 shooter, with a cool squad factor.  Beware of have far away you are and the path a squad might take though.  I've had them basically commit suicide by running through enemy lines, rather than behind something.

You are part of a glider team that lands in Holland sometime after D-day, and basically have to move forward and  clear out a lot of Nazis.  There is also an interesting back-story that unfolds, involving the main character's engraved .45 pistol.

As far as the game mechanics they are pretty much what you would expect with standard motions, weapons and shooting.  Strangely, there is no jumping, except for valting over a cover item.  If the game  recognizes an item as cover you can also vault it.

As far as the cover,  pressing Q benind a solid wall or other solid item like vehicles will put you in  in a temporary 3rd person cover mode, and you are crouched behind the cover item.  Using the arrows allows you to  move behind the cover or lean out to shoot.  This mode also give you a a much finer cross-hair for aiming, and a much steadier aim.   This is kind of  cool, but also has a  drawback, as you can' t control how far you lean out (or up if behind a wall).  So when shooting from cover you have to expose yourself to multiple enemies.   The method is to take fire until the view is starting to get pretty red, then go back into cover before dying-- and hopefully killing a Nazi or two in the process.  This is a little lame and would be much better if you could lean just enough to sight in on a single enemy, depending on the positioning.

Another really lame thing is that when sprinting you can't change direction very much with the mouse.  You can use A and D keys to kind of swerve--, but you basically have to stop sprinting to make a normal turn.  This is very weird to get used to, and I can't imagine what the  developers were thinking. Another weirdness is that while in cover and being flanked it is easy to get ""stuck"" to the cover.  The only way to get off is to move directly backwards, and that is easy to  forget when under fire.

Still, in spite of these negatives, this is a pretty fun game, especially for the price.

If you think you would like an old-school, ww2, squad shooter with a decent story then skip a fast-food lunch and you'll have the cash for this game.  Bon Appetit.",True,0,0,849,663,0,1454804861,2016-02-07 00:27:41,14.15,11.05
"[h1]Band of Brothers: the game[/h1]

This is a huge improvement from the previous brothers in arms games. The graphics are good, the gameplay amazing and the gore is just brutal. As always, brothers in arms has been about using your men to either suppress or outflank the enemy. You need to do some thinking, but still not as much as the previous games. It seems like gearbox has made the game alot easier. You can take out a whole platoon by yourself if you wanted too. The new cover system is great, aswell as the mix between third and first person view. 

[h1]The gore[/h1]

As i said, the gore is pretty brutal in this game. You hear crunching and splatter when you driver over a dead soldier. You can blow every limb there is and pretty much shoot their brains out. 

[h1]Story[/h1]

The best part of the game has to be the story. This is a huge improvement. The story is similar to Band of Brothers, very similar, thus if you like Band of Brothers you will love this game!

Overall, one of mye favourite game series and deserves a try! 

[b]10/10, would make mashed potatoes of nazis again[/b]",True,1,1,663,508,0,1453505341,2016-01-22 23:29:01,11.05,8.466666666666667
"I have to say that I played this game on CD long before it hit Steam. Loved it then...love it now. Terrific graphics and swell cover system. Make use of the squads you're afforded in each mission. Depending upon the mission they are a bazooka squad, assault squad, heavy infantry squad or macine gun squad. In each mission assigned you use them to you're best advantage moving them to flank your objective or you flank and let them provide covering fire.

As you progress and have the oppurtunity to work as a sniper (don't miss that sniper rifle in other missions as an option...comes up handy). Also a tank commander in several missions. Always fun to blast the living daylights out of stuff.

So if you're looking for some thing better than the old Medal of Honor or the older Call of Duty stuff this is a fun game. 

Oh..did I mention a very engaging story line. I don't think it is necessary to know the whole backstory of the game series. This pretty much gives you the idea of the combat angst your character suffers as you play through each scenario.

So...play well on Windows 7.

Now...go clear the Highway to Hell.",True,0,0,4588,1612,0,1453267105,2016-01-20 05:18:25,76.46666666666667,26.866666666666667
"not as immersive as the previous two but still quite fun, looks quite outdated and levels are very linear. as long as you stick with it the cut scenes will stop being so intrusive. also the sounds in this game are fantastic.

if youve played the previous two then give this a look, if not start with the others.

Hell's Highway mission has a game breaking bug where your fire team simply will not shoot...At all. Only way fix is to quit to main menu then continue from there...Every time you die...Great stuff! >_>",False,0,0,1180,341,0,1452590244,2016-01-12 09:17:24,19.666666666666668,5.683333333333334
"I was looking for a good WWII FPS game and Hell's Highway was the newest one with good reviews, so I tried it. And I was satisfied!
But it is much different than Call of Duty, you cannot proceed in ""Rambo style"". You have to use 2 squads and stay in cover. It feels much more realistic and more rewarding than CoD.
Pros:
- sounds, decent graphics
- gameplay
- high, but not frustrating difficulty (I played on veteran and HUD off)
- checkpoint system
Cons:
- cover system sometimes doesn't work as I expected
- occasional bugs, 3 times happened, that the game didn't count objective completion and I had to restart from checkpoint
- only 9-10 hours of gameplay",True,4,0,631,631,0,1452000076,2016-01-05 13:21:16,10.516666666666667,10.516666666666667
360 controller support which I like. Amazing WW2 game I love the first two as well. Still waiting for them to make the fourth one and complete this damn story already.,True,0,0,344,296,0,1451468468,2015-12-30 09:41:08,5.733333333333333,4.933333333333334
"Not as bad as the previous ones, but pretty much the same.

The whole game (series) is based on the same principle: flanking. So the idea is your aim is deliberately extremely poor and you have to give orders for your squad to create cover fire while you go around the buildings or whatever to shoot the enemy in the back.

The idea is boring and terribly repetitive and it's a very bad FPS, with all the mistakes a bad FPS could make: you can miss a shot even if the crosshair is on target, bad gameplay feel and viewport, clumsy controls, very bad map hit boxes, small obvious maps without any surprises...

I really wanted to play a WW2 FPS, was bitterly disappointed.",False,2,0,78,78,0,1451149420,2015-12-26 17:03:40,1.3,1.3
"+ Story is good enough
+ graphics average (if not a little minimal)
+ Some good maps in story mode
+ Athmosphere of all maps in the story mode is good
+ tactical elements fit
+ Some good sounds and music
+ nice gun variety and effects (for instance ejected bullets are 3d and smoke a little, like the barrel after larger volleys)

- Multiplayer mode is there but dead
- maps offer one or two alternative ways to flank, but are very linear otherwise
- enemies spawn uppon aproach and act very player-oriented (in other words: if there's any possible way to do so, they'll prioritize the player over NPC-allies)
- No matter what you do or where you stand: you'll die kinda quickly if you don't cover (even standing behind walls...).
- Guns don't shoot where you aim at (it's like you sprinkle your shots all over the place and hope that you hit something...)
- repetitive map designs ('a corridor with some barricades and an 88 at the end' is used like 6 times in a row...)
- Game emphasises close ups in cutscenes but the faces characters make don't always feel apropriate.
- ending is anti-climatic
- AI sometimes not very clever",True,22,2,995,995,0,1450911032,2015-12-23 22:50:32,16.583333333333332,16.583333333333332
"Excellent game, little dumbed down from the privious two games, i.e. can't command a tank and the enemies aren't as challenging, but still lots of fun, now if only they'd make another so we can see the rest of the story",True,0,0,433,433,0,1449376043,2015-12-06 04:27:23,7.216666666666667,7.216666666666667
"dont look at the store page. this game actually works with a controller. its a cool tactical shooter. sometings are outdated. but still enjoayable.

unskippable cutscenes and no steam cloud saves for this game. 
you cant reallocade keys too.

Very very long and very lame movie that cant be skipped in this game. Clowds rest of the game. which is decent.",False,0,0,571,324,0,1449067942,2015-12-02 14:52:22,9.516666666666667,5.4
"
-Baker, get to cover!
-Baker, are you trying to get shot?!
-Baker, that was a close one!
-You're out in the open Baker!
-they're not all going to miss Baker. Get down!
-You're a lucky man sarge!

10/10  (Insert one liner here.)",True,51,62,964,541,0,1449021268,2015-12-02 01:54:28,16.066666666666666,9.016666666666667
"A good Game, But not a good Borthers In Arms Game. 
Steamlined Squad commands (No attack Command,Take cover Or tank comands)
Team mates can't die
No Difficulty 
No Health bar
Total of 5 Swear Words
Cutscene Heavy 
4 Hours Shorter then previous games

If you can't beat this on Veteran you have a mental disorder.",True,2,1,566,516,0,1448817133,2015-11-29 17:12:13,9.433333333333334,8.6
"Lazy-friendly reviews proudly present: Brothers in Arms: Hell's Highway™! (so lazy I copy-pasted the name!)
Fairly long, fairly challenging, fairly good looking. Don't expect it to become your favourite game, especially if you're an old timer of BiA. If you're new to the saga, expect a nice game about Operation Market Garden with unusual mechanics for an FPS. 
7/10",True,0,0,733,723,0,1448810382,2015-11-29 15:19:42,12.216666666666667,12.05
"for story and gameplay review check my Road to hill 30 and Earned in blood reviews in order:

http://steamcommunity.com/id/Arashenstein/recommended/15190/

http://steamcommunity.com/id/Arashenstein/recommended/19800/

as the final chapter of brothers in arms series, this game completes the story and completely makes you cry this game is just a masterpeice in every aspect. as i said before in my road to hill 30 review, you have to play these games in order to understand the story otherwise you understand NOTHING of the game. this game is a mix of RTS and FPS which means if you are a COD kid run and gun fan please stay away from this game.

it really made me feel like i was part of world war II and i really saw the moments they faced in the game, it was much more emotional than a movie to me. this game deserves a 10/10!",True,18,1,24,24,0,1446396244,2015-11-01 16:44:04,0.4,0.4
Great Game love it i played the B.I.A.R.T.H.30 on the orignal xbox so i just got this i love the single player i work to get through it with no loss to my fireteams becuase i cant play multiplayer on it because of gamespy did even see that posted anyware  on this that it used it so bummer but lan works so buy it with some friend and have a lan party this will make it the best dam lan party in the world,True,0,0,739,512,0,1444882880,2015-10-15 04:21:20,12.316666666666666,8.533333333333333
"♥♥♥♥♥♥ awesome game, used to play the series when I was younger. Probably the best WW2 story game made. Makes you develope a liking for each character. the game encourages you to use your squad (if you dont you will die) and strategically fight.  Takes place in holland during Operation Market Garden in 1944, has close to a hour of cutscenes which makes the story as good as it is, its like a movie and a game. and bottomline is a great game overall. If you love ww2 no doubt you will love this game",True,0,0,901,672,0,1443740120,2015-10-01 22:55:20,15.016666666666667,11.2
"This Brothers in Arms in particular is a major step up from the last 2, this game offers more features and a better strategy feel to it. The story line picks up where you left off in the second brothers in arms. The single player is very fun and can be challenging at times if you play on a different difficulty level, that also goes with how well the AI is in this game, at times your own men will save your life, and the enemy is more determined to kill you. Sadly however the multiplayer community for this game, like the others is completely dead, so I only recommend this game for it's single player status.",True,1,0,2185,1342,0,1443578808,2015-09-30 02:06:48,36.416666666666664,22.366666666666667
"I really enjoyed Brothers in Arms: Hell's Highway, sadly games like this don't made anymore.

It's a tactical World War 2 shooter where you taking command of from one to three squads of US Airborne Recon Infantry. You can move them as you wish and they can provide covering/suppressive fire and outmaneuver the enemy as you like. 

I suggest to turn off any interface/HUD and try to embrace your tactical vision for getting more immersive experience. 

Visually the game still holding up pretty good even this days, the sound is okay.

The game has pretty a good plot which can be a little hard to get into if you haven't played previous BiA games (like me), but after middle of the game I figured out what was going on there.

Brothers in Arms: Hell's Highway has some silly moments like tank gameplay sections, but  I easily can recommend it.
",True,0,0,407,407,0,1442420907,2015-09-16 16:28:27,6.783333333333333,6.783333333333333
"Played this years ago on xbox, then on the pc, amazing game, definitely pick this up if you can.
One thing that bothers me, since it's an older game, it blows my cpu/gpu temps up (i7 4770k and GTX960).
Any way to prevent this? cpu running at 60+ is a little too much =/",True,4,0,1399,16,0,1441187906,2015-09-02 09:58:26,23.316666666666666,0.26666666666666666
"This is it.
THIS is the Brothers in Arms game that still holds up to this day.

Easily one of the best cover shooters to EVER exist, the grim, mortifying atmosphere is only made more authentic by the immersive, tantalizing sound design, the (finally) accurate gunplay, and beautiful visuals.

Absolutely worth picking up and replaying after all these years.

WE NEED MORE SHOOTERS LIKE THIS!

EDIT: Coming back 2 years later, and I am still pleased!",True,80,4,887,496,0,1440305284,2015-08-23 04:48:04,14.783333333333333,8.266666666666667
"prepare for:
JASPER I NEED YOU OVER THERE!
JASPER MOVE IT!
I WANT HEAVY FIRE ON THAT POSITION!
Get the bazooka over there.
GIVE THEM ALL YOU'VE GOT!
I want the MG over there.
THAT'S IT, KEEP THE FIRE ON THEM!
SURPRESSING FIRE!

Underrated game 10/10",True,210,113,571,244,0,1439401547,2015-08-12 17:45:47,9.516666666666667,4.066666666666666
"[h1]The trilogy game of the Brothers in Arms franchise.

After playing Earned in Blood, I wasn't really excited to play this game. But holy f*ck was I impressed.
The gameplay was finally changed for-the-better. Throwing your squad around and fighting was much easier. The cutscenes, storyline, everything was very simple but also fun/challenging!

This game almost feels, like a very outdated Max Payne 3; you're required to take cover most of the time, run around and do trick shots.
It even goes all Sniper Elite/Max Payne when you do a critical headshot, with bullet-time, slow motion, gore and everything!

If you haven't played the other games, this one starts by giving you a good backstory and where it all ended to start this game, which is very helpful for character interaction.

Honestly, I'm very impressed. Highly recommend!

9/10[/h1]",True,0,0,102,102,0,1438292067,2015-07-30 21:34:27,1.7,1.7
"This game is way better than the first 2 games IMO.
It introduce some machanism that make this game more TACTICAL. For exmaple, third person view (cover system) make player can overwatch the battlfield, the powerful tactical map even provide the whole thing about locations include active emeny, firendly, cover distribution...etc, useful infomation make strategy efficient, finally you don't need to get this by tons of death. The third team(MG team/ bazooka team) make Flank is not the only option, you can blow up emeny MG directly under certain range. Downed teammate recovery, heatlh machanism(not self-recovery but resemble) boost playability.

Yes, it may feel less realistic but more tactical, may disappoint players that wants realistic hardcore ton of death stamped by irrational deadly AI or whatever, but if ou like a pure tactical shooter, give this a shot.",True,11,2,1383,1383,0,1436362589,2015-07-08 13:36:29,23.05,23.05
"Honestly this game was suppose to be awesome when Gearbox announced back in 2006 with the teaser and the first demonstration. They were only to publish the game and honestly this is big bull crap filled with poor cutscenes and it feels more like you are watching some bad World War Two production with no realism.There are very few new mechanics in the gameplay which are good but turn the game easier and surreal also the tank battles can no longer let you control your tank and one to two squad units like used to have on [b]Brothers in Arms : Road to Hill 30[/b].
Plus the game runs really bad, the requirements posted everywhere is a big fake statement. This game will run baddly even if you have [b]Core 2 Duo 2.4ghz-2.6ghz[/b] or [b]NVdia series 9xxx[/b].
Changing the settings to lowest qualities won't make a difference and there are no configuration to change between directX.The game doesn't present neither the option to turn off shadows and Field of View is limited.
If you have played the first [b]Brother's in Arms[/b] and wanted to see how would continue the story of [b]Matt Baker[/b],is better you keep watching videos instead getting this game tho.
I have my retail copy of [b]BIA: Road to Hill 30[/b] and I still think that game is way better.",False,2,0,1083,1083,0,1435772000,2015-07-01 17:33:20,18.05,18.05
"An excellent squad based shooter.  It's the best video game companion to a Band of Brothers marathon. 

Pros:
-good AI from your squads
-decent shooting mechanics
-good graphics for a 7 year old game
-good weapon graphics and sounds

Cons:
-story.  It's awkward.  
-unskippable cutscenes that are sometimes quite long.  
-small weapon choice.  Really you are limited to a M1 Garand and an smg, either the one you spawn with or an MP40. they tease you with a sniper a few times but after a small sniper mission you never see it again.
-short. game is 7 hours long at most

I would recommend it, but try to buy it on sale.",True,2,1,457,457,0,1435364474,2015-06-27 00:21:14,7.616666666666666,7.616666666666666
"Graphics aside (old game, good for its time) its a pretty awesome game. its like rainbow six in WWII. Its more satisfying to kill Nazis than some spanish speaking criminals in a casino. 9/10 will bang again",True,3,0,203,89,0,1435199721,2015-06-25 02:35:21,3.3833333333333333,1.4833333333333334
"I love the BIA series. This game would of been a great re-imagining of the series for next gen consoles at the time, if they had only paid attention to detail or put the time and effort into reintroducing the realistic-gritty aspect from previous games in the series, then this could of been a solid, damn near excellent release.

I rate this Half assed cliff hanger a 5.6/10
Great concept. Poor execution",True,8,1,802,175,0,1435004852,2015-06-22 20:27:32,13.366666666666667,2.9166666666666665
"I have no words to describe this game.
As good as the others and with better graphics and some minor improvements.
It's not so hard as the others...doesn't have that thriller atmosphere but it's still good.
The story keeps great with some revelations that you will only understand if you have played the previews BIA.
I'll forever fan of this franchise no doubt about it.

9.0/10",True,0,0,625,622,0,1434353578,2015-06-15 07:32:58,10.416666666666666,10.366666666666667
"A Irish tankman in a British tank threw me a British gun and said it was better than my American none 10/10


I grew up with Call of Duty United Offensive and thought that was the best WW2 game ever.
I played Medal of Honor Airborne and thought it was too much ""For America""
I watched Band of Brothers and loved the authenticity and quality of the series
I really like strategy games.
Played Valiant Hearts The Great War and loved the character personality, emotional story

I was gifted Brothers in Arms Hell's Highway for my birthday last week.
Graphics of Medal of Honor
Squad based gameplay
Emotional story, character personality
Sound and story of Band of Brothers without the American bias
Oh and move over Unite d Offensive, this is my new favourite WW2 shooter

Highly reccomend, definetly going to bu ythe expansions. The only negative would be it was obviously made for console so the graphics are too good for my 8GB Ram Ninvidia 2GB GTX 630, but if i turn down the resolution to 1600x1024 and shadows to low it runs smoothly. Also some of the controls are more inclined to be used with a controller. 9/10",True,0,0,616,430,0,1433728523,2015-06-08 01:55:23,10.266666666666667,7.166666666666667
"its good. theres nothing like hearing teammates shouting at you cause you popped out of cover to shoot someone. or flank someone which is what the game wants you to do 


10/10 would be ♥♥♥♥♥♥♥ at by teamates again.",True,0,0,560,402,0,1433723671,2015-06-08 00:34:31,9.333333333333334,6.7
When I was around 13 years old I played Brothers In Arms: D-Day on my PSP and I loved every minute of it! A few weeks ago this game was on sale and I bought it. I'm going to be honest: this is a worthy follow-up with a good and well-written story line and nice game-play. The graphics are surprisingly good for a game that was released in 2008. I really liked the tactical mindset that was needed to play this game. I really recommend this game for people who have a big interest in WW2!,True,0,0,1982,599,88,1433179780,2015-06-01 17:29:40,33.03333333333333,9.983333333333333
"If you're looking for a run and gun shoot 'em up game, this is not the place. The brothers in Arms series is more of a drama than an action game. The Game forces you to make life or death decisions on spot. This title provides an accurate depiction of soldiers that may have actually fought in ww2 and does a fairly good job of developing characters. I found it actually stressful and saddening when some of the men you fight with in game die. BIA makes you question your morality and faces you with the horrors of war. the in game mechanics are very well done and i found it enjoyable to command my squads around and defeat the wermacht enemy the game places against you. 10/10",True,1,0,693,521,0,1433023895,2015-05-30 22:11:35,11.55,8.683333333333334
"It's a good game - a strong example of a squad-based shooter. You control the position and focus of 1-3 fireteams, edging your way through battlefields to flank enemies and progress through linear levels. It encourages you to leverage your fireteams because your own weapons are unreliable to the extreme - on par with Counter-strike accuracy. Bullets spray for no particular reason, shots that are dead-on don't always register, and enemies take many shots to take down. While that's frustrating, it highlights that you are not a pure badass. Sure you may mow down hundreds of enemies in a playthrough, but ultimately it tries to knock you down to size with it's iffy gun mechanics - you need to use your squad to succeed. And while it is frustrating to not be rewarded for your own skill, i can understand that sloppy controls make you rely on your squad more.

It also seems to want to be Band of Brothers, the TV show. The game spends an enormous amount of time showing wooden characters (some of which are obviously derived from Band of Brothers characters, one of which even shares a voice actor) talking to each other about the war and each other. It spins narratives about cursed guns and lost loves which have exactly nothing to do with the game. The first ten minutes (not an exaggeration) is a series of unskippable cutscenes that awkwardly introduce a set of characters which it clearly wants you to be invested in. It keeps introducing new characters who have small quirks and different voice actors, but whom you really don't care about. When it kills off or maims a character, you're clearly expected to care, but there's no *reason* to care; the gameplay (controlling the position and focus of 1-3 fireteams) is identical no matter which characters are involved, and you're aways given replacements who are exactly as capable. Cutscene after cutscene is used, even with ""shaky-cam"" effects and close-ups of expressionless faces. It's all the more frustrating because this came out a year after Bioshock, a game which is almost purely story-driven, uses the same engine, and yet falls into none of the gameplay or storytelling pitfalls that this game does.

Ultimately, it's a fun game that executes a squad shooter very well, despite the flaws. I'd recommend it if you're certain you want a squad shooter, and wouldn't recommend it for any other reason.",True,19,0,263,263,0,1432363371,2015-05-23 06:42:51,4.383333333333334,4.383333333333334
"If you want to play Brothers in Arms just play this. Unless they rerelease the older ones and fix some mechanical issues with the games and flesh them out more this is pretty much the best BIA game.  Thats not saying much as this game screams bargain bin abysmal. It is lacking serious polish and there are points in the game where Im left asking ""Is something wrong, wheres the rest of the game?"" Especially common with sounds and facial animations. Things will be happening and there are either no sounds for them or the sounds are not correct or are so off.

Shooting dousn't feel great and feels pretty vanilla if that makes sense, the voice actors are pretty terrible but atleast they have a real sound crew doing the tech work in this one (unlike the first game where it wasn't unheard of to have VO redline/sound awfull). But they still sound like crap because the actors suck. Story can be pretty confusing and fragmented in weird ways aswell. 

Its basically a cheap bargain bin WW2 game that. Thats BIA. I feel like for the BIA games they just copied mechanics of other better games and especially when they were popular. When Socom/Freedom Fighters and COD were popular they made the first two games, when Gears of War and shoulder high walls became popular they put that into the game. But honestly the cover mechanics make this game better, one of the issues in earlier games was that you couldn't go third person and get a feel for whats going on very quickly, so you could either look at a wall then pop out or risk being shot and just stand there.

The damage system is ♥♥♥♥♥♥♥ terrible. I don't think you need to get shot to get hurt, but its so terrible I can't describe it. You regen health though but its not like that makes it better. You have to hit the enemies and work to get shots to hit their mark but they can just spray all over the place and still hit you.

AI is terrible, especially friendly AI. They either path in the way of fire or they decide to run around like headless chickens even though you gave the order to stay where they were. Its about on level with Road to Hill 30 give or take.

I would say the game as a whole objectively and as a game is better than Road to Hill 30. Its atleast easy to shoot people once you learn the system, and its otherwise given a bit more polish. Unfortunately its still not a polished game and is only a bit better in general than the older ones but its that extra bit that makes it a playable and enjoyable video game. 

BIA is a bargain bin series, which is unfortunate as there are points that you can see a gleam of something great shine through in production or writing, but then it falls apart when a character is looking at you with a look that makes you think hes holding back maniacal laughter right after a character died.  Its this kind of stuff that makes it impossible to care about anything in this game aside from the base combat. Also your squad can die, but they respawn at the next check point, which also makes you not give a ♥♥♥♥ about characters since they die over and over and over until they die in the story. 

They also tried some weird F.E.A.R. like situations where its supposed to be spooky but its just stupid and the enemy AI and gun play show themselves as terrible when compared to FEAR (which is one of the best FPS in terms of gunplay and especially AI). 

Man,  I don't recommend this game, but if you want to play a BIA game this is the one you ought to. Its still pretty below average though but its not as terrible as the older ones.

If they remade the games they could easily make them great though. Add some more polish and make the existing systems make logical sense. It wouldn't take a terribly large amount of work to make Hill 30 into a great game but it would take money. Which is fairly obvious with these games they didn't want to spend money, they wanted to put out something quick that would make a profit off current trends then move on.

For what its worth I kinda like it. Not enough games let you command units whilst directly controlling your own character. But its certaintly not a objectively and mechanicly good game. Its okay at best.",False,4,0,416,416,0,1430278312,2015-04-29 03:31:52,6.933333333333334,6.933333333333334
I was a big fan of the BIA series when i was younger. The newest release  Brother's In Arms Hell's Highway has big changes from the previous games. A new change is that there is a cover system and there is no health. It is like the health in Call of Duty which takes away from the game some. Also if one of your men get downed they don't die. They revive after a checkpoint. The graphics are definitely improved from last games. This is the only BIA game which i beat on authentic which tells me they made the game easier. So through all that i still enjoyed this game despite those changes. I think this game is a 8/10 for me.,True,0,0,1257,1256,0,1427853008,2015-04-01 01:50:08,20.95,20.933333333333334
"Basically the same Brothers in Arms gameplay  with a graphical facelift.  Though you could argue the gameplay is much more improved this time around. I recommend this game only to those that really enjoyed the past two games. Otherwise, if you're playing this game with the expectation of new mechanics and features. You'll likely walk away dissapointed.  

",True,0,0,134,134,0,1427466336,2015-03-27 14:25:36,2.2333333333333334,2.2333333333333334
"You need to install some Physx drivers or otherwise the game will crash!

The game continues BIA storyline and in this game you'll jump into Holland during operation Market Garden, be prepared to get some fierce action during the second world war. Better graphics, gameplay, physics engine, with an amazing soundtrack and emotion combined with great determination. I did fancy this game alot, it's not your CoD: World at War but it sure gives a nice aspect of one of the most decisive battles in the western front of WWII

Definetly recommended for WW2 buffs!",True,0,0,672,523,0,1427381520,2015-03-26 14:52:00,11.2,8.716666666666667
"Before this game, Call of Duty 1 was probably my favorite WWII game.  COD 1 had a long campaign (unlike the ones now) and had a good story.  When I started up Brothers in Arms, the game looked amazing for a '08 game.  When I finally got to shoot a gun, the recoil felt amazing.  Unlike most games where recoil doesn't do much especially if you have a controller, this one even with controller makes it hard to control.  The story is actually really good.  The storyline does not glorify war like most games.  This game makes war feel bad. While there are a few funny parts, war can take a toll on someones mind.  Overall, I would give this a 9/10 so far.  Its a really good WWII, I just wish there were a couple more or update the previous games.",True,0,0,393,381,0,1426884714,2015-03-20 20:51:54,6.55,6.35
"This is probably the best WW2 game out with a story to tell. BIA HH continues where BIA:EiB left off. This is part 3 of 3 
So you have Brothers in Arms Road to Hill 30, Brothers in Arms: Earned in Blood, and Brothers in Arms Hell's Highway. Apparently there is a supposed to be a sequel but It got cancelled or something.

Onto gameplay
The game is a FPS with squad control mechanics. If you played the other BiA you know what Im talking about. You setup your squad behind cover and try to flank the enemy. Only in this game they removed the Health system from the player, instead you have in place a sort of Aggro where when you start to build aggro your screen will turn red and then you will die when it turns too red. The AI do not try to flank you, as you are the one always trying to flank them.
Every now and then the game will zoom into an enemy you killed and show their deaths. eg grenade ripping them apart or a bullet ripping just a corner of the backside of their head. (Note I never saw anything like this in unreal I only ever saw head parts come off or heads explode in other games. Seeing parts of the head get removed instead of the entire thing makes this game unique. UBISOFT really put time and effort into this game.)

The weapons in this game are solid. You get Iron sights when you are not in cover and sadly Over the Shoulder sights when in cover. You can carry only 3 weapons with 1 always being the Colt 45 pistol. The weapons in the game are the MG42(You want to lay the most suppression? This is the gun for you) The M1 carbine, M1 Garand, M1 Thompson, M1928A1  Thompson, Kar43, Kar98, MP40, STG44, Panzerschreck, BAR, and the M3A1 Submachine gun. 

On some of the levels you get to control a Sherman Firefly that has an MG and a 75mm cannon. 

I just finished this game, I will admit I cried for some of the characters. War is a terrible thing, but this shows what it does to some of the people in it. 

I definitely recommend this game. 
Also as their should be a sequel due to [spoiler]To Be continued[/spoiler] I think it was cancelled as it was about the time UBIsoft was working on ASSaSSins creed ;.;
",True,0,0,675,669,0,1426284993,2015-03-13 22:16:33,11.25,11.15
The third installment of the series has updated graphics and gameplay mechanics however I feel the story wasn't as engaging as the previous two. An added mechanic was the ability to change into third person mode while in cover and fire over the shoulder. Also being able to send in teams of machine gunners as well as rpg units was a nice addition.,True,0,0,12,12,0,1425507376,2015-03-04 22:16:16,0.2,0.2
"I stopped playing after WATCHING A CUTSCENE of my squad pushing through a river while being suppressed by enemy machine gun fire.

This is a game that doesn't seem to understand that people buy games to PLAY them, not to WATCH them.

Game developers could really learn that a game feels much deeper when you get to experience things like this, rather than watch them. I want to feel the helplessness that comes from having an MG42 spraying at me while I am chest deep in water, not see it on someone elses face.",False,5,0,219,219,0,1424576980,2015-02-22 03:49:40,3.65,3.65
"You: JASPER TAKE OUT THAT MG!!!!
Jasper: NO SIR, THOSE KRAUTS ARE MORE FORTIFIED THAN YOUR MOTHERS ARSE SIR!!!
Cole: WHY DONT YOU SHUT UP AND FLANK THEM!!!

*The horrors of war....",True,0,0,227,227,0,1424421509,2015-02-20 08:38:29,3.783333333333333,3.783333333333333
"This game is ment for the story, and it completly reaches it's goal! This is one of if not the best World War Two game I played. The mechanics are amazing and the story is worth while. 10/10 worth the buy",True,0,0,1022,271,0,1420837213,2015-01-09 21:00:13,17.033333333333335,4.516666666666667
"An excellent WWII FPS. Much improvements over previous Brothers In Arms games. An excellent story and very good graphics, far better than before.  The game isn't so tough as previous BIA games as you automatically heal after not getting hit for a short time, similar to how the Call of Duty games changed. Better game design than before with your squad reviving at regular intervals automatically. The addition of recon points and Kilroys to find is another nice touch. Overall a top quality title that's fun to play.",True,1,0,591,591,0,1419855030,2014-12-29 12:10:30,9.85,9.85
"Complaints are always easier to write than kudos - so complaints first.
1.  Too short.  I would have liked to have had more time and gameplay on this wonderful third installment
2.  Too much cut scene.  The gameplay was too darn good to keep being interrupted by cutscenes.
3.  Too muc time spent trying to create a spooky storyline about post-traumatic (or in the midst of traumatic) stress disorder, i.e. shell-shock.  Though I know this is a topic worth pursuing it just took too much away from the movement of the story and the gameplay. (like the whole ""chase the kid through the burning building"" shtick = way too much)
4.  Situation awareness is different from BiA1 an BiA2 - which is odd b/c that was a HUGE asset in those games.  Here all you get is a bird's eye view of the terrain; a map - it just isn't as much fun

Now for Kudos:
This is game is so worth playing.  Great effects, graphics are fun, good characters, excellent squad-based action, fairly smart AI, fun guns, good reproduction of the terrain.  Really excellent and enjoyable game.  Like I said, just too short.

I would have added another installment of BiA2 individual maps, or quickplay, as that was a huge fac bonis benigne in the last game, and prbbly would have had more terror of tanks action b/c those sons of ♥♥♥♥♥♥♥ were pretty awful.  This game avoids major engagements for the less known and more individual skirmishes that occurred during WW2.  Overall, very well worth playing.",True,0,0,2370,1580,0,1419476301,2014-12-25 02:58:21,39.5,26.333333333333332
"10/10
This game has been released more than 6 years ago and playing it still feels incredibly realistic. The graphics are truly beautiful, the setting is in the Netherlands, which is a plus on its own, and the story is great. If you have played Road to Hill 30 and Earned in Blood before, the first and second game in this series, this game isn't anything like it. The controls are better, the guns are and many more. 

Nevertheless, the game ends with a cliffhanger and after six years there hasn't been any talk yet about the fourth game of the series...



",True,36,0,611,558,0,1419445850,2014-12-24 18:30:50,10.183333333333334,9.3
"Graphics are great but this installment in the series is honestly a step backwards. It feels dumbed down and more ""Call of Duty""-esque compared to the previous titles. The health system is absolutely ridiculous. It seems to calculate an average of volume of fire directed towards you instead of actual hits. This leads to strange situations where you are completely behind cover but can still be killed. Also actual combat is nowhere near as satisfying. One of the great things about the previous titles was that shooting someone was actually a challenge. It felt very realistic. This title scrapped that and went with your typical FPS style combat where you are basically 100% accurate 100% of the time. If you were a fan of the series before you will likely be very disappointed. It definitely feels very arcadey now. 

5/10",False,9,0,331,331,0,1417855580,2014-12-06 08:46:20,5.516666666666667,5.516666666666667
Fantasitc Series. Best game of the series. Great squad tactics game and well formed story line. They used veterans that were in the war and historians to make sure everything is spot on. 5 stars,True,4,0,526,309,0,1416644118,2014-11-22 08:15:18,8.766666666666667,5.15
"Yet another BIA title that is great.  More of the same gameplay from the first 2 with updated graphics.  If you haven't played the first two, do yourself a favor and play through them first. This is a continuation of the story from the first two.",True,5,0,500,500,0,1415760827,2014-11-12 02:53:47,8.333333333333334,8.333333333333334
"This has got to be one of my favorite strategy games. Nothing is more better than to command my teammates to perform certain tasks or move to certain locations while I sit back and watch them do some of the work for me. 

The story was alright, but I had to skip most of it because it didn't really catch my attention. The gameplay makes up for that(though, I wish the cutscenes could be shorter).

If you love telling others what to do, this is the game for you!",True,4,0,440,418,0,1415309833,2014-11-06 21:37:13,7.333333333333333,6.966666666666667
"This is the third installment in Brother In Arms series, where you play Matt Baker, leader of his squad. The story is excellent as it shows the mental toll the war can have on a person, as Matt is struggling to keep grips with reality as he leads his squad through tough battles, losing a few good men along the way.

Gameplay: The guns have a nice and punchy sound, and watching your bullets rip through the natzi scum is very satisfying,  Grenades will blow off limbs, and a nicely placed headshot will split the enemys head in two. Blood, Punchy and Satisfying. 
",True,14,0,697,697,0,1414859161,2014-11-01 16:26:01,11.616666666666667,11.616666666666667
"What an amazing game , 10/10 without any question

Great story , amazing gameplay , beautiful graphics (YES MORE THAN THE AAA GAMES OF TODAY AND THIS GAME IS FROM 2008) seriously couldn't ask for more , for sure worth the full price even for today , if you want you can get the ""Brothers in Arms Pack"" , will save you 10$ if you want to experience the full Brothers in Arms (Even though I only played this Brothers in Arms and it didn't seem to have any story continuation from the last game)",True,52,1,1046,1046,0,1414173736,2014-10-24 18:02:16,17.433333333333334,17.433333333333334
"I love how realistic this game is, The gun shots, The cut scenes and the action. I 100% recommend this game, Imagine flak guns exploding all around you as your falling from the sky and MG42s shooting at you, The non stop heart stopping action of WWII FPS. In Brothers In Arms you are Matt Baker a Sgt leading your men. This game is based on a true story, And you get to live what the young Sgt has lived through, The lose of friends and everything you ever cared about. This is a really great WWII FPS most realistic out there and worth every penny.",True,29,2,1742,851,0,1413679186,2014-10-19 00:39:46,29.033333333333335,14.183333333333334
Just not up to par with what the last games had. The levels are very linear in this Hell’s Highway and the writing isn’t that good. The first two games had a simplicity in the story that was just perfect. The story in this game just tried to hard. It is a great looking game for sure but it just fails everywhere else.,False,4,0,357,357,0,1412375101,2014-10-03 22:25:01,5.95,5.95
"For 20 bucks, you can get all three  Brothers in Arms games. Hill 30 and Earned in Blood are excellent squad based shooters that makes playing squad leader of  two squads in combat a cinch. Hell's Highway is considered the weakest installment but adds a bazooka/machinegun team to command and  is worth a playthrough for anyone who is invested in what happens next to the characters in the first two games.

Also we may never see the conclusion of the series, which is an absolute travesty. Bring back our paratroopers gearbox!",True,0,0,542,542,0,1411720067,2014-09-26 08:27:47,9.033333333333333,9.033333333333333
"The game is great when you get it to work on your machine....
The game looks amazing and the gameplay flows nicely. It ties very well into the previous two games which were also
very entertaining. If you want a shooter with smart friendly AI , then here you go.",True,0,0,1597,1110,0,1411684798,2014-09-25 22:39:58,26.616666666666667,18.5
"This has always been one of my favorite games. I don't really care for FPS's. They're all the same (*cough* COD). But Hell's Highway had me hooked from the start. It feels authentic...well...not that I've been to war. Authentic like playing Saving Private Ryan or Band of Brothers. If you're somewhat of a history buff, this is for you. Leave Call of Duty and Battlefield to the children who only care about mindless violence and explosions. Brothers in Arms: Hell's Highway doesn't rely on the same cookie cutter gimmicks. It's a great experience. Don't miss it.",True,0,0,1803,571,0,1409642185,2014-09-02 07:16:25,30.05,9.516666666666667
"I love it, The only thing I found dissapointing was the graphical errors of the MP40, The MP40 is an open-bolt submachinegun, but in game it is operating as a closed bolt, and the iron sights were terrible.",True,0,0,1695,1275,0,1409073060,2014-08-26 17:11:00,28.25,21.25
"I've played the previous two games of this series but this game just doesn't do it for me. 

-Ai seems to have been dumbed down
-no quick saves (Checkpoints Suck)
-gameplay AI seems to have been dumbed down for the console Audience. 
-too much story, cut scenes which I never cared about.",False,6,0,672,672,0,1407839609,2014-08-12 10:33:29,11.2,11.2
"BiA has been my favorite series since i first got road to hill 30 some 7 or 8 years ago was it? (wow i feel old) Brothers in Arms: Hells Highway is a brilliant game with a great story, as is the rest of the series, the charictor development is a big strong point. i strongly recomend buying the 3 game pack for 20 bucks because it could quite easily become your favorite series, too. the story is so compelling in BiA:HH. you genuinely feel for all the charictors and it just kind of gives you a glimpse of how incredibly brutal and sad Ww2 was. (extremely gorey) although the story is very intense and sad, some of the jokes they crack in the calmer parts will make you laugh pretty hard. now about the gameplay. the AI is... a little on the derp side but none the less, it only takes about one or 2 shots to get you. the tactical aspect of the game is what i love the most. its quick and simple and extremely effective. point, click, move, lay down fire. move other team to flank. stuff like that, it all works really well. the multiplayer is down but dont let that stop you. this whole series is so under-rated. buy this game for the sake of an amazing story experience.",True,1,0,927,530,0,1407222640,2014-08-05 07:10:40,15.45,8.833333333333334
"I really like this game.Not your typical WW2 game.The combat and scenary feels much more immersive then most WW2 games Ive played.Its not run and gun.More strategic than expected.Control your squad, Flank, advance on enemies in a more realistic fashion.Great game!

http://youtu.be/x3qRXXloEjE?list=PLa6sC350hkM4BWzlaqkkpn7v2wuSZAjol",True,0,0,504,490,0,1407111643,2014-08-04 00:20:43,8.4,8.166666666666666
"One of the best WW2 series and TPS that I've ever played and enjoyed.

Can't even think of any other TPS WW2 games that comes close to how enjoyble the Single Player is, let alone another Squad-Based WW2 game.",True,5,0,441,260,0,1406669384,2014-07-29 21:29:44,7.35,4.333333333333333
"Hell's Highway continues from the previous Brothers in Arms game. But this time the graphics have been updated, gameplay is more fluid and your squads bring more firepower (Bazooka and MG squads). This is the best Brothers of Arms game in the series.",True,5,0,435,412,0,1406399828,2014-07-26 18:37:08,7.25,6.866666666666666
"Crisp, beautiful, realistic, tactics, historically accurate, colors are fantastic, gameplay is immerse and intense.

This is your ultimate World War II game by far, a must buy for anyone interested in the history of World War II.

If only they made more where you play as the Germans, Russians or even in the Pacific. Only a boy like me can dream.

10/10

(Why does every Jerry sound like a parrot though? Haha)",True,18,0,482,142,0,1404824971,2014-07-08 13:09:31,8.033333333333333,2.3666666666666667
"If you are looking for a simple single player run N gun gameplay in the sense of Call of duty and Medal of Honour e.t.c. This might not be your teacup. This game is so much more than just a simple first person shooter. You lead a squad of soldiers and you have to make the best use of your team to advance, there's no way around it because there's no way you can get up and kill all the bad guys all by yourself. You also really need to use your head unlike simple run N gun gamleplay. To sum it up: graphics is impressively great for a six year old game, the storyline is really great. I won't say the gameplay is repetitive because it's so unique something you won't find in many other games (only in previous BIA's). The only remotely like games, in the sense of gameplay, I can think of are the Hidden & Dangerous series, which has really flawed squad tactical system, decent game though.  The best World war 2 game I've ever played so far, the missing link between Strategy and first person shooter. Can't wait for the next game.",True,0,0,1686,790,0,1404814967,2014-07-08 10:22:47,28.1,13.166666666666666
"Even though the gameplay and graphics are vastly improved over its predeccesors, the story and characters (other than some revelations that relate to the previous games' stories and characters) seemed a little lacking in this installment of Brothers in Arms. It's still a great game and arguably has the best gameplay of any WW2 shooter that has yet been released, but I like its predecessors more, though that could just be the nostalgia factor clouding my opinion. It would be nice if Gearbox could make a sequel already!",True,0,0,370,370,0,1404313332,2014-07-02 15:02:12,6.166666666666667,6.166666666666667
"nice game for WWII gamers, very recommended. With not bad grapich, epic history, and realsm environment.  If you has watching Band of Brothers series, you will appreciated this game as well.",True,0,0,1102,876,0,1404270281,2014-07-02 03:04:41,18.366666666666667,14.6
"Brothers in Arms: Hell's Highway was an amazing experience and an example on what modern military shooters should do nowadays, yes, looking at you, Call of Duty and Battlefield. At thing which bugs me about modern shooters is that every single one of them has its focus on the repetitive multiplayer where as today most of them play essentially the same, just as the campaign. 

We need more games like Hell's Highway which are not glorifying war but show the human side the soldiers have instead of how many times they can yell ""♥♥♥♥ YEAH, AMERICA!"" while pulling out the flamethrower to ""burn them, burn them all!!!""

The men you fight along in Hell's Highway feel human and just as in the older Brother's in Arms games, the main focus lies in the single player. If you want to buy this game for a killstreak loaded multi player to ""pwn scrubs"", you are wrong here.

A roughly about 10 hours long campaign (I played on Veteran difficulty)  will keep you motivated with a nice tactical component to command different squads such as the MG squad or the assault team as Matthew Baker, to surpress the enemy and use the element of surprise to flank clueless and somtimes dumb acting enemy soldiers. The commanding barely gets old and as you hop around different hubs of the hot areas during the war. Those range from wide fields to close battles in troubled cities and villages as well as asylums and collapsed buildings.

The thing which does get a little repetitive are the objectives you have to achieve using those methods of commanding. Most of the time you find yourself having to destroy 88 cannons and sometimes drive a tank around in which you are mostly safe even on the higher difficulties. Really annoying did those things only become in the end to me, as the game finally came to a closing, during the last hour of gameplay. The story itself kept motivating as protagonist Matthew Baker's mind started to crumble and he realized more and more and war is insanity. 
The ""To Be Continued"" in the end was a huge bummer to me though, especially because Ubisoft doesn't seem to care at all about this amazing series which could definetly standout amongst ""Call of Boredom"" or the recent development of the""Battlefail"" games.

It doesn't need amazing graphics to make a good game. While Brothers in Arms may looked fine back in the day it is quite outdated for the modern standards. Second to none facial animations, horrible lip-synching at times but nice destructability of cover and physical correctness of the debris look damn fine as well as gore and ragdoll of fallen enemy soldiers. 
Also the sound design is great and as the bullets fly over your head  in cover and the enemies speaking correct German, which is a rare thing to see to be honest. The atmosphere is really great and makes you feel as if this was an episode of the critically acclaimed ""Band of Brothers""-TV show. The developers really did a great job in capturing an unique and equally terrifying experience.

Overall Brothers in Arms: Hell's Highway is a technically and gameplay wise far from flawless but also an unique and tactical game which definetly gets a recommendation for me, even if solely for the atmosphere and the long campaign.

Grab this game if you are sick of modern shooters and/or glorification of war.",True,52,0,455,361,0,1403971542,2014-06-28 16:05:42,7.583333333333333,6.016666666666667
"A worthy sequel to the first two Brothers in Arms games. There's a very emotional story here that makes the events of the previous games come full circle, and one which the game flaunts with well choreographed cinematics. The gameplay feels like a next-gen evolution of Brothers in Arms in all the right ways. Cover, destructible levels, multi-squad command, air recon, the map replacing SA view, sprinting, and the kill-cam all fit right into Brothers in Arms and don't make the game lose its identity at all. The levels are bigger and better than anything seen before, and the enemy AI is as great as it ever was. The graphics, unlike the first two BiA games, actually stand the test of time thanks to vibrant, colorful levels and tasteful use of visual effects and bump mapping, unlike most early 7th gen video games. There are a few bugs, but not enough to ruin the experience. What does ruin the experience for players experiencing the game on Veteran is the fact that the player cannot use iron sights directly out of cover, which makes cover useless when the crosshair is disabled. Another issue is that weapon sway when aiming is not in this game, except for a second immediately after the player aims. Other than that, this game is an improvement over the originals in every way.

WARNING: IF YOU DO NOT DISABLE SLI BEFORE YOU PLAY THIS GAME, YOU WILL GET UNPLAYABLE AMOUNTS OF LAG!!",True,2,0,75,75,0,1403712358,2014-06-25 16:05:58,1.25,1.25
"Brothers In Arms: Hell's Highway is in my opinion one of the best WWII games ever. 
Great story that gets you right into it & great gameplay.
If you want a game with all that, this is the game for you.",True,0,0,170,64,0,1403497215,2014-06-23 04:20:15,2.8333333333333335,1.0666666666666667
If you love WW2 shooters this one is a must have. Its original in its combat and story. The game is a bit short its about 5-6 hours but it was worth the money.,True,0,1,438,438,0,1403420566,2014-06-22 07:02:46,7.3,7.3
"This game was really good until the unexpected ending happened. The cutscene leading to the ""ending"" of the game builds up, gets you pumped with drama war stuff and then it just cuts off. It really feels like you had at least three or four more levels to go, but..... nah.",True,0,0,412,412,0,1403062958,2014-06-18 03:42:38,6.866666666666666,6.866666666666666
Good single player with an interesting twist on fps. Fun mechanics and good story make it a great game. Only bad part is you wont be playing any multiplayer since it was cancelled unless ur playing lan.,True,0,0,751,477,0,1402534805,2014-06-12 01:00:05,12.516666666666667,7.95
"BiA: Hell's Highway lacks the charm the first two games in it's series had, but it's still a somewhat decent game.

Buy it if you are a fan of the series and if it's cheap.",True,0,0,43,43,0,1400850669,2014-05-23 13:11:09,0.7166666666666667,0.7166666666666667
"Will update later. This is a good game with some annoyances (solo missions, psycho babble stuff). Again will go into more detail later.

All in all however it's BIA for better or for worse.

8/10",True,0,0,580,580,0,1400374383,2014-05-18 00:53:03,9.666666666666666,9.666666666666666
"Is just a fantastic game, and it has a really well story if you like WWII stories your gonna love it, it has some problems in the gameplay but almost never so, go ahead and buy it if you like :)",True,3,0,885,639,0,1400124646,2014-05-15 03:30:46,14.75,10.65
"This game is the ♥♥♥♥! I feel like a part of the squad, and the group is perfect! I was so happy to see the Hero Leggett again! :P Graphics were stunning (Look at the other games), the controls were godly when you learn them! 10/10!",True,2,0,1551,413,0,1399492286,2014-05-07 19:51:26,25.85,6.883333333333334
"A fantastic squad-based FPS with a pretty stellar story. Your squad mates, for the most part, have really good AI and don't make too many dumb decisions. While backstory and knowledge of the previous games will certainly help, you can skip straight to this one. The mechanics are much more finely tuned over the previous two and is a better experience for it. This is definitely one of the best WWII shooters I've played. History buffs should not miss this one.",True,25,0,563,563,0,1398539008,2014-04-26 19:03:28,9.383333333333333,9.383333333333333
"Beautiful, detailed game.
I played this on the Xbox 360 and got most of the achivements for it.
You can find Kilroy though the SP which is fun, you can also understand what it was like though the years of WWII as well.
I recommend this game to any one intrested in WWII simple because this is a story which is true on some sense and not, it will show you how to work in teams and understand the process of it.

Do buy this.",True,0,0,133,97,0,1398484093,2014-04-26 03:48:13,2.216666666666667,1.6166666666666667
"Brothers in Arms like Band of Brothers battling through the fields as a unit.  About stradgity, tactics, a very good story line told from the soldiers mouth, you learn about each other through the stories told.  Very Authentic Genuine Original game.  The player is in control of the game and their are consequences to poor decision making but through the game you learn you can't save all you comrads.",True,0,0,350,55,0,1396993642,2014-04-08 21:47:22,5.833333333333333,0.9166666666666666
"DOES NOT HAVE A MULTIPLAYER!!!!!!!!!!!!!!!!!!!!!!!!!!!!!!!!!!!!!!!!!!

A complete lie that this has an active multiplayer, the servers were removed. 

Veryyyy great game, which is why it is so upsetting that the multiplayer doesn't work. :/ Worth getting for a low sale price for the great story.",True,5,0,1180,755,0,1393203837,2014-02-24 01:03:57,19.666666666666668,12.583333333333334
"A great ww2 game, with a great singleplayer campaign. You play as sergeant Matt Baker and fight in Operation Market Garden, it has the same layout as previous Brothers in Arms games allowing you to command your squad etc, you gain 2 more units, MG team and Bazooka team. you will see characters in previous Brothers in Arms games as it continues a story. i found it ""orgasmic"" when i first played it.",True,4,0,1134,938,0,1393132279,2014-02-23 05:11:19,18.9,15.633333333333333
"The graphics are amazing, gameplay is incredible. The features of the game are very cool and leading your own squad into famous battles of World War II, what can be better. Hands down, this is the best game I ever played and truely is a 10 out of 10 game. Once you start playing, you seriously can't stop. The storyline makes you feel that you're right there with the characters and you get attached to them. I would recommend this game to anyone who is a fan of World War II and someone who enjoys a good and intense storyline.",True,2,0,356,347,0,1391356233,2014-02-02 15:50:33,5.933333333333334,5.783333333333333
"With its very interesting story, additions like MG team and bazooka team, and just overall better level design all around, it truly is the best in series. Hell, it's the best game Gearbox made this gen (not that it's hard to be one, but still). Where is the sequel set in Bastogne, Randy? Huh?",True,60,1,489,489,0,1390866157,2014-01-27 23:42:37,8.15,8.15
"Fantastic little game which essentially rolls into a full ""whack a mole"" corridor quest once you get the hang of it. This isn't necessarily a bad thing though, because some times its exactly what the doctor ordered. Skip the cut scenes and go straight to the game, there's cheats you can apply that will unlock all the levels so you don't have to go through the tedium of the story.  I'm a huge fan of shooters and their relative mechanics and this one is a surprisingly satisfying reload given its age.",True,1,0,193,174,0,1389332279,2014-01-10 05:37:59,3.216666666666667,2.9
"Hell's Highway is a game with a solid gameplay experience, an interesting narrative, and some glaring faults.

As a direct sequel to the first game in the Brothers in Arms series Hell's Highway follows newly-promoted Staff Sergeant Matt Baker and his unit  through the Netherlands during Operation Market Garden. Baker's sanity wanes due to the contention of his men, rumors of a haunted pistol, and the memories of friends lost. 

The combat in HH holds to the tradition of the earlier titles in the series, while adding additional squads and features. Flanking and diversionary tactics are vital, as running into the open while an enemy fires upon Baker or his squad will result in a quick death.

However, Hell's Highway is a game that needs some fixing to enjoy. For anyone like myself who gets headaches or feels sick at a lower field of view, here's different methods of how to counter the horrid default setting.


--------------
Method 1: 
A simple binding to toggle the fov. This will change the fov when pressed, but will zoom out cutscenes, break sniper scopes, and disable zooming in when aiming.

Go to your ""Documents\My Games\BIA Hells Highway\SumacGame\Config"" folder and open ""SumacInput.ini"" in a text editor. 
under the""[Engine.PlayerInput]"" section add the following.

Bindings=(Name=""KEY"",Command=""fov DESIREDFOV"",Control=False,Shift=False,Alt=False)


Method 2: 
Changing the action of the zoom hold command to change the fov. The fov will lower when aiming to zoom in, then zoom out to your desired standard fov on release. This will also zoom out cutscenes and break sniper scopes. I suggest a zoom fov of 60, and a standard fov of 100.

Under ""[Engine.InputActionDefinition]"" in SumacInput.ini look for the line that starts with ""Actions=(Id=IA_ZoomHold,Alias..."".
Change the line to, ""Actions=(Id=IA_ZoomHold,Alias="".ZOOMHOLD"",Names=(""Zoom""),Command=""ZoomIn | fov DESIREDZOOMFOV | OnRelease ZoomOut | OnRelease DESIRED DEFAULT FOV"")""

Other tips:
Creating a bind similar to the bind shown in method 1 set to ""fov 63"" will set cutscenes close to what they look like normally.

In the ""[SystemSettings]"" section of ""SumacEngine.ini"" you can pump up the graphics. I suggest setting ""EnableHighPolyChars=False"" to ""True"" and fiddling around with the MSAA.
-------------



Like Far Cry 2, Syndicate, and Rage a good game is held back by stupid issues that can be solved with a few simple tweaks. I enjoy fixing issues in PC ports, so I may be biased, but Hell's Highway is one of my favorite games of the last eight years.",True,1,0,1180,1164,0,1388600800,2014-01-01 18:26:40,19.666666666666668,19.4
"meh, I liked it and didn't like it. I am in the middle with this game. But, I love WWII to much to not recomend this game. Cause it does has it's moments.",True,2,1,71,71,0,1388103742,2013-12-27 00:22:22,1.1833333333333333,1.1833333333333333
"Really really great game! Other than most shooter games. The storyline is really personal and realistic.

I can't wait for the follow-up about the battle of the bulge. If you're interest check out the Walktrough on my Youtube channel : http://www.youtube.com/joedemadio",True,2,0,559,559,0,1378923601,2013-09-11 18:20:01,9.316666666666666,9.316666666666666
"I originally got this as a gift and installed it because I had nothing to play. Installing this was a great decision. I liked the how tactical the missions are rather than mindlessly shooting, it really starts to make you think when you are forced to restart because you carelessly got your squads wounded. Multi is dead, but it doesn't matter, the clear focus of this game was the single player. The single player campaign has nice characters and you really start the see the relationship each character has with another as you go deeper into the game.",True,0,0,781,644,0,1377095490,2013-08-21 14:31:30,13.016666666666667,10.733333333333333
"This is a game that I have now come back to multiple times!

It really does a good job of building on the previous two entries in the series (Road to Hill 30 and Earned in Blood). Key improvements from those games being the obvious ones like UI, graphics and controls, but also the story telling is much stronger. You really do become gripped by Baker and Red's relationship with one another and the rest of the squad.

The combat mechanics can feel a little bit clunky (especially if your hand goes anywhere near the sprint button), but it's a vast improvements on the previous entries. The little additions (such as the slow motion action shots when you nail a particularly good headshot or grenade) are pretty cool and make for a much higher quality experience.

The missions themselves are honestly fairly varied, with some small tank and sniping segments to break up the core gameplay. The story mode is really worth playing and I would genuinely recommend this one. This can usually be found for really cheap on Steam, so why not give it a go - I'm sure you won't be disappointed!",True,0,0,987,601,0,1376966287,2013-08-20 02:38:07,16.45,10.016666666666667
"Edit 2025 - Played this again this year, and it is surprising how well it still holds up - while its predecessors have aged out, this game stands above them with greater cinematic appeal and improved weapons handling. A solid recommend if you ever wants to play a singleplayer Band of Brothers kind of game with interesting squad/cover/suppressing/flanking mechanics.

Pretty kewl squad based shooter.

Told in a Band of Brothers style, got some light tactical elements, makes you feel a few feels, pretty cool setpieces.

Overall pretty quality stuff. You also get a baller chrome 1911.",True,3,0,62,62,0,1376819021,2013-08-18 09:43:41,1.0333333333333334,1.0333333333333334
"Let me get this out of the way. Brothers in Arms: Hell's Highway is one of the best WW2 shooters I've ever played. There, I said it. Why is that you ask? It takes everything good about the first two and amps them up times ten. While the sound design, voice acting and ability to control your fire teams are the same (and still very good), graphics, level design, gunplay, and story are all much MUCH improved. The battlefield moves from France to Holland as your crew including Matt Baker and Joe Hartsock and boy, does it show. Instead of the same boring grassy humps, you'll fight in, around and through beautifully detailed farms, churches and bombed out cities. The fire fights are intense and the guns aim much better. A third person cover mechanic was also added giving you greater flexibility to kill the enemy and command your troops. Is it perfedtion? No. The cut scenes run a little long and the last mission is somewhat anticlimactic compared to some of the buzzsaws you run through earlier in the game. Since a recap of the first two games is included I would actually skip the first two BiA games because Hell's Highway is such a quantum leap for the series. I cannot recommend this game enough. I got the whole series for around $13 (it's been as low as $10) and this one alone was worth the price of admission.",True,0,0,452,452,0,1376710950,2013-08-17 03:42:30,7.533333333333333,7.533333333333333
The Brothers In Arms series is completely underrated and sadly forgotten about and definitely deserves more attention. In my opinion this tactical FPS shooter is the best WWII shooter out there and I can't wait to see what the devs of Gearbox will have for us next! 10/10,True,0,0,5843,5645,0,1375563076,2013-08-03 20:51:16,97.38333333333334,94.08333333333333
"I like gore. I.... LOVE.... GORE....  The amount of gore in this ""blows my mind"" ;DDD No? Well ♥♥♥♥ you too. This game has a pretty great storyline and the graphics are still pretty decent. Again... The amount of gore in this... Just... limbs everywhere.... Headshots = half a head when you look at the guy on the ground. Just get it. (Oh yes, and sheep.)",True,4,0,540,276,0,1374591228,2013-07-23 14:53:48,9.0,4.6
"This game slipped by my radar for a long time but is perhaps the best WWII FPS I've ever played!  As good as Call of Duty 2 was, Brother's in Arms has way more heart. It has a story and characters than really draw you in as well as a genuine need for tactics.

The run-and-gun approach of Call of Duty won't get you far.  Both supression and flanking are critical and you must control your fire teams (using a very easy yet effective system) to out manoeuver the enemy.

If you like WWII FPS games and especially if you enjoyed watching Band of Brothers, this game is a *must play* in my books!  It's like being thrown right into the TV Series.

While the first two games of this series are also excellent, I've had some trouble running them on newer hardware.  Hell's Highway is the 3rd in the series and the upgrade to the Unreal engine shows.  If you can, definitely play all three but if you're only going to start with one, I suggest Hell's Highway.

Don't let this amazing game pass you by!",True,0,0,1470,1470,0,1359349347,2013-01-28 05:02:27,24.5,24.5
Brothers in Arms takes itself just a bit too seriously.   BUT in spite of this it does provide a new and original take on the WWII FPS genera and has aged quite well. Overall worth picking up.,True,2,0,150,150,0,1356603363,2012-12-27 10:16:03,2.5,2.5
"Exciting WW2 based shooter.

Time ago those shooters where very common until everyone started to make their own WW2 game and people become bored.

Hell's Highway is cinematic, strong story, nice graphics, awesome playability and more important fun.

Sometimes the story converts in a soap opera but this is a minor inconvenience.",True,0,0,2007,1960,0,1351908511,2012-11-03 02:08:31,33.45,32.666666666666664
"[7.5/10]

Lackluster AI and flawed controls makes the overall experience a poor one. Even so this is a totally recommendable title for WW2 fans, because of its treatment of the war with the respect and the depth that it deserves.",True,18,0,582,582,0,1350207333,2012-10-14 09:35:33,9.7,9.7
The best World War II story game I've ever played. If you want to play it. It's a 'must' to play Road to Hill 30 and Earned in Blood before starting Hell's Highway to really earn what this game has to offer.,True,0,0,1691,1691,0,1345748386,2012-08-23 18:59:46,28.183333333333334,28.183333333333334
"what this game ultimately sets out to do is tell a gripping story about the total hell of warfare and how that hell takes its tole on a cast of specific characters (ala band of brother/the pacific); it does not hit on this well.  this game however does redeem itself by use of great gameplay systems and interesting plot.  the plot itself follows matt baker and his squad as they take part in operation market and operation garden during the middle parts of world war 2. up front the game positions itself with a somber tone but its poorly directed cinematics fail to draw that tone well and a bunch of characters are easily dismisable... the late game is where the tone really picks up as the descent into hell itself is characterized beautifully and the effects of the desperate situation by the impending defeat by nazi forces are greatly seen on the characters in the squads.

this game hits most of what it sets out to do enough to warrant a play even with cinematic direction issues",True,0,0,505,505,0,1341537842,2012-07-06 01:24:02,8.416666666666666,8.416666666666666
"un juego lleno de accion y estrategia, basado en la segunda guerra mundial, en la llegada de los aliados en Holanda en 1944 hacia finales de la guerra, es el terser capitulo de de BROTHERS IN ARMS.
este juego de shooter posee tambien asombrosos graficos y un realismo impactante.
el protagonista es el sargento Matt Baker y deberas repeler el ataque aleman en Holanda para abrir el paso hacia Berlín.",True,0,0,2781,2370,0,1327631825,2012-01-27 02:37:05,46.35,39.5
"u play as american vs rusan in ww2. it is start game where u build tank and rifle to shoot at comunist who is nazi. they havea all famous spot such as londen and mosco as u and army go on mission to defet josef stalin and his nazi troop 

9/10, higly recomend for history buff",True,0,0,474,474,0,1326041415,2012-01-08 16:50:15,7.9,7.9
A First Person Shooter with an actual storyline!    Not only do you get a fantastic shooter (with some very smart AI) but the storyline here was absolutely fantastic!  One of my favorite FPS!,True,0,0,27,0,0,1325276373,2011-12-30 20:19:33,0.45,0.0
"No need to worry, while this is a sequel, this game is very welcoming to newcomers, offering a ""Previously"" cluster of scenes, summarizing the events of the prior games in the series.

Continuing the epic story of the two previous Brothers in Arms games, Hell's Highway puts you back into the combat boots of Sgt. Matt Baker to blow some Nazi heads off. Using Unreal 3 and new cover-combat with your cover being shredded before your very eyes, this game looks and runs amazingly. If you like World War II shooters and/or tactical first-person shooters, then you will enjoy this game. With the intensity of WWII, commanding small squadrons, the power of firearms, the vulnerability against firearms, and the cinematic shots of the final opponent being blown up or shot in the head is an incredible experience that closely relates to the HBO series: Band of Brothers.

If you like action, drama, WWII experiences, tactical combat, challenging first-person shooters, and captivating stories, then look no further than Brothers in Arms: Hell's Highway.

But the game ends on a freaking cliff-hanger! WHERE'S THE SEQUEL, RANDY?!",True,0,0,361,361,0,1324350563,2011-12-20 03:09:23,6.016666666666667,6.016666666666667
"The whole BIA series is definitely worth a look if you are into first person tactical shooters.  You command a squad of soldiers during WWII in a series of engagements, wrapped in a story thats told welll with excellent voice acting.  It feels more like interactive drama, which for me is a good thing.  If you are into the story aspect of the game, you should consider starting with RTH40, the EIB, then this title.  HH is a big graphical leap forward and a joy to play.  Recommend the whole series.",True,0,0,150,93,0,1319976139,2011-10-30 12:02:19,2.5,1.55
If you have played the previous brothers in arms then this one will be a treat for you. It brings in the other stories from the previous ones and puts them all together in this one. It has gameplay that can get repetitive after awhile until you learn how to flank your enemy. You are in command of a squad the through the game and you have to direct them in a way that wont get them or you killed. You use strategy and timing to kill the enemy. The story was impressive. The graphics were very well done and great to look at. The cut-scenes were long and enjoyable to watch. The Multiplayer is still active but very small. The game is very well done and I really enjoyed it all the way to the end. If your into FPS and enjoyed the previous Brothers in arms then dont pass this one up when you see it on sale. It was awesome for me and I know you'll enjoy it too.,True,1,0,693,693,0,1318725002,2011-10-16 00:30:02,11.55,11.55
"I never really got into the first 2 BiA games, but somehow this one managed to keep me entertained the whole way through. Maybe it's because of Dutch setting, maybe because of the WWII setting, I really can't tell. It's not just your average first person shooter. You actually control teams that you have to set up strategically in order to advance. I know the first games had the same gameplay mechanics, but, again, I enjoyed it way more in this game than the previous BiA games. The story is ok, nothing special. And the graphics are a bit dated. The sound is good though, as well as the gameplay. I had a great time with this, even though it was a bit short (took me about 7-7,5 hours to complete). Despite that, grab it and give it a try. You might be surprised.

[Rating: 82/100]",True,1,0,484,438,0,1314382377,2011-08-26 18:12:57,8.066666666666666,7.3
"This game is what you get when Call of Duty 2 and Rainbow Six Vegas 2 have an illegitamete child, lock in a basement to watch nothing but Band of Brothers till its 18, then whip its ass into a time machine and send it back to WW II. Possibly the greatet WWII shooter ever.",True,0,0,884,793,0,1312870024,2011-08-09 06:07:04,14.733333333333333,13.216666666666667
"I bought the Brothers in Arms Trilogy (Hill, Earned, Hell's) and of the three Hell's Highway is the definite winner with it's more modern graphics, controls, cut scenes and story. It uses placement strategy of assualt and supression squads as well s first person movement to overcome the enemy. Some of the missions have one squad and in some you are alone with a few tank battles thrown in as well. As missions are completed there is historical content added as an optional study.

While some of the game play can be a bit buggy, I'm really enjoying this game. It has held it's value well and can complete with some of the more modern games.",True,0,0,1462,1462,0,1311130713,2011-07-20 02:58:33,24.366666666666667,24.366666666666667
"Setting picks up from the previous two games.
You're Matt Baker again shouting at your squad to go here and there like before.
Cutscenes are helluva lot more theatric it might as well have been a movie.",True,0,0,729,684,0,1310712517,2011-07-15 06:48:37,12.15,11.4
"This is a great game actually, I loved the original BIA.. I think I actually like Hell's Highway a little more. (I tried to play Earned in blood, but the graphics was kind of a turn off for me, I played it way too late)

This games graphics were beautifully done, needed a pretty heft rig to max it with a decent framerate, though I think some of that was due to the game optimization. (which wasn't horrible, just could of used extra attention, and you could tell)

The game kept me intrigued wanting to find out what happened. The atmosphere of the game was great, you could hear German's coming around the corner, the sound wasn't bad either!

Gameplay was fun, seemed a little more streamedlined than previous BIA titles, but that wasn't necessarily a bad thing. allowed you to get lost in the moment a little easier. 

The ending was good, I am one person to say there are TOO MANY WWII games, but  this game is great. Hope the next one isn't as bad as the trailers show it being!",True,1,0,1116,1116,0,1309729971,2011-07-03 21:52:51,18.6,18.6
"Great game, I love the storyline. Although combat is lacking a little. Still, if you prefer storydriven games, I'd recommend playing the orignal two before this. Less you'll be kinda confused. This one is far better then the two before it though.
",True,0,0,1762,1717,0,1308895338,2011-06-24 06:02:18,29.366666666666667,28.616666666666667
"Realistic, immersive, breath-taking. I thought I played a lot of FPS's, until I played this.
You don't fight alone, you don't conquer alone, you don't fall alone.

Realistic Difficulty will change your way to see any other shooter, and maybe, even turn them not fun at all (if you like challenges).",True,0,0,2062,1842,0,1307773177,2011-06-11 06:19:37,34.36666666666667,30.7
"Gearbox Software is well known for putting out quality work. This game is no exception. Although the game mechanics are visibly older, it is a decent squad based FPS set in the WWII era. The story is quite immersive focusing on the bonding of individuals and the simple realities of war. The enemy AI forces you to use tactics and strategy versus just running and gunning. With a package price of $10 for all three titles, it is a good value.",True,2,0,513,513,0,1307664992,2011-06-10 00:16:32,8.55,8.55
"The controls can be a bit clunky, but once you're used to commanding the squads, it's quite atmospheric. Story is a tad better than we're used in these generic WWII stories. Everything has an authentic feel.",True,0,0,528,528,0,1307391088,2011-06-06 20:11:28,8.8,8.8
"This game was better than I thought.
The whole squad control thing didnt interest me at first, but the way you control your 1-3 units is just a two button execution. One to toggle between the teams and one to execute a order which are dynamic depending on what you are looking at. If you aim at cover, they move there, if you aim at enemies they shoot and if they are close enough they will use hand granades as well. 

Suppress, advance, flank and kill is the most common tactic. Every enemy has a icon over their general location which makes giving orders easy. While the enemy icon is red, they are a threat and can easly shoot you. If the icon are gray, they are supressed and you have a easier time advancing... and so on.

The gameplay is great, fun and works fine. The story is trying to be like the HBO series Band of Brothers, but considering the shorter time a game has to tell such a story it becomes very cheesy.

I would recommend it if it goes on sale again.",True,0,0,449,449,0,1306893532,2011-06-01 01:58:52,7.483333333333333,7.483333333333333
"Hell's Highway continues the BiA series and updates the game's engine, but still offers the familiar feel of the previous games' squad mechanics. Hell's Highway is a worthwhile tactical-FPS game that really puts you into some of the battles of WWII while furthering the story of Baker and his dozen.",True,3,0,986,977,0,1299559513,2011-03-08 04:45:13,16.433333333333334,16.283333333333335
"pretty graphics very immersive. Oddest of the series, has a ghost level which I think is a first for a WW2 squad based shooter. Tanks are a joke to control and rather lose the what makes BIA interesting which is the squad based stuff and focus on suppression. Guns all sound good but bigger stuff sounds better BAR's and 30 cal sound partiularly good. M1s less so. Focuses on allied failure market garden which is rare. Lots of focus on mental health of solders and gives a fair representaton of combat stress. Best in the series by a mile, pretty dated but still has it moment when it looks good.",True,0,0,731,731,0,1298138152,2011-02-19 17:55:52,12.183333333333334,12.183333333333334
"This game is intense. You battle through hell and blood, you lose many friends along the way, You use every last bullet you can get to put nice and safe in the enemy's head. When you get a head shot it goes in slow motion. The graphics are amazing. Control your squad Baker. Good Luck Soldier! (Controls are easier on ps3)",True,0,0,67,67,0,1293933956,2011-01-02 02:05:56,1.1166666666666667,1.1166666666666667
"I highly recommend the Brothers in Arms series, especially Hell’s Highway. It’s incredibly cinematic.

There is an element of squad-based controls, but the way that BiA does it makes things extremely simple. All you have to do is right click to tell your squad to go somewhere or do something. Nothing like Rainbow 6… I hate Rainbow 6.",True,0,0,552,552,0,1293647444,2010-12-29 18:30:44,9.2,9.2
I am a WWII game buff so this obviously fit my criteria.  This is a worthy successor to the prior BIA installments.  It has a different sort of gameplay (i.e. squad based) than any other FPS WWII games which makes it unique.  Its squad control gameplay has limitations but also has advantages and the change of pace can be refreshing.  I recommend this for WWII FPS buffs.,True,0,0,12,12,0,1293160370,2010-12-24 03:12:50,0.2,0.2
"Although not as good as COD 2, this is still a nice addition to the BIA series. The Unreal Engine 3 still shines, and some gameplay issues have been fixed (like shooting right at the target through iron sights and shots fly everywhere but near you sights). Even though sometimes you will probably think the story rips too much from the Saving Private Ryan wannabes, it's still worth playing if you love the BIA series.",True,0,0,368,368,0,1291418506,2010-12-03 23:21:46,6.133333333333334,6.133333333333334
"First, this game uses an early build of UE3. and it shows; in the explosions. Everything Else is Fantastically unique. Tweaks have been made to the shooting mechanics to make it easier to hit a target over the previous two titles. The story starts out as a stereotypical Death rewind scenario to perpetuate the story,this is common in MOH games, but in Gearbox fashion the end is not as you'd expect, nor is the actual opening sequence. This is a Great game and, if it has to be, a Great finish to this franchise story arc. Also must be played in succesion from the last two in a short timeframe.

9/10",True,0,0,679,679,0,1290836986,2010-11-27 05:49:46,11.316666666666666,11.316666666666666
