model,term,coef,se,pvalue
real_ITS,const,10.292346087960285,0.2076628104137969,0.0
real_ITS,t,0.017419633806282628,0.0011731928636173887,7.16149925379758e-50
real_ITS,post,3.0409514018838673,0.25686845880673015,2.4666588208598585e-32
real_ITS,post_time,0.035677404837738055,0.0015249967814330685,4.797214555583069e-121
placebo_ITS,const,9.937923088381048,0.3009571361374722,4.0505198053252545e-239
placebo_ITS,t,0.02300669704956891,0.0031458833000063565,2.6071648661084543e-13
placebo_ITS,post_placebo,-0.5210770316825474,0.34519327117154897,0.13116529355258794
placebo_ITS,post_time_placebo,-0.005945928844267166,0.004254901765118576,0.16228419908790603
