outcome,ate_diff_in_means
days_active,0.21224826065637448
retained_any,0.000539368807766949
