estimand,estimate,std_error,p_value,p_comply
ITT,0.607280027643342,0.015647206128774096,0.0,0.6
TOT_LATE,1.017192522991067,0.0262467580261771,0.0,0.6
