mean_coef,sd_coef,ci_lower,ci_upper,prop_negative
-18030.169981131497,11448.239633693496,-41950.94066610529,2677.354861541857,0.951
