model,term,estimate,std_error,statistic,p_value
Model 1: Linear,Intercept,156078.70840754663,24680.65918245978,6.323927868120706,8.789382646015066e-09
Model 1: Linear,education,-17683.05704164495,7360.934125380613,-2.402284375929068,0.018279893341792253
Model 2: Quadratic,Intercept,294363.39082413405,46451.130669011836,6.337055451278988,8.539010428630651e-09
Model 2: Quadratic,education,-129017.98929667099,33069.69060597035,-3.901396926688461,0.00018183390202841898
Model 2: Quadratic,I(education ** 2),18556.268836996245,5388.097380588624,3.4439371685908653,0.0008650226573978067
Model 3: Log Income,Intercept,11.342460613079933,0.1369339080787717,82.83164317894982,6.1617127570007e-89
Model 3: Log Income,education,0.003864400109736821,0.040840135972344996,0.09462260635845114,0.9248181676659925
