id,firstname,lastname,birthyear,zipcode
1,Michael,Smith,1970,18323
2,Michael,Johnson,1989,14381
3,William,Davis,1995,13056
4,Jane,Jones,1992,10471
5,Emily,Jones,1996,19860
6,Olivia,Smith,1980,14881
7,William,Martinez,2000,12391
8,Jane,Williams,1990,10216
9,John,Williams,1975,13798
10,Jane,Johnson,1970,19266
11,Olivia,Garcia,1978,15915
12,John,Miller,1986,14369
13,John,Smith,1974,19777
14,Olivia,Miller,1980,17888
15,Emily,Brown,1991,15795
16,David,Miller,1996,16994
17,John,Miller,1986,15930
18,John,Davis,1998,11284
19,David,Martinez,1976,14344
20,Jane,Martinez,1993,15353
21,Emma,Brown,1992,15307
22,Emily,Rodriguez,2000,14647
23,Michael,Johnson,1976,14143
24,David,Smith,1979,18932
25,Emma,Smith,2000,19153
26,Michael,Johnson,1998,12869
27,David,Smith,1997,10407
28,James,Miller,1979,16740
29,John,Rodriguez,1999,12458
30,Emma,Williams,1992,13203
31,Olivia,Jones,1979,12662
32,Emily,Brown,1979,15578
33,David,Garcia,1982,18035
34,William,Williams,1982,12832
35,Jane,Williams,1990,18659
36,Sarah,Brown,1982,16090
37,William,Rodriguez,1974,18214
38,Michael,Martinez,1995,17793
39,Jane,Williams,1987,11460
40,James,Williams,1993,13630
41,Emily,Jones,1970,15631
42,Sarah,Davis,1999,10721
43,John,Johnson,1979,19956
44,Michael,Davis,1994,18534
45,William,Garcia,1995,11238
46,Michael,Rodriguez,1980,16304
47,David,Jones,1982,10917
48,David,Johnson,1992,16516
49,William,Davis,1995,16714
50,Emily,Miller,1971,15443
51,John,Martinez,1982,15941
52,William,Brown,1970,10346
53,David,Brown,1976,10321
54,Emma,Johnson,1986,17401
55,William,Smith,1982,15924
56,Emma,Martinez,1970,12858
57,Jane,Miller,1981,13804
58,Sarah,Johnson,1979,12310
59,Emma,Rodriguez,1972,17176
60,Olivia,Miller,1993,16779
61,Michael,Brown,1993,13254
62,David,Garcia,1986,10943
63,James,Williams,1972,18197
64,Jane,Martinez,1972,13536
65,Michael,Martinez,2000,18382
66,Jane,Rodriguez,1996,14938
67,Jane,Miller,1988,12667
68,Emily,Garcia,1985,14229
69,Sarah,Williams,1994,15691
70,Olivia,Williams,1998,17512
71,John,Williams,1975,13750
72,James,Miller,1984,14551
73,Jane,Smith,1972,19410
74,William,Williams,1970,12108
75,Emily,Jones,1986,18392
76,Emily,Martinez,1971,17242
77,Sarah,Davis,1976,10384
78,Olivia,Rodriguez,1970,18887
79,Emma,Johnson,1984,19152
80,Olivia,Smith,1999,10465
81,Michael,Brown,1976,11785
82,Emily,Martinez,1971,19140
83,Emily,Miller,1982,10891
84,Emily,Garcia,1987,17115
85,James,Garcia,1995,12190
86,William,Johnson,1989,17058
87,Olivia,Smith,1995,19086
88,Emma,Smith,1992,15080
89,William,Brown,1972,12244
90,Emily,Smith,1980,19050
91,Olivia,Miller,1981,18424
92,William,Johnson,1976,17626
93,William,Brown,1971,19023
94,William,Martinez,2000,19266
95,Jane,Williams,1980,15740
96,Emily,Jones,1983,16574
97,David,Miller,1986,11980
98,Emily,Garcia,1985,19471
99,Jane,Davis,1997,15477
100,John,Miller,1997,19913
101,Sarah,Garcia,1973,18211
102,James,Brown,1973,19989
103,William,Davis,1991,18397
104,James,Brown,1989,12925
105,Olivia,Davis,1997,13445
106,Jane,Garcia,1972,10683
107,John,Martinez,1990,13379
108,Emily,Williams,1974,16835
109,Jane,Miller,1979,19321
110,Emily,Martinez,1994,15298
111,David,Garcia,1979,10682
112,Emma,Miller,1982,16357
113,William,Davis,1999,10228
114,Jane,Smith,1991,15920
115,David,Jones,1988,12253
116,Emily,Smith,1983,15861
117,Emily,Martinez,1978,13180
118,Emma,Martinez,1970,19822
119,William,Jones,1998,11154
120,James,Rodriguez,1981,19167
121,William,Smith,1986,11549
122,David,Davis,1999,11483
123,David,Brown,1974,10355
124,Emma,Rodriguez,1996,11406
125,John,Smith,1974,12718
126,John,Johnson,1993,19967
127,Olivia,Smith,1986,17290
128,James,Davis,1982,17095
129,James,Williams,1976,15126
130,David,Johnson,1977,16377
131,James,Martinez,1994,12445
132,William,Williams,1981,16855
133,Jane,Rodriguez,1985,17155
134,William,Miller,1992,16663
135,James,Davis,1971,15829
136,Emma,Jones,1981,15234
137,Olivia,Martinez,1991,17811
138,Jane,Williams,1998,12576
139,Emma,Williams,1983,11577
140,Jane,Williams,1971,14062
141,Emma,Rodriguez,1974,15813
142,Olivia,Garcia,1991,17175
143,James,Brown,1994,11432
144,Emma,Smith,1975,10641
145,Jane,Davis,1997,14621
146,Emily,Davis,1995,13257
147,Jane,Jones,1987,16889
148,James,Williams,1970,16402
149,Emma,Brown,1975,18582
150,Sarah,Smith,1995,11162
151,Jane,Rodriguez,1974,12032
152,Michael,Garcia,1998,15920
153,Sarah,Smith,1992,18264
154,Michael,Jones,1988,12203
155,Michael,Brown,1977,19185
156,Olivia,Brown,2000,16730
157,Emily,Smith,1987,18574
158,Michael,Miller,1981,19064
159,William,Jones,1996,14249
160,Emma,Garcia,1987,17437
161,Olivia,Williams,1989,14431
162,Jane,Jones,1979,17621
163,Emily,Rodriguez,1993,10721
164,James,Johnson,1980,18807
165,Emily,Jones,1989,14601
166,Emma,Rodriguez,1993,10436
167,Olivia,Garcia,1986,18701
168,Olivia,Miller,1998,10169
169,Emily,Williams,1998,15790
170,Emily,Williams,1977,16375
171,Sarah,Smith,1976,18421
172,William,Garcia,1987,10034
173,John,Miller,1972,10675
174,James,Garcia,1999,11993
175,Emma,Williams,1981,12969
176,Emma,Miller,1979,11287
177,David,Davis,1987,19108
178,David,Miller,1996,12626
179,Sarah,Davis,1979,12508
180,John,Garcia,1976,11400
181,James,Martinez,1970,11125
182,Olivia,Miller,1971,11766
183,Michael,Smith,1984,11212
184,Sarah,Williams,1999,14781
185,Jane,Jones,1987,19860
186,Sarah,Miller,1991,11392
187,Olivia,Jones,1999,10756
188,Michael,Davis,1975,17971
189,David,Smith,1978,17775
190,Emily,Smith,1971,16432
191,John,Garcia,1979,13470
192,Emily,Davis,1973,11031
193,Emma,Johnson,1972,11306
194,Emma,Rodriguez,1970,11609
195,Michael,Johnson,1988,17281
196,Sarah,Brown,1991,19437
197,Jane,Jones,1975,17425
198,Emma,Rodriguez,1990,16270
199,Sarah,Jones,1991,19546
200,Olivia,Brown,1982,10490
201,Jane,Smith,1981,18509
202,Michael,Johnson,1991,15038
203,James,Johnson,1988,17009
204,Sarah,Davis,1973,18367
205,John,Smith,1999,11556
206,Olivia,Williams,1972,13607
207,Emily,Johnson,1989,13661
208,Emily,Smith,1978,14823
209,Emily,Miller,1979,16699
210,Jane,Brown,1971,19578
211,Emma,Rodriguez,1972,14064
212,William,Smith,1997,16164
213,Emily,Jones,1997,10422
214,Jane,Johnson,1974,14592
215,Emma,Jones,1970,13802
216,Michael,Davis,1990,11480
217,William,Smith,1985,15903
218,Sarah,Rodriguez,1981,16742
219,Olivia,Williams,1984,18191
220,James,Jones,1982,15348
221,Olivia,Martinez,1976,17224
222,David,Garcia,1979,18375
223,Emma,Williams,1970,19755
224,James,Jones,1994,15121
225,Sarah,Johnson,1995,16866
226,Olivia,Smith,2000,14098
227,Michael,Williams,1972,10902
228,David,Davis,1995,19062
229,Emily,Garcia,1985,10822
230,Emily,Miller,1988,16880
231,Jane,Smith,1996,18458
232,Emma,Miller,1983,11106
233,James,Jones,1972,18124
234,Sarah,Jones,1976,17231
235,Emma,Johnson,1994,14854
236,Emma,Williams,1975,14981
237,Emma,Smith,1992,10257
238,Sarah,Garcia,1989,10399
239,John,Martinez,1977,12104
240,John,Jones,1988,19088
241,James,Martinez,1984,15557
242,Jane,Johnson,1992,12930
243,John,Smith,1979,13003
244,David,Brown,1997,16201
245,Sarah,Rodriguez,1997,12811
246,David,Miller,1984,18534
247,Sarah,Johnson,1998,10139
248,John,Garcia,1972,13478
249,Emma,Garcia,1986,19099
250,Jane,Miller,1984,14743
251,Michael,Rodriguez,1992,18073
252,Michael,Rodriguez,1988,15928
253,Emma,Miller,1976,16955
254,Emma,Williams,1972,14912
255,Emily,Johnson,1977,18006
256,William,Johnson,1985,10504
257,Jane,Miller,1990,14610
258,James,Johnson,1991,17747
259,David,Brown,1971,19790
260,Jane,Miller,1981,12506
261,William,Davis,1993,15491
262,Sarah,Smith,1984,16086
263,Olivia,Smith,1991,14175
264,John,Rodriguez,1987,18217
265,Emily,Johnson,1977,16848
266,Jane,Smith,1980,12925
267,Emily,Smith,1975,10343
268,Emma,Smith,1995,12018
269,Emma,Rodriguez,1984,19294
270,Emma,Rodriguez,1974,13009
271,Sarah,Miller,1975,15121
272,Emily,Martinez,1986,17797
273,William,Brown,1985,13896
274,Emily,Jones,1971,18579
275,Sarah,Johnson,1971,13069
276,Jane,Williams,1978,17758
277,Sarah,Rodriguez,1979,16491
278,Olivia,Davis,1986,16994
279,Jane,Johnson,1995,14404
280,Emily,Johnson,1985,12967
281,Olivia,Williams,1979,12135
282,Jane,Williams,1970,12042
283,Sarah,Johnson,1996,19134
284,William,Miller,1987,19133
285,Jane,Rodriguez,1996,12053
286,Sarah,Miller,1987,12593
287,John,Brown,1989,12461
288,Emma,Johnson,1999,19426
289,John,Miller,1993,16920
290,Emily,Jones,1977,16843
291,John,Miller,1973,14421
292,William,Johnson,1997,11316
293,Michael,Brown,1979,14518
294,Emma,Miller,1983,19234
295,Sarah,Rodriguez,1982,11341
296,Jane,Smith,1971,15927
297,John,Jones,1999,19087
298,John,Martinez,1972,12201
299,Michael,Brown,1984,10630
300,William,Brown,1987,11416
301,Sarah,Jones,1973,12622
302,Olivia,Brown,1998,10021
303,Jane,Miller,1972,13756
304,Sarah,Davis,1995,14552
305,Emily,Martinez,1973,19959
306,William,Rodriguez,1989,15324
307,David,Garcia,1997,15603
308,Emma,Smith,1984,16913
309,Jane,Williams,1989,11114
310,William,Garcia,1999,18922
311,John,Smith,1991,14501
312,Emily,Brown,1974,11651
313,Jane,Martinez,1998,10471
314,Emily,Miller,1988,13150
315,John,Martinez,1993,16768
316,James,Johnson,2000,15888
317,Sarah,Smith,1994,16165
318,Jane,Rodriguez,1998,19892
319,David,Johnson,1989,13477
320,Emily,Garcia,1973,18733
321,Michael,Smith,1986,15809
322,Michael,Martinez,1976,17880
323,John,Williams,1980,18122
324,Michael,Smith,1980,16941
325,John,Davis,1985,13462
326,Michael,Martinez,1992,16185
327,Emma,Brown,1993,15308
328,Olivia,Williams,1973,16091
329,John,Miller,1999,15370
330,Emily,Johnson,1987,12630
331,Olivia,Brown,1980,10866
332,Emma,Garcia,1997,10211
333,John,Martinez,1992,17973
334,Sarah,Rodriguez,1995,12597
335,David,Davis,1992,12004
336,William,Rodriguez,1992,16156
337,John,Garcia,1996,16208
338,Emma,Miller,1984,16215
339,James,Davis,1983,19315
340,James,Garcia,1997,16169
341,Jane,Garcia,1971,15025
342,John,Williams,1983,10832
343,Jane,Brown,1982,19421
344,Emma,Martinez,1978,12907
345,Sarah,Davis,1997,12773
346,Emily,Brown,1976,15404
347,John,Garcia,1991,15650
348,David,Jones,1972,11439
349,James,Miller,1981,11364
350,David,Martinez,1976,13182
351,Olivia,Brown,1985,18325
352,Emily,Williams,1972,12435
353,Sarah,Johnson,1973,11230
354,Jane,Smith,2000,18826
355,James,Johnson,1979,18550
356,John,Johnson,1984,18453
357,Olivia,Johnson,1983,19374
358,Jane,Garcia,1983,16927
359,Sarah,Davis,1971,10478
360,James,Williams,1972,12893
361,James,Jones,1992,13974
362,David,Williams,1981,18299
363,William,Davis,1973,12568
364,James,Miller,1971,13861
365,Emma,Williams,2000,18918
366,Olivia,Smith,1997,19031
367,Michael,Garcia,1992,16833
368,John,Miller,1986,11619
369,John,Johnson,1993,18026
370,Olivia,Johnson,1999,15328
371,Olivia,Miller,1997,19890
372,Sarah,Brown,1984,18704
373,Emily,Brown,1998,10436
374,Sarah,Miller,1970,12943
375,Sarah,Davis,1997,15659
376,Michael,Miller,1993,10962
377,Michael,Williams,1972,17647
378,Emma,Davis,1982,16821
379,Emily,Rodriguez,1993,19143
380,Jane,Johnson,1971,10430
381,Emily,Garcia,1988,12290
382,Olivia,Brown,1983,15790
383,Emily,Davis,1986,17413
384,William,Martinez,1983,15701
385,Michael,Garcia,1994,18951
386,Emily,Johnson,1993,16849
387,Jane,Jones,1984,15196
388,Olivia,Jones,1984,10603
389,James,Miller,1972,19300
390,John,Rodriguez,1986,19053
391,Michael,Jones,1971,16681
392,Emily,Davis,1983,18025
393,Emma,Davis,1997,12074
394,Olivia,Davis,1976,19785
395,Michael,Rodriguez,1995,10485
396,Emma,Johnson,1989,13519
397,Olivia,Garcia,1970,12905
398,Emma,Brown,1978,18296
399,Jane,Brown,1988,12167
400,David,Brown,1973,14989
401,Emma,Davis,1985,10148
402,David,Johnson,1990,14290
403,Emma,Brown,1972,17271
404,James,Rodriguez,1992,15080
405,John,Rodriguez,1974,10691
406,Michael,Davis,1997,14066
407,Emma,Brown,1988,17654
408,David,Miller,1982,11597
409,Emily,Brown,1974,19769
410,Emma,Williams,2000,19846
411,Emily,Smith,1997,19716
412,Emma,Smith,1973,17479
413,John,Davis,1980,11493
414,Emma,Williams,1991,11525
415,William,Garcia,1980,13456
416,James,Johnson,1985,13165
417,William,Brown,1993,13985
418,James,Williams,1999,13953
419,John,Rodriguez,1988,12813
420,Sarah,Miller,1988,10081
421,Emily,Jones,1971,16389
422,Michael,Williams,1977,16058
423,David,Garcia,1996,16016
424,Emily,Smith,1970,12050
425,Emily,Brown,1983,12898
426,Olivia,Jones,1973,17100
427,Emma,Smith,1976,14815
428,Jane,Brown,1999,18593
429,James,Rodriguez,1975,13193
430,John,Jones,1985,12398
431,Jane,Johnson,1998,12907
432,David,Smith,1994,16759
433,Emma,Brown,1989,16422
434,Michael,Smith,1973,10960
435,David,Brown,1974,12422
436,James,Johnson,1994,17819
437,Emily,Johnson,1993,18504
438,David,Rodriguez,1983,10043
439,Olivia,Jones,1998,11108
440,William,Garcia,2000,18322
441,Michael,Jones,1978,10815
442,Emma,Brown,1988,12576
443,Emma,Williams,1982,13819
444,Emma,Brown,1993,14680
445,David,Williams,1989,10747
446,Emma,Johnson,1976,18493
447,James,Brown,1972,11808
448,David,Miller,1986,14635
449,John,Smith,1981,11545
450,Emma,Brown,1978,18765
451,William,Brown,1993,12847
452,Emily,Rodriguez,1971,18108
453,David,Williams,1998,19647
454,Jane,Brown,1998,18958
455,Jane,Garcia,1972,13316
456,Emma,Martinez,1999,12141
457,Michael,Smith,1980,13930
458,Emma,Miller,1993,19491
459,James,Davis,1972,17404
460,Olivia,Smith,1975,17892
461,David,Miller,1979,19081
462,David,Williams,1995,12609
463,David,Miller,1998,15273
464,Emma,Martinez,1974,10656
465,Emma,Jones,1971,18731
466,Olivia,Martinez,1979,17650
467,Olivia,Garcia,1985,10454
468,David,Brown,1985,13622
469,Jane,Jones,1999,17197
470,Sarah,Rodriguez,1993,11985
471,Sarah,Miller,1987,18840
472,James,Garcia,1979,17619
473,Olivia,Martinez,1981,15310
474,Sarah,Smith,1974,19711
475,Jane,Jones,1998,14704
476,John,Smith,1977,16054
477,William,Garcia,1977,13810
478,John,Rodriguez,1999,16893
479,Olivia,Smith,1973,19192
480,David,Martinez,1977,14315
481,William,Miller,1974,13375
482,David,Martinez,1991,11311
483,Sarah,Miller,1999,18510
484,Emily,Jones,1984,15471
485,David,Rodriguez,1997,18578
486,William,Williams,1971,18737
487,Michael,Williams,1975,14218
488,Sarah,Jones,1979,11863
489,Michael,Davis,1993,13370
490,David,Miller,1999,13258
491,Emily,Jones,1985,15570
492,Michael,Brown,1980,10070
493,David,Miller,1975,11317
494,James,Davis,1990,18533
495,John,Williams,1997,11122
496,William,Brown,1979,13751
497,James,Miller,1980,12971
498,James,Garcia,1983,10859
499,Sarah,Garcia,1993,19256
500,William,Jones,1973,12590
501,Sarah,Davis,1989,10421
502,William,Williams,1979,13894
503,John,Jones,1995,18168
504,David,Rodriguez,1989,17098
505,Olivia,Miller,1975,14188
506,John,Davis,1998,16064
507,James,Smith,1988,16232
508,John,Garcia,1993,13890
509,Sarah,Davis,1980,14639
510,William,Williams,1970,19752
511,William,Smith,1973,18808
512,James,Garcia,1997,11993
513,James,Johnson,1976,13966
514,David,Garcia,1979,11718
515,David,Miller,1979,18831
516,John,Jones,1980,16374
517,Jane,Martinez,1977,12383
518,Olivia,Johnson,1981,19422
519,John,Brown,1972,10311
520,Emma,Garcia,1971,14610
521,Sarah,Miller,1981,15473
522,David,Williams,1997,17240
523,Emma,Brown,1997,14027
524,Michael,Jones,1984,14176
525,Emily,Johnson,1981,15926
526,Sarah,Miller,1985,13033
527,Sarah,Miller,1989,10084
528,David,Brown,1987,18296
529,Michael,Rodriguez,1978,10883
530,William,Jones,1992,11945
531,Olivia,Jones,1982,18479
532,Emma,Williams,1991,19047
533,Olivia,Martinez,1979,15818
534,David,Smith,1997,16564
535,Olivia,Jones,1970,17582
536,William,Williams,1991,17009
537,Sarah,Garcia,1981,11693
538,Emma,Jones,2000,14956
539,Emily,Miller,1982,19648
540,Olivia,Johnson,1992,14961
541,Jane,Garcia,1995,14433
542,Emily,Davis,1993,12185
543,Olivia,Jones,1989,10353
544,Emily,Smith,1997,12532
545,James,Brown,1983,18153
546,Emily,Smith,1995,10669
547,Sarah,Rodriguez,1982,11599
548,William,Jones,1996,14673
549,Emma,Jones,1977,10391
550,William,Garcia,1989,16045
551,Sarah,Brown,1997,19365
552,Emma,Garcia,2000,14124
553,Jane,Rodriguez,1984,15252
554,Jane,Smith,1984,10701
555,William,Davis,1993,14821
556,William,Garcia,1991,12314
557,David,Rodriguez,1979,17239
558,Olivia,Davis,1971,13390
559,John,Davis,1996,19049
560,Olivia,Martinez,1986,13190
561,Emily,Rodriguez,1978,17182
562,James,Williams,1997,14558
563,Sarah,Martinez,1973,18498
564,Emily,Martinez,1978,16321
565,Emily,Martinez,1988,10200
566,James,Garcia,2000,15149
567,Emma,Rodriguez,1988,19206
568,John,Brown,1977,14420
569,Jane,Smith,1985,10018
570,Emma,Johnson,1978,15067
571,Michael,Jones,1981,12318
572,Emily,Rodriguez,1998,14215
573,Sarah,Brown,1985,10625
574,Sarah,Rodriguez,1991,17005
575,John,Rodriguez,1998,13297
576,Michael,Miller,1997,18778
577,Sarah,Rodriguez,1986,10640
578,James,Brown,1984,11027
579,Olivia,Johnson,1994,19395
580,Emma,Williams,1979,18278
581,Olivia,Martinez,1983,14137
582,Emma,Miller,1971,19254
583,David,Brown,1976,13173
584,Sarah,Smith,1979,16464
585,Jane,Williams,1996,12867
586,James,Miller,1991,11286
587,William,Brown,1998,11925
588,James,Martinez,1988,19425
589,David,Martinez,1995,12538
590,Michael,Williams,1994,17539
591,Emma,Williams,1986,15078
592,Jane,Garcia,1973,18888
593,William,Rodriguez,1995,19382
594,Michael,Davis,1981,14792
595,William,Rodriguez,1996,18447
596,Sarah,Williams,1987,15331
597,William,Martinez,1982,14322
598,John,Williams,1971,12237
599,Emily,Garcia,1984,19459
600,Michael,Davis,1996,12206
601,Michael,Smith,1971,12523
602,Olivia,Smith,1976,19058
603,Emma,Martinez,1995,16564
604,Sarah,Martinez,1991,17722
605,Sarah,Martinez,1999,13175
606,John,Williams,1975,16066
607,John,Garcia,1988,13995
608,Olivia,Williams,1984,14070
609,Emily,Martinez,1983,13594
610,Emma,Garcia,1975,12349
611,Jane,Brown,1982,18768
612,James,Jones,1997,14352
613,Michael,Smith,2000,14366
614,Sarah,Williams,1999,12411
615,John,Smith,1978,18566
616,Jane,Smith,1991,11884
617,John,Davis,1979,12142
618,Emma,Johnson,1982,17022
619,Emma,Davis,1983,18885
620,Sarah,Martinez,1974,10831
621,James,Rodriguez,1993,14314
622,Jane,Brown,1995,13627
623,Sarah,Garcia,1992,12506
624,William,Martinez,1973,18919
625,Emma,Brown,1996,18972
626,John,Smith,2000,17450
627,William,Davis,1978,13331
628,David,Williams,1991,17562
629,Jane,Davis,1978,16091
630,David,Garcia,2000,17686
631,Michael,Jones,1980,13692
632,Michael,Smith,1981,13852
633,Jane,Garcia,1992,12096
634,John,Rodriguez,1999,15183
635,Olivia,Williams,1986,10438
636,Jane,Williams,1984,11333
637,Jane,Smith,1984,15670
638,William,Williams,1989,14788
639,William,Johnson,1982,14096
640,Emily,Martinez,1985,15465
641,Olivia,Rodriguez,1982,19476
642,William,Garcia,2000,14598
643,Emma,Rodriguez,1975,12031
644,Emma,Brown,1977,17271
645,William,Jones,1974,18087
646,Jane,Smith,1989,13517
647,Olivia,Martinez,1993,18954
648,Emily,Smith,1990,17334
649,Emma,Johnson,1975,12021
650,Michael,Smith,1998,11776
651,Emily,Johnson,1988,11258
652,James,Jones,1981,16710
653,John,Garcia,1994,14196
654,Emily,Miller,1991,14021
655,Emily,Rodriguez,1978,17906
656,Olivia,Davis,1986,17080
657,James,Brown,2000,17063
658,William,Jones,1975,10925
659,Emily,Miller,1980,13116
660,Emma,Johnson,1993,14726
661,Sarah,Smith,1983,10233
662,James,Martinez,1991,14010
663,David,Martinez,1995,13280
664,James,Martinez,1997,13395
665,Sarah,Rodriguez,1987,18788
666,Jane,Rodriguez,1984,19367
667,Emma,Davis,1998,14371
668,Michael,Martinez,1991,15383
669,Emma,Smith,2000,16277
670,James,Smith,1996,17430
671,Jane,Smith,1976,10779
672,Emma,Davis,1990,10871
673,Jane,Martinez,1997,18159
674,James,Johnson,2000,15618
675,Jane,Jones,1992,11323
676,Olivia,Williams,1973,17000
677,Michael,Miller,1999,18371
678,Emily,Rodriguez,1982,14310
679,David,Rodriguez,1996,10444
680,Michael,Davis,1986,12964
681,John,Williams,1985,14833
682,Emma,Garcia,1998,13052
683,Sarah,Davis,1973,16613
684,Olivia,Williams,1982,17709
685,James,Jones,1987,19638
686,Sarah,Brown,1978,13075
687,John,Davis,1987,14754
688,Sarah,Williams,1970,18495
689,Sarah,Brown,1976,18456
690,Jane,Williams,1998,19341
691,Emily,Brown,1975,15366
692,James,Johnson,1999,14012
693,John,Brown,1989,12962
694,James,Davis,1998,14136
695,John,Brown,1973,19965
696,John,Jones,1978,18384
697,Olivia,Williams,1991,12075
698,Michael,Johnson,1999,18777
699,Sarah,Williams,1986,15303
700,Jane,Smith,1982,10841
701,Michael,Williams,1979,13203
702,Emily,Jones,1992,11096
703,John,Johnson,1974,18900
704,William,Davis,1971,11367
705,Emma,Davis,1981,17745
706,Emily,Smith,1977,10808
707,Olivia,Davis,1975,18526
708,Emma,Rodriguez,1984,17025
709,Olivia,Williams,1976,12412
710,David,Miller,1993,14715
711,James,Johnson,1989,16453
712,John,Johnson,1971,14671
713,Olivia,Jones,1997,13370
714,Emma,Miller,1970,17118
715,John,Davis,1982,18836
716,John,Rodriguez,1990,14129
717,Michael,Johnson,1993,17119
718,David,Jones,1992,12478
719,Olivia,Johnson,1981,17978
720,Jane,Martinez,1996,10309
721,Olivia,Miller,1974,12937
722,Sarah,Jones,1978,18881
723,James,Rodriguez,1976,18733
724,Sarah,Miller,1984,10958
725,William,Jones,1980,17705
726,James,Jones,1996,15567
727,David,Garcia,1990,11646
728,James,Brown,1973,12552
729,David,Davis,1973,13552
730,Jane,Garcia,1978,19219
731,Emily,Williams,1976,17011
732,Michael,Brown,1996,18158
733,Emma,Miller,1994,13371
734,John,Martinez,1986,13593
735,William,Williams,1982,11015
736,Michael,Jones,1980,10500
737,Emma,Garcia,1972,11851
738,Emily,Miller,1989,14134
739,William,Smith,1981,16270
740,David,Williams,1979,10586
741,Michael,Martinez,1992,14127
742,William,Brown,1994,18681
743,Olivia,Garcia,1978,11659
744,Olivia,Jones,1985,11727
745,David,Brown,1996,17720
746,Emma,Johnson,1994,12655
747,John,Davis,1977,11549
748,Emily,Brown,1987,17319
749,Emily,Williams,1998,16960
750,Jane,Brown,1987,10281
751,Michael,Davis,1977,18906
752,Jane,Davis,1970,15262
753,Emily,Williams,1994,12370
754,John,Johnson,1987,19126
755,David,Brown,1980,14734
756,Emma,Garcia,1982,15133
757,David,Miller,1988,12520
758,David,Brown,1985,19180
759,Emma,Smith,1975,15569
760,William,Martinez,1988,15400
761,Emily,Williams,1999,15507
762,Emily,Brown,1970,10239
763,Olivia,Williams,1970,11881
764,William,Johnson,1978,19771
765,Emma,Davis,1988,19248
766,David,Rodriguez,1971,12094
767,Olivia,Miller,1980,19341
768,Jane,Davis,1985,18072
769,Emma,Smith,1970,11810
770,David,Davis,1990,19338
771,John,Brown,1979,12963
772,Jane,Davis,1997,10384
773,Michael,Miller,1970,19159
774,Emily,Jones,1993,17931
775,Olivia,Garcia,1995,16907
776,John,Johnson,1976,17419
777,William,Rodriguez,1991,18943
778,James,Smith,1972,17834
779,Michael,Martinez,1979,10244
780,David,Garcia,1985,16325
781,Jane,Garcia,1984,18937
782,Olivia,Brown,1992,15766
783,William,Johnson,2000,12165
784,John,Johnson,1981,10063
785,Emily,Johnson,1978,11072
786,Sarah,Jones,1987,14118
787,Michael,Davis,1994,13408
788,Olivia,Brown,1983,19860
789,William,Smith,1970,16179
790,Emma,Jones,1987,12707
791,Olivia,Davis,1972,13660
792,Sarah,Williams,1992,11840
793,Emma,Williams,1997,12355
794,Sarah,Rodriguez,1986,10326
795,David,Rodriguez,1973,10752
796,David,Johnson,1982,12279
797,Emma,Miller,1993,16706
798,James,Jones,1977,13899
799,John,Williams,1982,17403
800,Michael,Garcia,1998,14781
801,Michael,Davis,1973,16403
802,John,Williams,1994,14982
803,Emma,Davis,1996,11100
804,Jane,Williams,1995,19284
805,Jane,Smith,1979,14208
806,John,Williams,1977,14694
807,Michael,Martinez,1994,13528
808,Emma,Smith,1995,10294
809,Sarah,Jones,1999,18065
810,Olivia,Martinez,1989,12619
811,Emily,Johnson,1981,14525
812,Emily,Jones,1995,10116
813,William,Johnson,1974,17050
814,Sarah,Johnson,1985,10708
815,David,Rodriguez,1973,12595
816,James,Smith,1990,15426
817,Olivia,Martinez,1990,13014
818,William,Davis,1994,10835
819,David,Martinez,1971,15994
820,James,Miller,1996,13163
821,John,Jones,1979,12173
822,William,Davis,1983,11934
823,David,Garcia,1983,13060
824,Olivia,Williams,1971,19326
825,John,Brown,1995,13497
826,John,Jones,1978,18609
827,Sarah,Davis,1984,18570
828,James,Miller,1989,18702
829,John,Smith,1993,14265
830,James,Johnson,1991,12103
831,Jane,Miller,1987,19741
832,William,Miller,1980,16689
833,David,Martinez,1988,10072
834,Emma,Johnson,1988,12922
835,Michael,Jones,1993,12612
836,Sarah,Miller,1983,18338
837,David,Rodriguez,1970,19441
838,William,Jones,1976,18483
839,Emily,Johnson,2000,18139
840,John,Johnson,1983,11784
841,David,Rodriguez,1983,12524
842,Olivia,Smith,1992,18098
843,Olivia,Davis,1979,11711
844,John,Jones,1972,16231
845,Michael,Jones,1979,10415
846,Emma,Smith,1981,10510
847,William,Williams,1981,15091
848,John,Davis,1991,16954
849,Emily,Johnson,1977,11143
850,William,Miller,1985,11485
851,David,Garcia,1984,13877
852,Jane,Williams,1978,12255
853,Sarah,Garcia,1978,10879
854,Emily,Brown,1981,16916
855,James,Brown,1986,11259
856,Olivia,Garcia,1984,13188
857,John,Brown,1993,18066
858,James,Garcia,1988,13766
859,Olivia,Martinez,1992,13752
860,Emma,Johnson,1971,16489
861,Michael,Martinez,1974,11398
862,David,Johnson,1985,16035
863,John,Williams,1999,13757
864,James,Martinez,1971,10338
865,Emily,Rodriguez,1994,10792
866,Michael,Brown,1997,19462
867,Emily,Johnson,1997,11236
868,William,Rodriguez,2000,11248
869,Michael,Johnson,1988,15349
870,James,Miller,1997,14500
871,Sarah,Johnson,1974,14513
872,David,Davis,1989,14932
873,David,Johnson,1985,12144
874,John,Jones,1973,19476
875,John,Rodriguez,2000,15880
876,Emily,Smith,1983,10072
877,James,Jones,1992,12514
878,Sarah,Miller,1980,12266
879,David,Garcia,1998,11317
880,Jane,Jones,1992,15616
881,David,Smith,1992,18302
882,Michael,Miller,1971,11201
883,Jane,Miller,1985,10061
884,David,Davis,1978,18736
885,Jane,Rodriguez,1977,12700
886,James,Miller,1996,14185
887,Jane,Davis,1978,17143
888,Jane,Garcia,1973,10123
889,Emma,Williams,1981,17081
890,Michael,Davis,1978,13545
891,James,Garcia,1994,17858
892,Olivia,Brown,1992,17593
893,James,Jones,1997,15207
894,Emily,Williams,1989,17501
895,Emily,Jones,1998,15109
896,David,Smith,1993,16785
897,Emily,Smith,1995,14497
898,Emily,Smith,1972,14426
899,William,Miller,1970,12599
900,Jane,Brown,1989,13151
901,William,Jones,1998,12005
902,Michael,Davis,1977,11849
903,Emma,Jones,1988,13666
904,Emma,Williams,1995,14328
905,John,Jones,1990,17900
906,Sarah,Garcia,1975,18740
907,David,Brown,1983,13320
908,William,Martinez,1983,18613
909,Jane,Johnson,1990,19714
910,Jane,Davis,1983,15279
911,David,Rodriguez,1989,17733
912,John,Brown,1982,17290
913,Emma,Johnson,1975,12006
914,William,Johnson,1991,13495
915,James,Rodriguez,1977,13586
916,Emma,Jones,2000,13023
917,William,Smith,1994,19042
918,James,Garcia,1979,17305
919,Michael,Smith,1984,13831
920,William,Brown,1982,14892
921,David,Smith,1998,15441
922,John,Martinez,1978,17570
923,Sarah,Davis,1995,17852
924,James,Martinez,1975,10541
925,William,Williams,1999,13131
926,David,Williams,1997,10131
927,Michael,Williams,1998,13191
928,David,Rodriguez,1993,14652
929,John,Martinez,1996,19111
930,John,Martinez,1992,18260
931,Sarah,Smith,1984,10653
932,Olivia,Garcia,1994,10123
933,John,Brown,1986,14902
934,Olivia,Davis,1992,10097
935,James,Davis,1970,18594
936,William,Martinez,1989,14758
937,Sarah,Jones,1992,11729
938,Sarah,Brown,1997,19637
939,Emily,Brown,1970,16334
940,James,Williams,1982,14943
941,Jane,Brown,2000,14869
942,James,Johnson,1978,18925
943,Emily,Smith,1996,12522
944,Emma,Miller,1994,13558
945,James,Brown,1998,11480
946,Sarah,Brown,1999,13675
947,Olivia,Williams,1973,19535
948,Jane,Davis,1993,10014
949,David,Davis,1994,10574
950,Olivia,Martinez,1991,13472
951,Emily,Jones,1979,13273
952,David,Rodriguez,1976,13872
953,David,Smith,1995,14681
954,David,Smith,1996,13615
955,John,Davis,1980,16159
956,John,Davis,1993,15623
957,William,Smith,1979,15477
958,James,Jones,1973,17034
959,David,Williams,1986,16985
960,James,Davis,1995,16232
961,John,Rodriguez,1992,16987
962,Jane,Smith,1989,17684
963,Emma,Martinez,1998,16477
964,William,Brown,1971,10189
965,Michael,Garcia,1978,10063
966,William,Davis,1991,15830
967,David,Rodriguez,1971,10816
968,Michael,Jones,1993,15715
969,David,Johnson,1984,10842
970,Emma,Rodriguez,1991,14377
971,Sarah,Rodriguez,1970,15875
972,James,Jones,1999,19737
973,Jane,Martinez,2000,13386
974,Emily,Rodriguez,1978,18182
975,Emily,Miller,1976,11514
976,Olivia,Martinez,1997,18707
977,Jane,Smith,1989,19226
978,Sarah,Martinez,1972,15489
979,Sarah,Smith,1989,11004
980,Michael,Brown,1993,18569
981,David,Smith,1996,11403
982,William,Williams,1975,12848
983,Olivia,Rodriguez,1986,17315
984,John,Miller,1979,15015
985,Olivia,Martinez,1998,13439
986,Sarah,Smith,1986,11170
987,Emily,Williams,1983,18119
988,Jane,Johnson,2000,14962
989,Emma,Smith,1974,16758
990,William,Rodriguez,1999,17032
991,Sarah,Williams,1995,11799
992,William,Rodriguez,1979,14748
993,Michael,Williams,1993,10944
994,James,Jones,1982,15110
995,Jane,Smith,1992,16216
996,Michael,Williams,1998,18240
997,David,Johnson,1999,17962
998,Emma,Davis,1974,17231
999,Olivia,Johnson,1975,16048
1000,Sarah,Jones,1995,16325
1001,Michael,Rodriguez,1975,18813
1002,Jane,Davis,1991,14262
1003,William,Davis,1996,10017
1004,Sarah,Martinez,1997,18302
1005,Emily,Rodriguez,1995,11839
1006,Jane,Martinez,1973,10106
1007,Sarah,Martinez,1997,12008
1008,James,Miller,1985,10862
1009,James,Martinez,1976,13779
1010,Sarah,Garcia,1992,16447
1011,Sarah,Johnson,1979,16878
1012,David,Brown,1985,11022
1013,Olivia,Rodriguez,1995,12379
1014,Emily,Davis,1976,10158
1015,Emily,Davis,1985,11082
1016,David,Jones,1982,19478
1017,Jane,Williams,1986,12496
1018,Olivia,Garcia,1977,10038
1019,Sarah,Smith,1982,16177
1020,Olivia,Brown,1975,11384
1021,Emma,Martinez,1988,18049
1022,James,Rodriguez,1996,19976
1023,Michael,Miller,1980,17766
1024,James,Miller,1980,14863
1025,Jane,Rodriguez,1987,10340
1026,William,Garcia,1977,19200
1027,John,Martinez,2000,17089
1028,Michael,Jones,1976,18170
1029,David,Davis,1991,19722
1030,Sarah,Jones,1985,10465
1031,James,Martinez,1970,14224
1032,David,Davis,1970,19842
1033,Sarah,Williams,1999,14608
1034,John,Jones,1998,17450
1035,Emily,Garcia,1987,19272
1036,Emma,Martinez,1981,19587
1037,Michael,Martinez,1992,13886
1038,Sarah,Garcia,1972,13671
1039,John,Davis,1981,16555
1040,John,Martinez,1972,10042
1041,Michael,Martinez,1981,17426
1042,Michael,Martinez,1998,19018
1043,Michael,Davis,1989,18222
1044,Emma,Rodriguez,1990,15664
1045,James,Garcia,1995,10799
1046,Jane,Martinez,1991,11413
1047,John,Johnson,1989,12936
1048,Olivia,Jones,1980,19724
1049,Emma,Garcia,1987,11986
1050,Sarah,Jones,1975,11253
1051,James,Smith,1988,11493
1052,John,Miller,1988,13465
1053,Michael,Johnson,1989,16812
1054,Sarah,Rodriguez,1986,12501
1055,Olivia,Garcia,1989,17674
1056,David,Rodriguez,1976,18777
1057,David,Johnson,1974,17070
1058,Jane,Miller,1980,13013
1059,Emily,Davis,1984,15993
1060,Sarah,Jones,1987,10254
1061,James,Martinez,1978,14003
1062,David,Jones,1979,13027
1063,Michael,Martinez,1998,13875
1064,James,Jones,1981,12996
1065,Olivia,Jones,1983,11775
1066,Emily,Martinez,1989,18708
1067,William,Martinez,1999,15498
1068,Michael,Davis,1991,12773
1069,Olivia,Garcia,1997,18087
1070,James,Johnson,1996,17535
1071,John,Johnson,1999,13615
1072,Sarah,Martinez,1988,17487
1073,John,Jones,1971,17941
1074,Emma,Brown,2000,13332
1075,Jane,Rodriguez,1981,10671
1076,William,Smith,1993,10438
1077,Jane,Brown,1986,12213
1078,William,Davis,1996,19669
1079,James,Smith,1977,16547
1080,John,Davis,1974,17341
1081,James,Miller,1974,19569
1082,Emma,Smith,1973,19113
1083,John,Johnson,1977,15428
1084,John,Martinez,1989,19245
1085,James,Davis,1991,16354
1086,Michael,Brown,1982,19973
1087,Sarah,Miller,1976,19053
1088,James,Smith,1974,19205
1089,Olivia,Garcia,1988,15891
1090,James,Johnson,2000,10951
1091,David,Garcia,1985,10123
1092,Emily,Jones,1976,17387
1093,William,Davis,1982,14080
1094,Jane,Johnson,1984,13344
1095,Sarah,Garcia,1999,15512
1096,John,Williams,1981,19970
1097,James,Rodriguez,1980,15050
1098,David,Garcia,1986,18493
1099,Michael,Brown,1993,15924
1100,Michael,Martinez,1985,15358
1101,Michael,Williams,1974,10786
1102,Emma,Miller,1994,11723
1103,Sarah,Martinez,1997,16797
1104,David,Johnson,1983,19137
1105,David,Williams,1988,14931
1106,John,Johnson,1991,16363
1107,William,Brown,1975,12684
1108,David,Brown,1989,12453
1109,Emma,Davis,1981,12673
1110,James,Smith,1994,10196
1111,David,Jones,1995,11506
1112,Emma,Johnson,1978,11468
1113,Jane,Davis,1994,12109
1114,Michael,Davis,1992,15439
1115,Olivia,Garcia,1981,17248
1116,Emily,Davis,1999,16856
1117,Jane,Miller,1982,14812
1118,Michael,Miller,1973,18277
1119,William,Jones,1993,15227
1120,David,Garcia,1984,11010
1121,Michael,Miller,1973,14164
1122,James,Garcia,1989,16527
1123,James,Smith,1971,19188
1124,Emily,Miller,1976,13559
1125,Emily,Miller,1996,15897
1126,Emma,Rodriguez,1970,13021
1127,Olivia,Rodriguez,1997,10174
1128,Olivia,Davis,2000,16541
1129,Olivia,Jones,1970,18333
1130,Olivia,Smith,1993,17161
1131,Emily,Brown,1999,16838
1132,Olivia,Smith,1970,12377
1133,John,Williams,2000,19316
1134,James,Martinez,1978,13233
1135,Emma,Brown,1974,17924
1136,James,Martinez,1979,17666
1137,Olivia,Smith,2000,13929
1138,William,Garcia,1973,19406
1139,Emma,Davis,1971,12576
1140,Michael,Jones,2000,19066
1141,Sarah,Brown,1972,13860
1142,David,Miller,1971,15178
1143,Michael,Martinez,1972,11033
1144,Emma,Williams,2000,16369
1145,Sarah,Garcia,1975,18330
1146,Emily,Smith,1981,15246
1147,Jane,Smith,1987,11602
1148,Sarah,Jones,1970,14177
1149,Jane,Martinez,1992,17390
1150,David,Garcia,1982,19854
1151,William,Rodriguez,1970,10653
1152,Michael,Davis,1987,11866
1153,Michael,Williams,1988,13618
1154,David,Davis,2000,14638
1155,David,Johnson,1978,19441
1156,Olivia,Williams,1987,13329
1157,David,Jones,1997,16364
1158,William,Jones,1989,14975
1159,Sarah,Davis,1986,14976
1160,William,Rodriguez,1974,16377
1161,William,Jones,1990,17801
1162,Olivia,Jones,1983,16407
1163,Sarah,Brown,1973,14252
1164,Michael,Williams,1997,13085
1165,David,Johnson,1988,16185
1166,Sarah,Williams,1976,12691
1167,Emily,Williams,1979,11899
1168,David,Brown,1974,13508
1169,Emma,Miller,1993,15579
1170,Jane,Jones,1988,10943
1171,Jane,Williams,1979,10606
1172,Emma,Brown,1999,17764
1173,James,Miller,1979,18378
1174,James,Rodriguez,1994,17362
1175,John,Miller,1991,14662
1176,Olivia,Martinez,1993,11853
1177,Michael,Williams,1985,17902
1178,Sarah,Williams,1987,13820
1179,James,Smith,1980,12080
1180,Emma,Martinez,1971,18446
1181,Emma,Rodriguez,1993,10321
1182,Olivia,Davis,1977,14110
1183,Jane,Jones,1972,14731
1184,Olivia,Jones,1970,18894
1185,William,Brown,1987,18358
1186,Sarah,Smith,1997,16907
1187,James,Brown,2000,12115
1188,James,Martinez,1974,15378
1189,David,Rodriguez,1975,17178
1190,John,Jones,1978,18769
1191,Jane,Garcia,1997,13115
1192,David,Davis,1997,11929
1193,Jane,Rodriguez,1981,15899
1194,Emily,Jones,1998,19307
1195,Emma,Miller,1981,15300
1196,Emily,Davis,1994,12724
1197,David,Smith,1999,14669
1198,James,Garcia,1995,17563
1199,Olivia,Johnson,1982,14899
1200,William,Jones,1976,11602
1201,Sarah,Jones,1981,17180
1202,Emma,Rodriguez,1995,17303
1203,David,Johnson,1998,10168
1204,James,Brown,1974,16604
1205,James,Garcia,1986,18414
1206,Emily,Rodriguez,1989,15558
1207,David,Davis,1988,13386
1208,Sarah,Davis,1982,10371
1209,William,Brown,1996,11887
1210,David,Johnson,1988,14015
1211,John,Brown,1985,14721
1212,John,Johnson,1977,18275
1213,Olivia,Miller,1990,18343
1214,John,Rodriguez,1978,19260
1215,John,Jones,1992,13713
1216,Jane,Williams,1970,12942
1217,David,Williams,1986,18973
1218,Emma,Rodriguez,1984,14255
1219,John,Miller,1999,12948
1220,Jane,Miller,1972,15849
1221,Michael,Martinez,1986,14959
1222,Olivia,Miller,1983,17936
1223,Olivia,Jones,1984,11733
1224,Emma,Jones,1992,12335
1225,Michael,Miller,1985,11472
1226,James,Miller,1989,14830
1227,Emily,Martinez,1994,14501
1228,David,Smith,1970,12362
1229,David,Rodriguez,1995,15329
1230,David,Davis,1976,13193
1231,Sarah,Miller,1999,10230
1232,Sarah,Williams,1971,10025
1233,Michael,Jones,1980,18023
1234,David,Williams,1980,18649
1235,John,Jones,1983,19547
1236,Olivia,Martinez,1984,10955
1237,John,Jones,1987,11181
1238,Emily,Rodriguez,1987,11464
1239,William,Williams,1975,16987
1240,Emma,Miller,1973,13211
1241,Emma,Williams,1976,19203
1242,Emma,Johnson,1987,17444
1243,Olivia,Brown,1970,18163
1244,Michael,Smith,1983,18921
1245,Jane,Martinez,1970,11959
1246,Sarah,Rodriguez,1976,16985
1247,Emily,Rodriguez,1975,17155
1248,John,Smith,1994,16557
1249,John,Miller,1993,14806
1250,John,Jones,1992,16924
1251,Emma,Davis,1976,19468
1252,Jane,Johnson,1981,13901
1253,Emily,Garcia,1978,19142
1254,Emily,Smith,1987,17431
1255,William,Brown,1980,10553
1256,John,Brown,1973,13361
1257,James,Smith,1978,18356
1258,John,Rodriguez,1999,10022
1259,James,Garcia,1974,12868
1260,Olivia,Johnson,1977,17618
1261,John,Johnson,1999,19542
1262,Emily,Johnson,1978,18718
1263,Emma,Brown,1980,17250
1264,Jane,Jones,1980,11249
1265,Olivia,Davis,1986,14536
1266,Sarah,Rodriguez,1982,19789
1267,William,Smith,1976,13086
1268,John,Williams,1973,14591
1269,Emily,Davis,1992,13404
1270,William,Smith,1997,12546
1271,Olivia,Brown,1994,18087
1272,Olivia,Garcia,1995,17037
1273,John,Martinez,1988,10709
1274,Sarah,Davis,1985,14832
1275,William,Brown,1998,19071
1276,James,Davis,1987,17024
1277,Emma,Williams,1979,14874
1278,Jane,Williams,1996,11501
1279,Emily,Smith,1988,11526
1280,Jane,Miller,1982,19347
1281,Olivia,Johnson,1991,14598
1282,Jane,Garcia,1977,18724
1283,William,Garcia,1993,10715
1284,Olivia,Davis,1995,19011
1285,Jane,Williams,1994,11262
1286,Michael,Smith,1994,18229
1287,William,Williams,1991,14394
1288,Emily,Johnson,1973,11913
1289,William,Martinez,1980,17351
1290,Michael,Martinez,1987,15092
1291,Jane,Martinez,1970,18031
1292,David,Smith,1977,10499
1293,William,Miller,1977,16907
1294,Jane,Martinez,1971,13788
1295,Emily,Williams,1974,10736
1296,Emma,Williams,1990,14740
1297,Emily,Williams,1998,16004
1298,Sarah,Brown,1987,18946
1299,Emma,Brown,1989,12496
1300,Jane,Smith,1978,11246
1301,Emma,Miller,1978,17735
1302,John,Miller,1995,15975
1303,Emily,Williams,1988,13749
1304,Sarah,Williams,1970,13885
1305,Jane,Garcia,1978,10613
1306,Emma,Davis,1998,10963
1307,Olivia,Jones,1998,10708
1308,Jane,Smith,1993,11417
1309,David,Smith,1970,18342
1310,Olivia,Brown,1988,17630
1311,Olivia,Garcia,1979,11636
1312,William,Davis,1996,16700
1313,Emma,Jones,1975,11603
1314,Michael,Smith,1989,10695
1315,Emily,Martinez,1997,17249
1316,Emily,Brown,1974,10433
1317,Jane,Miller,1983,16692
1318,Olivia,Davis,1995,12536
1319,Sarah,Jones,1993,10682
1320,John,Smith,1996,11276
1321,William,Martinez,1970,15759
1322,Emily,Martinez,1984,13737
1323,Emma,Smith,1983,18328
1324,Emily,Jones,1972,14143
1325,William,Garcia,1977,18612
1326,John,Miller,1995,16894
1327,Michael,Williams,1978,19491
1328,Jane,Brown,1998,10353
1329,David,Garcia,1999,18656
1330,David,Smith,1986,12633
1331,Michael,Miller,1991,10505
1332,James,Williams,1974,17575
1333,David,Brown,1970,19380
1334,Olivia,Jones,1989,16546
1335,Sarah,Garcia,1988,15012
1336,Michael,Garcia,1974,15471
1337,Jane,Miller,1999,16335
1338,William,Jones,1988,16303
1339,Olivia,Davis,1972,19563
1340,Michael,Jones,1982,14889
1341,James,Williams,1999,14102
1342,David,Williams,1973,15029
1343,John,Jones,1992,17056
1344,Jane,Jones,1996,13678
1345,David,Miller,1982,17468
1346,David,Garcia,1978,18239
1347,David,Smith,1978,13695
1348,Jane,Williams,1982,17085
1349,Jane,Jones,1981,16371
1350,Olivia,Miller,1989,15551
1351,David,Williams,1997,13663
1352,Olivia,Davis,1974,10957
1353,William,Rodriguez,1979,19714
1354,Jane,Miller,1992,11258
1355,William,Garcia,1991,11651
1356,Emma,Martinez,1988,11387
1357,Michael,Martinez,1995,12022
1358,David,Miller,1970,16429
1359,Olivia,Jones,1986,18053
1360,Michael,Johnson,1989,10055
1361,Olivia,Garcia,1971,19445
1362,James,Jones,1972,19535
1363,David,Davis,1973,19811
1364,Emma,Jones,1974,17560
1365,Emily,Williams,1985,18029
1366,John,Williams,1973,18222
1367,Emily,Johnson,1983,11531
1368,William,Williams,1996,12805
1369,Emma,Johnson,1971,17639
1370,Jane,Martinez,1971,18302
1371,Emily,Miller,1984,13159
1372,David,Davis,1972,12467
1373,William,Garcia,1988,19844
1374,John,Miller,1976,18013
1375,Olivia,Davis,1987,16429
1376,Michael,Johnson,1988,13193
1377,William,Johnson,2000,11866
1378,Emily,Davis,1982,10239
1379,Emma,Davis,1996,19879
1380,Olivia,Jones,1986,16525
1381,Olivia,Jones,1995,18373
1382,William,Garcia,1981,16372
1383,John,Jones,1997,18986
1384,James,Rodriguez,1994,11378
1385,Jane,Jones,1970,11357
1386,Olivia,Martinez,1999,17950
1387,Emily,Davis,1989,10483
1388,William,Brown,1987,14962
1389,David,Davis,1973,16114
1390,Sarah,Smith,1978,17746
1391,Jane,Johnson,1977,17238
1392,James,Brown,1991,11393
1393,Sarah,Rodriguez,1995,13944
1394,William,Miller,1986,13370
1395,Michael,Davis,1973,19622
1396,David,Smith,1993,15262
1397,William,Davis,1975,13982
1398,James,Johnson,1978,12735
1399,Jane,Miller,1981,12438
1400,Emma,Smith,1970,16109
1401,David,Smith,2000,16523
1402,Olivia,Williams,1990,17825
1403,Olivia,Jones,1975,19960
1404,Michael,Martinez,1998,16797
1405,John,Davis,1991,10318
1406,John,Brown,1972,12422
1407,Emily,Williams,1985,13168
1408,David,Jones,1986,14351
1409,Olivia,Davis,1991,16533
1410,David,Martinez,1970,12722
1411,Michael,Johnson,1991,11157
1412,Jane,Davis,1997,16150
1413,James,Martinez,1999,10288
1414,Michael,Rodriguez,1983,12974
1415,William,Martinez,1993,15526
1416,David,Garcia,1988,14531
1417,Olivia,Rodriguez,1999,18480
1418,David,Garcia,1996,19069
1419,William,Smith,1999,14609
1420,Olivia,Rodriguez,1979,11077
1421,Emma,Rodriguez,1970,19334
1422,John,Jones,1976,15713
1423,Emma,Miller,1997,13001
1424,Michael,Smith,1986,11599
1425,William,Smith,1970,12397
1426,Michael,Johnson,1984,19273
1427,Jane,Martinez,1973,17864
1428,Michael,Garcia,1997,16921
1429,William,Garcia,1998,13566
1430,Jane,Smith,1971,10524
1431,Olivia,Miller,1986,11113
1432,James,Williams,1972,15525
1433,Olivia,Rodriguez,1972,18202
1434,John,Martinez,1979,18643
1435,Jane,Rodriguez,1978,12268
1436,Sarah,Miller,1998,16306
1437,David,Martinez,1999,15545
1438,William,Brown,1972,14452
1439,Emily,Johnson,1980,11966
1440,James,Davis,1986,17472
1441,Emma,Brown,1982,14056
1442,Michael,Rodriguez,1996,18064
1443,John,Smith,1975,13833
1444,Jane,Davis,1977,12823
1445,David,Jones,1986,13533
1446,John,Garcia,1981,18273
1447,William,Jones,1979,16990
1448,James,Garcia,1998,17022
1449,James,Rodriguez,1992,15499
1450,Emma,Miller,1991,17811
1451,John,Miller,1981,12832
1452,Jane,Johnson,1993,15196
1453,Sarah,Smith,1985,12252
1454,Sarah,Miller,1990,12517
1455,Michael,Johnson,1996,10153
1456,Jane,Johnson,1970,10565
1457,David,Davis,1974,15554
1458,William,Jones,1972,19454
1459,Olivia,Jones,1993,16389
1460,Emma,Garcia,1996,19845
1461,Jane,Garcia,1995,13525
1462,William,Smith,1981,17788
1463,Emily,Brown,1998,16554
1464,William,Rodriguez,1999,18125
1465,John,Brown,1988,15888
1466,Emma,Rodriguez,1970,17671
1467,William,Smith,1983,19210
1468,William,Garcia,1996,14212
1469,John,Williams,1984,16914
1470,Emily,Smith,1986,16966
1471,Sarah,Rodriguez,1973,18428
1472,Michael,Jones,1991,19416
1473,James,Rodriguez,1975,13322
1474,John,Brown,1990,18717
1475,Emily,Smith,1992,18654
1476,James,Williams,1970,19433
1477,William,Garcia,1972,10329
1478,Emma,Johnson,1992,18554
1479,James,Davis,1995,10354
1480,David,Garcia,1981,11080
1481,Emily,Brown,1973,13287
1482,William,Davis,1977,11376
1483,Sarah,Garcia,1991,14943
1484,Emily,Garcia,1990,13447
1485,Jane,Rodriguez,1990,16879
1486,James,Garcia,1989,10003
1487,Emily,Smith,1974,15452
1488,William,Smith,1970,11312
1489,Michael,Martinez,1977,10730
1490,David,Davis,1975,10841
1491,Emma,Williams,1999,13000
1492,Emily,Brown,1979,12562
1493,Sarah,Rodriguez,1988,17003
1494,David,Garcia,1987,19514
1495,John,Miller,1973,17643
1496,James,Williams,1981,11657
1497,John,Martinez,1975,16900
1498,Michael,Miller,1977,10113
1499,Jane,Miller,1994,13236
1500,Sarah,Johnson,1983,18055
1501,Sarah,Jones,1976,11724
1502,Sarah,Williams,1991,15183
1503,Emily,Miller,1995,18978
1504,Sarah,Davis,1988,18142
1505,David,Smith,1997,19203
1506,Michael,Smith,1980,15310
1507,Olivia,Brown,1985,19436
1508,Michael,Jones,1992,15386
1509,Sarah,Davis,1978,14391
1510,Jane,Brown,1986,18657
1511,James,Martinez,1997,19398
1512,Sarah,Davis,1990,16122
1513,James,Garcia,1982,12655
1514,Jane,Martinez,1999,13744
1515,Emily,Miller,1985,11172
1516,John,Garcia,1971,13843
1517,David,Davis,1970,15176
1518,David,Davis,1970,19288
1519,James,Miller,1983,19253
1520,Michael,Jones,1974,18324
1521,David,Johnson,1972,14478
1522,Michael,Garcia,1977,16544
1523,Jane,Martinez,1989,11476
1524,Emma,Jones,1998,18209
1525,Michael,Johnson,1990,11056
1526,Emily,Miller,1990,14245
1527,John,Jones,1981,10519
1528,David,Garcia,1978,14218
1529,Sarah,Davis,1980,14790
1530,Emma,Garcia,1998,18106
1531,John,Smith,1986,16973
1532,Michael,Rodriguez,1977,11665
1533,William,Garcia,1988,11008
1534,James,Garcia,1996,13630
1535,Emma,Miller,1996,19488
1536,Sarah,Williams,1999,18696
1537,William,Rodriguez,1982,13686
1538,Emma,Martinez,1992,13105
1539,Emma,Garcia,1975,17876
1540,Michael,Garcia,1990,18864
1541,Jane,Miller,1973,13139
1542,William,Williams,1992,16473
1543,John,Rodriguez,1984,11652
1544,Sarah,Williams,1994,16434
1545,Michael,Martinez,1981,15097
1546,William,Martinez,1990,13166
1547,Jane,Rodriguez,1992,11717
1548,Sarah,Smith,2000,11692
1549,Michael,Miller,1984,12360
1550,Sarah,Martinez,1973,12226
1551,William,Jones,1974,19238
1552,David,Martinez,1981,14239
1553,Jane,Jones,1993,11773
1554,James,Miller,1993,16497
1555,Emma,Garcia,1985,19051
1556,Emma,Brown,1996,18342
1557,John,Brown,1990,12997
1558,Jane,Williams,1978,17404
1559,Emma,Johnson,1971,16080
1560,David,Rodriguez,1992,15102
1561,Sarah,Davis,1983,17154
1562,Michael,Williams,1973,13702
1563,Jane,Martinez,1978,19041
1564,John,Martinez,1987,15385
1565,Emma,Brown,1997,10535
1566,Michael,Davis,1989,13755
1567,William,Smith,1990,13631
1568,Emily,Brown,1987,10337
1569,Olivia,Smith,1993,11952
1570,Olivia,Jones,1975,17860
1571,James,Miller,1981,11129
1572,Emily,Smith,1997,16543
1573,Olivia,Smith,1977,17681
1574,James,Rodriguez,1977,11385
1575,William,Miller,1997,19192
1576,Olivia,Rodriguez,1974,12424
1577,Jane,Miller,1974,19600
1578,John,Davis,1986,16452
1579,Sarah,Johnson,1992,12449
1580,David,Williams,1984,19095
1581,Michael,Garcia,1976,19100
1582,Sarah,Johnson,1991,13096
1583,Michael,Brown,1981,14445
1584,Emma,Miller,1970,13863
1585,Emily,Davis,1977,10513
1586,Sarah,Brown,1986,14460
1587,Sarah,Brown,1985,10922
1588,William,Jones,1977,15323
1589,Michael,Johnson,1992,19500
1590,James,Martinez,1978,11421
1591,William,Brown,1990,13320
1592,Emily,Smith,1992,12269
1593,James,Davis,1996,12078
1594,Jane,Martinez,1987,18823
1595,Emma,Miller,1994,15080
1596,Sarah,Smith,1992,18024
1597,John,Brown,1986,14072
1598,Michael,Davis,1998,10729
1599,John,Martinez,1987,11011
1600,David,Smith,1978,12992
1601,David,Smith,1987,16253
1602,Emma,Johnson,1981,11341
1603,William,Williams,1989,10751
1604,Emma,Jones,1998,12901
1605,William,Williams,1976,12135
1606,Emma,Brown,1988,17079
1607,James,Garcia,1990,17699
1608,Michael,Miller,1993,13032
1609,David,Johnson,1982,13608
1610,Emily,Miller,1998,11379
1611,David,Rodriguez,1993,12065
1612,David,Miller,1994,13995
1613,William,Williams,1995,19936
1614,Sarah,Jones,1993,18826
1615,William,Williams,1972,17440
1616,Sarah,Miller,1997,12351
1617,Jane,Jones,1970,10814
1618,James,Smith,1982,15941
1619,Michael,Miller,1993,15549
1620,Sarah,Williams,1970,12435
1621,Michael,Smith,1973,11350
1622,William,Davis,1972,13816
1623,Jane,Davis,1988,14870
1624,John,Jones,1970,12276
1625,Sarah,Martinez,1979,15983
1626,Michael,Martinez,1975,10011
1627,Michael,Martinez,2000,14976
1628,David,Garcia,1996,10215
1629,David,Davis,1985,15033
1630,Emma,Johnson,1988,16417
1631,William,Rodriguez,1987,19244
1632,Emma,Jones,1976,10767
1633,Emily,Smith,1984,15630
1634,David,Brown,1991,17693
1635,John,Garcia,1976,19562
1636,Olivia,Martinez,1978,19516
1637,William,Smith,1995,13683
1638,Emma,Williams,1984,12001
1639,Emily,Garcia,1972,17305
1640,James,Smith,1980,19430
1641,James,Miller,1971,15732
1642,Emily,Jones,1972,18246
1643,Olivia,Jones,1997,10383
1644,John,Davis,1994,12430
1645,Emily,Davis,1984,15716
1646,Michael,Williams,1971,15441
1647,James,Johnson,1983,12655
1648,John,Davis,1975,14810
1649,Sarah,Jones,1996,12436
1650,William,Rodriguez,1988,12679
1651,Jane,Miller,1997,13180
1652,Emma,Garcia,1994,18117
1653,Jane,Smith,1995,19712
1654,Emily,Martinez,1989,11455
1655,Michael,Smith,1998,14683
1656,James,Martinez,1980,16855
1657,James,Garcia,1999,19968
1658,Jane,Rodriguez,1975,14136
1659,Emma,Smith,1970,16611
1660,Emma,Jones,1982,10764
1661,James,Jones,1983,11369
1662,William,Rodriguez,1983,15838
1663,James,Rodriguez,1974,12416
1664,Emily,Williams,1994,17067
1665,David,Johnson,2000,10651
1666,William,Martinez,1996,15822
1667,Emily,Davis,1994,18618
1668,James,Smith,1999,10328
1669,Emily,Brown,1988,18212
1670,James,Brown,1992,17233
1671,Michael,Rodriguez,1975,10274
1672,William,Jones,1996,12282
1673,Olivia,Davis,1985,15687
1674,Emily,Williams,1979,13048
1675,James,Williams,1976,10718
1676,John,Garcia,1983,10289
1677,John,Garcia,1977,19021
1678,James,Brown,1974,13680
1679,Michael,Garcia,1986,15204
1680,Michael,Smith,1992,17707
1681,John,Brown,1996,12143
1682,Sarah,Johnson,2000,19032
1683,Olivia,Rodriguez,1981,17935
1684,Jane,Williams,1997,17827
1685,Emily,Garcia,1980,15621
1686,Jane,Miller,1991,16311
1687,Emma,Jones,1987,11860
1688,Emily,Brown,1970,11078
1689,Emily,Rodriguez,1977,13839
1690,Emily,Johnson,1992,14862
1691,Olivia,Johnson,1991,14993
1692,Sarah,Williams,1970,19937
1693,Jane,Miller,1995,12382
1694,James,Johnson,1990,10561
1695,Sarah,Martinez,1998,16423
1696,Emily,Miller,1971,13256
1697,Sarah,Martinez,1994,10548
1698,Sarah,Miller,1997,13706
1699,John,Jones,1974,15794
1700,David,Smith,1999,13925
1701,Emma,Brown,1985,11428
1702,Olivia,Davis,1970,15727
1703,Sarah,Williams,1998,19053
1704,William,Williams,1995,19129
1705,David,Smith,1983,14871
1706,Sarah,Jones,1982,12478
1707,Olivia,Smith,1991,12769
1708,William,Smith,1989,19309
1709,Emily,Garcia,1999,13432
1710,David,Rodriguez,1983,14082
1711,Michael,Martinez,1978,18286
1712,Emma,Davis,1979,10518
1713,Jane,Miller,1972,11618
1714,Jane,Williams,1984,18851
1715,Emma,Jones,1988,18584
1716,Jane,Davis,1976,19990
1717,Michael,Martinez,1971,15663
1718,John,Smith,1972,11192
1719,Emma,Jones,1978,16001
1720,David,Rodriguez,1993,12884
1721,Emily,Martinez,1997,12420
1722,Sarah,Johnson,1974,19473
1723,Sarah,Miller,1993,12606
1724,David,Jones,1982,16102
1725,Olivia,Garcia,1975,12408
1726,Olivia,Williams,1972,17168
1727,Emma,Jones,1984,12013
1728,David,Jones,1980,13657
1729,Olivia,Brown,1998,18793
1730,James,Davis,1990,17962
1731,Olivia,Jones,1991,10430
1732,Jane,Smith,1999,12048
1733,Michael,Rodriguez,1970,12565
1734,Jane,Brown,1989,11240
1735,Michael,Smith,2000,13951
1736,Michael,Johnson,1973,13071
1737,Jane,Jones,1980,17823
1738,Sarah,Jones,2000,11895
1739,Sarah,Rodriguez,1984,14735
1740,William,Davis,1977,12599
1741,Sarah,Jones,1996,13638
1742,John,Smith,1974,15485
1743,Emily,Davis,1977,10153
1744,Jane,Miller,1973,19785
1745,William,Miller,1972,18246
1746,John,Miller,1985,19316
1747,James,Jones,1987,19289
1748,William,Smith,1973,16765
1749,Sarah,Williams,1987,16066
1750,William,Miller,1984,14117
1751,Emma,Jones,1998,17415
1752,Emma,Davis,1986,16669
1753,Emily,Williams,1991,12534
1754,Emily,Jones,1978,10544
1755,Emma,Martinez,1984,15806
1756,Emily,Davis,2000,11629
1757,John,Brown,1979,19882
1758,Sarah,Rodriguez,1984,12930
1759,James,Rodriguez,1988,15610
1760,James,Martinez,1977,18255
1761,Emily,Williams,1979,15556
1762,Olivia,Williams,1977,12271
1763,Sarah,Davis,1975,18290
1764,Sarah,Garcia,1998,15155
1765,Olivia,Martinez,1972,18198
1766,Emily,Brown,1998,11606
1767,Jane,Miller,1987,18267
1768,Michael,Smith,1981,10490
1769,Emily,Jones,1983,11363
1770,Emily,Jones,1982,19958
1771,Emma,Miller,1987,16454
1772,James,Williams,1982,10926
1773,Sarah,Johnson,1993,18205
1774,Jane,Davis,1975,18901
1775,John,Garcia,1996,17442
1776,David,Brown,1992,12288
1777,David,Smith,1971,17498
1778,Jane,Smith,1982,17587
1779,John,Martinez,1973,14130
1780,Jane,Miller,1977,16801
1781,William,Jones,1976,16599
1782,Michael,Martinez,1972,13648
1783,John,Rodriguez,1999,13029
1784,James,Jones,1971,15788
1785,Olivia,Garcia,1973,15435
1786,James,Jones,1970,15483
1787,Emily,Miller,1975,16549
1788,Sarah,Brown,1991,12668
1789,Jane,Jones,2000,10354
1790,David,Johnson,1995,15395
1791,Jane,Williams,1988,19619
1792,Sarah,Williams,1994,12062
1793,Sarah,Smith,1974,14470
1794,David,Rodriguez,1974,17177
1795,Olivia,Johnson,1972,18742
1796,Emily,Garcia,1998,12943
1797,Michael,Jones,1985,12271
1798,Emily,Williams,1991,15693
1799,Michael,Smith,1985,15219
1800,Emma,Garcia,1986,14600
1801,Emily,Martinez,1982,13540
1802,Michael,Rodriguez,1982,12805
1803,Sarah,Brown,1991,12272
1804,Michael,Johnson,1974,19225
1805,Jane,Jones,1977,19406
1806,James,Miller,1982,17167
1807,Jane,Johnson,1999,10999
1808,Emma,Garcia,1972,17751
1809,James,Brown,1973,13946
1810,Emily,Davis,1999,11512
1811,Jane,Johnson,1997,13750
1812,Michael,Smith,1981,12414
1813,Sarah,Martinez,1973,19425
1814,Jane,Brown,1976,17028
1815,David,Miller,1998,15340
1816,John,Rodriguez,1991,19702
1817,Olivia,Garcia,1973,18533
1818,David,Johnson,1974,11682
1819,James,Brown,1994,14640
1820,Emily,Brown,1991,16377
1821,William,Johnson,1980,10083
1822,Jane,Miller,1987,18467
1823,William,Miller,1991,12391
1824,Emma,Williams,1985,16785
1825,Michael,Martinez,1996,19445
1826,David,Jones,1984,17508
1827,William,Rodriguez,1999,12186
1828,William,Williams,1977,18786
1829,Emma,Jones,2000,15682
1830,Sarah,Smith,1980,10127
1831,William,Miller,1998,18597
1832,Emily,Garcia,1976,15998
1833,Emily,Garcia,1983,11427
1834,Emily,Johnson,1998,14858
1835,Sarah,Brown,1993,17851
1836,John,Smith,1998,17978
1837,James,Rodriguez,1977,10749
1838,John,Garcia,1971,19271
1839,Emily,Martinez,1986,13364
1840,William,Williams,1999,10030
1841,Jane,Miller,1996,14637
1842,Michael,Jones,2000,12057
1843,John,Johnson,1986,15994
1844,William,Miller,1976,14581
1845,James,Martinez,1975,16122
1846,James,Garcia,1990,18916
1847,William,Williams,1995,12988
1848,John,Williams,1999,15367
1849,Olivia,Jones,1973,15144
1850,Jane,Davis,1994,15167
1851,David,Brown,1978,10712
1852,Michael,Davis,1994,18038
1853,James,Miller,1973,17574
1854,James,Rodriguez,1979,18917
1855,Emily,Rodriguez,1995,10215
1856,Olivia,Garcia,1980,15774
1857,Olivia,Jones,1975,17627
1858,Emma,Garcia,1997,16618
1859,William,Rodriguez,1987,19848
1860,Jane,Johnson,1992,10500
1861,James,Miller,1996,10934
1862,Michael,Brown,1983,15108
1863,Olivia,Jones,1994,18113
1864,John,Miller,1992,15636
1865,David,Martinez,1988,15675
1866,James,Johnson,1995,19969
1867,David,Jones,1977,15317
1868,Sarah,Jones,1996,11990
1869,Emily,Johnson,1991,14732
1870,James,Jones,1979,11696
1871,William,Miller,1974,12821
1872,Emma,Jones,1989,15571
1873,Emily,Miller,1987,11250
1874,David,Martinez,1995,13088
1875,John,Jones,1972,18086
1876,Emma,Jones,1996,14269
1877,John,Garcia,2000,18701
1878,Sarah,Williams,1980,11125
1879,David,Williams,1981,19197
1880,Jane,Davis,1982,14868
1881,Emma,Martinez,1970,15348
1882,David,Johnson,1980,16043
1883,Michael,Johnson,1971,13954
1884,Michael,Davis,1989,14564
1885,Sarah,Rodriguez,1993,12861
1886,William,Brown,1974,19897
1887,Jane,Miller,1986,12334
1888,William,Smith,1995,14329
1889,Jane,Miller,1991,15084
1890,James,Johnson,1980,10727
1891,Sarah,Miller,1988,12560
1892,Emily,Davis,1981,10313
1893,David,Brown,1992,12596
1894,Olivia,Brown,1994,19236
1895,Olivia,Johnson,1979,11078
1896,Jane,Johnson,1996,14444
1897,William,Martinez,1985,11164
1898,Olivia,Davis,1999,18101
1899,John,Rodriguez,1986,13068
1900,John,Garcia,1996,14880
1901,Sarah,Martinez,2000,14609
1902,Emily,Rodriguez,1975,15842
1903,William,Jones,1994,10594
1904,John,Williams,1980,19895
1905,Emily,Garcia,1981,15215
1906,Emily,Brown,1993,14791
1907,David,Jones,1978,19910
1908,John,Jones,1987,17395
1909,David,Jones,1984,16762
1910,James,Martinez,1994,11689
1911,Olivia,Smith,1987,12591
1912,Olivia,Miller,1974,10095
1913,Emma,Miller,1989,11031
1914,James,Smith,1983,10739
1915,David,Martinez,1989,16989
1916,David,Brown,1989,14789
1917,Sarah,Jones,1989,15006
1918,Olivia,Garcia,1988,10722
1919,William,Martinez,1978,15309
1920,David,Miller,1972,18829
1921,John,Brown,1990,18772
1922,David,Davis,1991,11103
1923,Olivia,Garcia,1980,16884
1924,James,Jones,1995,12688
1925,Sarah,Jones,1997,19687
1926,John,Jones,1980,16602
1927,David,Jones,1996,14476
1928,Sarah,Williams,1979,17301
1929,Michael,Garcia,1993,12467
1930,James,Brown,1983,13848
1931,John,Garcia,1993,12401
1932,Jane,Williams,1982,18056
1933,Emily,Williams,1992,13413
1934,Jane,Martinez,1997,19189
1935,Emma,Martinez,2000,19765
1936,Jane,Martinez,1996,10936
1937,Olivia,Smith,1989,19094
1938,Jane,Johnson,1991,12847
1939,David,Rodriguez,1973,19153
1940,James,Williams,1982,17198
1941,Michael,Jones,1991,18206
1942,John,Williams,1983,15309
1943,Michael,Williams,1991,15179
1944,James,Johnson,1981,16825
1945,Emma,Johnson,1985,18059
1946,John,Brown,1970,12442
1947,Emily,Garcia,1995,14084
1948,Emily,Brown,1985,11220
1949,David,Rodriguez,1976,16418
1950,Sarah,Brown,1992,10381
1951,Olivia,Garcia,1975,14508
1952,James,Miller,1980,17657
1953,Olivia,Martinez,1976,15350
1954,William,Brown,1995,17532
1955,Sarah,Martinez,1977,17852
1956,Emma,Davis,1995,12227
1957,William,Rodriguez,1978,16572
1958,Michael,Miller,1997,13373
1959,Jane,Martinez,1979,16477
1960,John,Smith,1977,19559
1961,Emily,Martinez,1977,12335
1962,Jane,Jones,1977,17239
1963,David,Martinez,1976,19949
1964,William,Martinez,1999,16416
1965,William,Davis,1972,15535
1966,James,Davis,1994,10301
1967,David,Garcia,1987,17124
1968,Michael,Martinez,1996,13986
1969,William,Martinez,1986,15392
1970,James,Jones,1992,13482
1971,David,Williams,1997,15000
1972,Sarah,Garcia,1973,15716
1973,William,Martinez,1982,18226
1974,David,Brown,1987,14358
1975,Emma,Davis,1990,10615
1976,William,Martinez,1983,12532
1977,John,Martinez,1986,14633
1978,William,Rodriguez,1987,13636
1979,John,Miller,2000,14073
1980,David,Rodriguez,1984,11641
1981,Olivia,Garcia,1978,16110
1982,Jane,Rodriguez,1976,13298
1983,Emily,Johnson,1983,10695
1984,William,Rodriguez,1986,17729
1985,John,Johnson,1982,13119
1986,Olivia,Jones,1979,15468
1987,David,Johnson,2000,11306
1988,Jane,Smith,1975,10323
1989,David,Jones,1996,14602
1990,William,Jones,1989,19255
1991,James,Rodriguez,1972,11091
1992,Emma,Garcia,1993,10498
1993,James,Jones,1986,16072
1994,Sarah,Brown,1986,18406
1995,James,Garcia,1975,11796
1996,James,Smith,1992,13436
1997,Emma,Rodriguez,1994,15656
1998,William,Rodriguez,1977,11345
1999,Jane,Smith,1993,19104
2000,James,Williams,1994,12991
2001,William,Brown,1976,12421
2002,Olivia,Rodriguez,1991,10888
2003,Olivia,Garcia,1983,12386
2004,Sarah,Smith,1983,13729
2005,William,Smith,1986,17904
2006,Olivia,Miller,1976,13308
2007,Sarah,Miller,1996,17280
2008,Emily,Garcia,1970,14061
2009,David,Martinez,1995,18737
2010,Sarah,Johnson,1996,13919
2011,David,Smith,1994,11296
2012,John,Williams,1986,15351
2013,James,Davis,1993,11387
2014,John,Johnson,1994,11452
2015,David,Williams,1981,10728
2016,William,Martinez,1975,12823
2017,Michael,Miller,1993,14800
2018,David,Brown,1981,10436
2019,Jane,Davis,1972,13123
2020,Olivia,Johnson,2000,14724
2021,Michael,Williams,1980,13037
2022,Olivia,Brown,1982,15202
2023,Emma,Smith,1970,11052
2024,Jane,Rodriguez,1985,14299
2025,David,Martinez,1999,18455
2026,Sarah,Martinez,1996,13194
2027,Michael,Johnson,1980,17138
2028,Sarah,Williams,1985,14839
2029,Jane,Garcia,1993,17733
2030,James,Johnson,1991,10711
2031,John,Williams,1985,16109
2032,Emma,Davis,1979,13415
2033,Olivia,Jones,1975,14339
2034,William,Martinez,1982,13569
2035,Emma,Johnson,1978,16501
2036,John,Jones,1998,15826
2037,Michael,Rodriguez,1976,12474
2038,Emily,Martinez,1978,16826
2039,Emily,Davis,1971,17291
2040,Jane,Davis,1975,10792
2041,David,Brown,2000,12140
2042,Jane,Garcia,2000,13980
2043,David,Jones,1981,13428
2044,John,Rodriguez,1995,14454
2045,David,Miller,1980,14131
2046,James,Smith,1977,17691
2047,William,Garcia,1993,18234
2048,James,Jones,1983,13375
2049,Emily,Johnson,1973,17131
2050,Olivia,Martinez,1998,16124
2051,John,Rodriguez,1988,15639
2052,Emily,Martinez,1970,14270
2053,Emily,Johnson,1985,10614
2054,Jane,Brown,1990,10738
2055,William,Miller,1993,12822
2056,Jane,Smith,1996,15460
2057,John,Williams,1975,17355
2058,Emma,Williams,2000,14423
2059,Emily,Smith,1981,11178
2060,Jane,Davis,1980,11143
2061,William,Smith,1984,18302
2062,Jane,Smith,1982,15699
2063,David,Smith,1993,14842
2064,Sarah,Smith,1988,12171
2065,Sarah,Rodriguez,1980,15863
2066,Jane,Garcia,1994,19228
2067,John,Smith,1999,16327
2068,Jane,Brown,1981,12525
2069,James,Garcia,1984,10326
2070,Olivia,Miller,1997,10932
2071,Sarah,Jones,1984,10356
2072,Emily,Rodriguez,1989,18481
2073,David,Williams,1977,15905
2074,Jane,Davis,1997,12156
2075,William,Martinez,2000,14219
2076,Michael,Johnson,1985,13587
2077,Jane,Johnson,1993,15599
2078,John,Rodriguez,1971,17554
2079,William,Jones,1990,11939
2080,Olivia,Smith,1991,17726
2081,Sarah,Martinez,1982,15712
2082,Michael,Brown,1982,14628
2083,Emma,Davis,1997,15091
2084,William,Williams,1992,14875
2085,Emily,Jones,1996,14157
2086,William,Jones,1996,11322
2087,Emma,Smith,1995,10560
2088,William,Garcia,1985,12634
2089,Jane,Martinez,1994,16040
2090,Michael,Martinez,1970,13628
2091,Sarah,Williams,1996,19046
2092,Jane,Davis,1998,10017
2093,John,Martinez,1993,19917
2094,Michael,Rodriguez,1972,10789
2095,Michael,Brown,1996,16445
2096,David,Martinez,1976,14190
2097,Jane,Smith,1987,17663
2098,William,Rodriguez,1993,14683
2099,James,Miller,1980,14167
2100,Emma,Martinez,1978,19853
2101,Olivia,Garcia,1983,19513
2102,John,Williams,1978,19084
2103,James,Jones,1985,19991
2104,David,Miller,1991,15544
2105,Jane,Jones,1989,15659
2106,Michael,Brown,1973,14835
2107,Emma,Johnson,1979,16447
2108,Olivia,Brown,1982,12405
2109,Emma,Smith,1973,11780
2110,David,Williams,1986,15530
2111,James,Jones,1996,18076
2112,Michael,Brown,1988,13417
2113,John,Rodriguez,1981,19394
2114,John,Brown,1997,14171
2115,Michael,Davis,1976,16607
2116,John,Johnson,1983,15887
2117,Olivia,Smith,1981,13008
2118,Emma,Johnson,1992,14069
2119,David,Williams,1997,19954
2120,Olivia,Brown,1978,10721
2121,John,Jones,1997,15662
2122,Jane,Rodriguez,1984,14585
2123,John,Johnson,1986,10866
2124,James,Brown,1981,11407
2125,Michael,Miller,1985,14212
2126,Michael,Johnson,1972,18360
2127,David,Jones,1990,19045
2128,Olivia,Davis,1983,19390
2129,Emma,Garcia,1970,19225
2130,Emily,Smith,1991,18701
2131,James,Jones,1998,14071
2132,John,Williams,1995,17124
2133,James,Smith,1972,19093
2134,John,Miller,1990,16297
2135,Sarah,Miller,1988,11296
2136,Emily,Brown,1990,13296
2137,Emily,Brown,1971,16220
2138,Michael,Brown,1992,12109
2139,John,Jones,1991,11919
2140,Emily,Brown,1988,17918
2141,John,Williams,1973,11180
2142,Jane,Brown,1999,13192
2143,William,Williams,1996,12923
2144,Olivia,Rodriguez,1971,15625
2145,Michael,Williams,1985,10984
2146,Jane,Brown,1974,14506
2147,James,Rodriguez,1993,10911
2148,David,Miller,1977,10683
2149,David,Johnson,1994,11070
2150,Emily,Smith,1985,11799
2151,Emily,Johnson,1996,17049
2152,James,Brown,1988,14816
2153,Michael,Smith,1995,19258
2154,Olivia,Rodriguez,1980,18799
2155,Michael,Rodriguez,1980,13072
2156,David,Williams,1992,13786
2157,James,Martinez,1995,17118
2158,Sarah,Rodriguez,1987,18838
2159,Olivia,Williams,1997,19356
2160,Michael,Brown,1970,16490
2161,William,Davis,1979,19341
2162,Michael,Williams,1973,18602
2163,Emily,Jones,1976,16501
2164,Emma,Miller,1984,13974
2165,William,Jones,1985,17797
2166,William,Jones,1984,16448
2167,Michael,Brown,1994,14082
2168,Emma,Jones,1985,16401
2169,Sarah,Brown,1998,12550
2170,Emma,Jones,2000,11949
2171,Emily,Miller,1992,16947
2172,William,Miller,1977,18648
2173,Michael,Smith,2000,15825
2174,David,Rodriguez,1974,12626
2175,Emily,Smith,1977,13720
2176,Michael,Jones,1985,18409
2177,William,Rodriguez,1999,17965
2178,Olivia,Davis,1994,15482
2179,Jane,Williams,1975,14069
2180,Emma,Martinez,1972,11152
2181,Olivia,Davis,1985,14804
2182,Olivia,Smith,1983,11750
2183,William,Martinez,1996,18918
2184,William,Williams,1970,16985
2185,David,Williams,2000,16138
2186,James,Brown,1998,16028
2187,John,Smith,1970,19737
2188,Emma,Rodriguez,1996,16948
2189,Olivia,Miller,1993,15691
2190,William,Davis,1995,12524
2191,Jane,Johnson,1974,16719
2192,Sarah,Brown,1982,14740
2193,Jane,Smith,1988,18078
2194,James,Rodriguez,1988,15536
2195,James,Rodriguez,1988,15038
2196,Emily,Williams,1974,18427
2197,James,Williams,1979,15690
2198,Michael,Brown,1972,16428
2199,Jane,Williams,1987,19939
2200,Michael,Garcia,1982,13039
2201,Michael,Johnson,1986,17761
2202,John,Smith,1976,14123
2203,Sarah,Williams,1988,11026
2204,James,Martinez,1995,15268
2205,William,Williams,1998,16386
2206,Emma,Garcia,1991,16467
2207,Sarah,Williams,2000,14888
2208,Sarah,Johnson,1997,12280
2209,David,Rodriguez,1980,10915
2210,James,Garcia,1982,18115
2211,Michael,Johnson,1997,14127
2212,James,Rodriguez,1986,18363
2213,David,Garcia,1987,11595
2214,Michael,Martinez,1993,18093
2215,Emma,Brown,1977,13178
2216,James,Garcia,1978,16701
2217,James,Garcia,1971,11021
2218,William,Martinez,1978,14449
2219,William,Garcia,1987,10637
2220,Sarah,Miller,1998,17369
2221,Jane,Jones,1979,19679
2222,James,Smith,1979,15241
2223,Emily,Jones,1990,12564
2224,Michael,Smith,1975,16876
2225,Emily,Garcia,1972,11960
2226,James,Johnson,1970,11733
2227,James,Smith,1991,10591
2228,John,Rodriguez,2000,19298
2229,Olivia,Johnson,1970,12033
2230,David,Miller,1995,12084
2231,Emily,Johnson,1972,18558
2232,Emma,Williams,1979,19297
2233,Emily,Davis,1998,12797
2234,Michael,Miller,1993,13969
2235,Sarah,Martinez,1993,12084
2236,Michael,Rodriguez,1987,14154
2237,David,Brown,1989,18690
2238,James,Smith,2000,10073
2239,William,Johnson,1971,14182
2240,James,Miller,1995,15631
2241,Emily,Martinez,1997,13825
2242,James,Martinez,1998,10155
2243,Michael,Martinez,1976,17391
2244,John,Miller,1970,15770
2245,Olivia,Miller,1980,13497
2246,James,Davis,2000,10691
2247,Michael,Williams,1997,12464
2248,Michael,Jones,1970,12429
2249,Michael,Martinez,1975,18868
2250,Sarah,Williams,1984,18342
2251,Jane,Rodriguez,1996,12861
2252,Jane,Johnson,1976,12247
2253,Sarah,Jones,1973,17239
2254,James,Brown,1986,16340
2255,Emily,Smith,1974,19117
2256,Jane,Martinez,1990,13603
2257,William,Garcia,1974,17499
2258,William,Smith,1993,19714
2259,Jane,Johnson,1991,15748
2260,Jane,Garcia,1976,13991
2261,David,Brown,1975,17007
2262,Emily,Brown,1996,12584
2263,Sarah,Miller,1977,10078
2264,Sarah,Johnson,1987,19497
2265,James,Martinez,1990,17607
2266,James,Miller,1978,15152
2267,David,Garcia,1988,14114
2268,John,Rodriguez,1976,18296
2269,Emma,Rodriguez,1998,11363
2270,Jane,Brown,1994,10828
2271,William,Jones,1971,14178
2272,Michael,Johnson,1973,11944
2273,David,Garcia,1987,11490
2274,Michael,Davis,1989,18725
2275,William,Johnson,1978,12785
2276,David,Williams,1991,10822
2277,Sarah,Davis,1996,16356
2278,William,Johnson,1974,14096
2279,Sarah,Johnson,1970,13701
2280,Emma,Rodriguez,1995,17900
2281,John,Davis,1985,12752
2282,Emily,Johnson,1990,18879
2283,William,Martinez,1996,13311
2284,David,Garcia,1980,10517
2285,James,Davis,1971,15791
2286,James,Rodriguez,1977,15800
2287,Emma,Martinez,1983,18881
2288,William,Davis,1996,11505
2289,Jane,Garcia,1976,13916
2290,William,Garcia,1988,11949
2291,Olivia,Johnson,1994,11671
2292,Emily,Garcia,1974,17004
2293,James,Johnson,1981,10877
2294,Michael,Williams,1970,13934
2295,Olivia,Garcia,1998,16761
2296,Michael,Garcia,1980,18918
2297,William,Brown,1976,13707
2298,David,Rodriguez,2000,16110
2299,John,Williams,1996,12029
2300,Olivia,Martinez,1988,15011
2301,Olivia,Brown,1984,14734
2302,Jane,Davis,1976,19940
2303,Sarah,Rodriguez,1980,12277
2304,James,Jones,1992,16914
2305,Emily,Martinez,1999,12986
2306,Emma,Brown,1998,19563
2307,William,Williams,1981,11707
2308,William,Garcia,1983,13370
2309,Jane,Jones,1994,11649
2310,James,Brown,1987,18136
2311,James,Brown,1983,12731
2312,William,Martinez,1974,17607
2313,Sarah,Smith,1994,11132
2314,James,Jones,1976,16248
2315,Sarah,Davis,1972,10476
2316,John,Martinez,1982,17113
2317,Michael,Miller,1986,19582
2318,Jane,Miller,1988,12044
2319,Michael,Rodriguez,1994,17073
2320,James,Garcia,1990,12907
2321,Olivia,Smith,1979,11645
2322,David,Williams,1985,17826
2323,Emma,Johnson,1989,13385
2324,John,Garcia,1993,12818
2325,James,Miller,1982,14731
2326,James,Garcia,1982,19115
2327,Olivia,Brown,1995,18160
2328,Emily,Miller,1980,13184
2329,Emma,Brown,1992,12477
2330,James,Garcia,1985,16796
2331,Olivia,Rodriguez,1998,18879
2332,William,Brown,1989,16871
2333,Emily,Jones,1984,17260
2334,James,Martinez,1975,13682
2335,Emma,Smith,1989,14865
2336,John,Davis,1974,16915
2337,Sarah,Rodriguez,1974,12700
2338,James,Martinez,1976,18996
2339,Olivia,Smith,1985,14823
2340,David,Davis,1978,12231
2341,Jane,Davis,1971,15581
2342,David,Rodriguez,1984,12885
2343,Sarah,Johnson,1992,10940
2344,David,Smith,1994,19688
2345,John,Martinez,1976,19717
2346,William,Williams,1972,17549
2347,David,Smith,1973,19172
2348,Michael,Miller,1978,18694
2349,James,Davis,1992,14953
2350,Emily,Smith,1996,13651
2351,Emma,Jones,1981,19051
2352,Michael,Brown,1990,13165
2353,David,Jones,1972,14328
2354,Sarah,Rodriguez,1981,11428
2355,Jane,Miller,1972,14359
2356,Emily,Brown,1987,18818
2357,Sarah,Johnson,1998,10755
2358,Sarah,Williams,1988,17527
2359,Jane,Brown,1999,17225
2360,Emma,Jones,1980,19081
2361,David,Rodriguez,1999,17419
2362,Emily,Williams,1992,14686
2363,Emily,Brown,1980,18614
2364,David,Garcia,1992,15614
2365,Sarah,Brown,1996,18804
2366,James,Smith,1984,18883
2367,Michael,Martinez,1994,18784
2368,Emily,Jones,2000,12655
2369,John,Williams,1992,17625
2370,David,Johnson,2000,13864
2371,Olivia,Rodriguez,1981,11629
2372,James,Martinez,1996,11946
2373,John,Rodriguez,1978,16760
2374,Olivia,Davis,1988,13590
2375,James,Jones,1986,16823
2376,John,Davis,1970,15083
2377,Michael,Martinez,1974,15762
2378,Jane,Garcia,1984,14618
2379,William,Miller,1993,17923
2380,Emma,Martinez,1986,19709
2381,Emma,Garcia,1978,17642
2382,William,Brown,1972,10652
2383,Emma,Rodriguez,1990,14042
2384,Emma,Brown,1973,19233
2385,James,Jones,1971,16871
2386,Olivia,Jones,1993,15847
2387,Emma,Miller,1986,14995
2388,John,Jones,1983,15928
2389,Jane,Smith,1995,19468
2390,David,Davis,1986,19808
2391,John,Martinez,1996,14580
2392,Emily,Jones,1983,18108
2393,Emily,Rodriguez,1973,10516
2394,Emily,Rodriguez,1978,19098
2395,Olivia,Rodriguez,1977,12326
2396,Sarah,Martinez,1975,12999
2397,Sarah,Brown,1987,10699
2398,David,Garcia,1970,19014
2399,William,Jones,1992,15408
2400,Emily,Brown,1982,18931
2401,Olivia,Johnson,1994,13370
2402,Michael,Smith,1977,18989
2403,Jane,Garcia,1972,18359
2404,Olivia,Williams,1991,15833
2405,David,Miller,1999,16945
2406,John,Jones,1973,11481
2407,William,Davis,1971,18588
2408,James,Martinez,1978,17160
2409,Jane,Garcia,1971,11658
2410,Michael,Rodriguez,1988,15947
2411,Jane,Johnson,1994,12545
2412,David,Williams,1990,11116
2413,Olivia,Miller,1990,16086
2414,Jane,Johnson,1990,16577
2415,David,Brown,1983,14191
2416,William,Martinez,1992,11850
2417,William,Johnson,1996,11928
2418,John,Williams,1980,16302
2419,Olivia,Johnson,1989,13957
2420,Jane,Martinez,1977,19826
2421,Michael,Garcia,1994,19150
2422,James,Johnson,1973,15223
2423,Emma,Garcia,1981,13681
2424,John,Smith,2000,12257
2425,David,Williams,1986,16883
2426,Emily,Garcia,1988,12130
2427,Sarah,Davis,1991,16457
2428,David,Martinez,1995,13308
2429,Emma,Jones,1981,18059
2430,David,Johnson,1986,14802
2431,John,Brown,1999,15997
2432,Emma,Smith,1990,10318
2433,Emily,Brown,1994,13309
2434,James,Rodriguez,1978,14099
2435,Olivia,Jones,1996,19339
2436,Sarah,Martinez,1982,16785
2437,Olivia,Williams,1983,19931
2438,Michael,Rodriguez,1986,15596
2439,Emily,Johnson,1972,17617
2440,Emily,Williams,1998,17689
2441,David,Williams,1977,19361
2442,Olivia,Rodriguez,1989,19526
2443,Emma,Williams,1975,14245
2444,Jane,Martinez,1989,17926
2445,James,Rodriguez,1993,14073
2446,Jane,Davis,1996,10724
2447,William,Brown,1980,16298
2448,John,Martinez,2000,15575
2449,John,Brown,1989,13571
2450,John,Johnson,1978,13128
2451,Olivia,Jones,1987,15017
2452,Emma,Smith,1986,18734
2453,Emily,Williams,1993,11052
2454,David,Brown,1996,13891
2455,David,Johnson,1979,16593
2456,James,Miller,2000,12922
2457,Emily,Rodriguez,1984,14428
2458,William,Smith,1980,11596
2459,Jane,Miller,1990,18778
2460,Jane,Rodriguez,1971,18111
2461,William,Johnson,1983,18450
2462,David,Miller,1988,11437
2463,James,Garcia,1975,15976
2464,Olivia,Jones,1974,11281
2465,Emily,Johnson,1993,14288
2466,Emily,Johnson,1987,12638
2467,Olivia,Rodriguez,1970,12730
2468,Emily,Miller,1998,10228
2469,William,Jones,1995,11402
2470,William,Miller,1996,12236
2471,David,Garcia,1972,15534
2472,William,Jones,1973,10641
2473,Olivia,Williams,1978,10936
2474,Emma,Davis,1981,10175
2475,James,Rodriguez,1975,11199
2476,John,Davis,1981,13390
2477,Emma,Williams,1981,13258
2478,Jane,Brown,1971,12647
2479,Sarah,Brown,1991,17239
2480,Emma,Smith,1990,16387
2481,Emma,Garcia,1975,17792
2482,Emma,Johnson,1987,14776
2483,John,Davis,2000,17707
2484,Jane,Martinez,2000,11303
2485,Olivia,Williams,1984,18470
2486,David,Williams,1981,19200
2487,Jane,Davis,1995,18070
2488,Jane,Brown,1974,15803
2489,James,Jones,1970,15256
2490,William,Jones,1998,19026
2491,William,Jones,1983,13395
2492,Emma,Miller,1978,10156
2493,William,Jones,1975,18233
2494,Olivia,Williams,1970,15433
2495,Jane,Jones,1973,15484
2496,Michael,Johnson,1979,18160
2497,William,Jones,1976,14281
2498,Sarah,Smith,1989,16411
2499,Jane,Martinez,1981,15545
2500,John,Brown,1979,17663
2501,Jane,Davis,1982,13321
2502,Michael,Brown,1988,13970
2503,John,Rodriguez,1999,17931
2504,Michael,Rodriguez,1981,19356
2505,John,Brown,1974,19522
2506,John,Williams,1996,16721
2507,David,Garcia,1990,10158
2508,John,Brown,1976,12104
2509,William,Garcia,1983,17463
2510,William,Jones,1988,15822
2511,John,Brown,1996,18615
2512,Olivia,Williams,1991,13445
2513,James,Rodriguez,1981,19589
2514,James,Garcia,1989,16624
2515,Jane,Williams,1992,18026
2516,John,Garcia,1994,13387
2517,Jane,Davis,1984,15727
2518,Olivia,Smith,1992,14596
2519,David,Williams,1991,11212
2520,John,Smith,1980,12868
2521,Emma,Brown,1980,13816
2522,John,Rodriguez,1995,18563
2523,David,Brown,1983,17384
2524,Olivia,Martinez,2000,13751
2525,William,Rodriguez,1988,13247
2526,John,Jones,1982,13531
2527,Michael,Rodriguez,2000,10228
2528,Emily,Rodriguez,2000,13624
2529,David,Williams,2000,11202
2530,John,Miller,1993,15686
2531,James,Rodriguez,1981,15221
2532,James,Davis,1975,15265
2533,James,Rodriguez,1998,15280
2534,Jane,Johnson,1973,13897
2535,John,Miller,1982,14453
2536,Sarah,Garcia,1971,14696
2537,Jane,Miller,1998,17717
2538,David,Brown,1977,18030
2539,James,Smith,1990,19978
2540,Jane,Rodriguez,1972,12141
2541,Jane,Davis,1983,15349
2542,Emma,Smith,1988,12620
2543,Olivia,Garcia,1990,15887
2544,David,Williams,1994,10745
2545,John,Smith,1975,12089
2546,John,Martinez,1995,16875
2547,Jane,Brown,1985,18738
2548,James,Johnson,1999,12580
2549,Sarah,Martinez,1971,10633
2550,Emily,Smith,1989,10382
2551,Michael,Johnson,1995,14593
2552,William,Brown,1990,10881
2553,Michael,Davis,1977,10056
2554,Emma,Garcia,1986,13263
2555,James,Rodriguez,1984,17627
2556,Sarah,Brown,1999,13349
2557,Michael,Davis,1986,17403
2558,Emily,Smith,1990,12288
2559,Olivia,Jones,1993,17276
2560,William,Johnson,1976,16407
2561,Emily,Miller,1991,15336
2562,Sarah,Davis,1985,13453
2563,James,Brown,1991,10502
2564,William,Miller,1995,11663
2565,Olivia,Miller,1984,17099
2566,Olivia,Davis,1997,11801
2567,Emma,Brown,1985,19842
2568,Olivia,Miller,1972,13963
2569,David,Johnson,1971,10553
2570,John,Johnson,1997,17395
2571,Jane,Rodriguez,1985,12538
2572,John,Jones,1991,13534
2573,Emma,Smith,1995,10315
2574,Jane,Smith,1983,12007
2575,James,Brown,1984,18675
2576,Emily,Johnson,1999,19154
2577,Emily,Jones,1998,12156
2578,Emily,Brown,1997,14508
2579,Michael,Miller,1985,12914
2580,David,Miller,1987,14621
2581,Emily,Rodriguez,2000,10788
2582,David,Miller,1995,18111
2583,Emily,Rodriguez,1977,16557
2584,Emma,Brown,1997,10438
2585,Michael,Williams,1972,16739
2586,Jane,Garcia,1997,10117
2587,William,Johnson,1989,19979
2588,Michael,Johnson,1993,17130
2589,Jane,Jones,1974,17574
2590,Emma,Smith,1983,11346
2591,Michael,Brown,1979,10107
2592,Emma,Miller,2000,19046
2593,David,Smith,1986,15138
2594,John,Martinez,1998,13547
2595,John,Davis,1974,14714
2596,Emily,Rodriguez,2000,14710
2597,Emma,Jones,2000,12606
2598,Olivia,Williams,1980,11897
2599,Emily,Jones,1980,10631
2600,David,Davis,2000,14534
2601,Michael,Miller,1996,16241
2602,Olivia,Davis,1973,11870
2603,James,Davis,2000,13414
2604,Emma,Williams,1999,12694
2605,Michael,Davis,1977,16760
2606,Michael,Rodriguez,1988,16175
2607,Sarah,Martinez,1998,13253
2608,William,Williams,1980,11411
2609,David,Davis,1995,15551
2610,John,Rodriguez,1977,17328
2611,Sarah,Davis,1979,10517
2612,James,Smith,1985,18018
2613,John,Martinez,1994,10582
2614,Sarah,Smith,1985,11201
2615,Emily,Smith,1975,10338
2616,Olivia,Martinez,1993,17523
2617,Olivia,Martinez,1976,14685
2618,Emily,Brown,1978,13225
2619,James,Martinez,1979,13859
2620,Olivia,Martinez,1996,10174
2621,Michael,Williams,1998,14721
2622,William,Garcia,1987,18507
2623,William,Martinez,1997,17847
2624,James,Jones,1996,19964
2625,James,Smith,1989,19842
2626,Emma,Miller,1991,14765
2627,James,Martinez,1973,14688
2628,John,Davis,1995,16692
2629,Emma,Garcia,1976,13695
2630,Michael,Smith,1983,18332
2631,Emily,Martinez,1981,15176
2632,William,Martinez,1973,10238
2633,Olivia,Brown,1991,17177
2634,Olivia,Williams,1993,11620
2635,Michael,Miller,1990,14130
2636,David,Miller,1985,11084
2637,Jane,Williams,1981,15851
2638,Emily,Davis,1986,15426
2639,Jane,Jones,1996,11068
2640,Emily,Davis,1976,13638
2641,Michael,Davis,1994,12017
2642,James,Brown,1977,15562
2643,Emma,Brown,1986,13718
2644,Olivia,Johnson,1978,18810
2645,James,Williams,1981,11813
2646,Jane,Rodriguez,1973,17540
2647,James,Brown,1980,18360
2648,John,Miller,1978,14307
2649,James,Martinez,1998,14394
2650,David,Davis,1998,16692
2651,James,Rodriguez,2000,10441
2652,James,Williams,1971,12262
2653,Emily,Garcia,1987,17245
2654,Emma,Williams,1993,14279
2655,Sarah,Martinez,1999,19007
2656,Sarah,Brown,2000,14194
2657,James,Smith,1983,11232
2658,Jane,Johnson,1972,10110
2659,Michael,Martinez,1971,15128
2660,Michael,Miller,1998,12625
2661,William,Brown,1984,19297
2662,David,Davis,1980,13965
2663,John,Williams,1999,15695
2664,Emma,Jones,2000,14247
2665,David,Williams,1998,17839
2666,Emily,Brown,1971,19207
2667,Emily,Williams,1973,12539
2668,Jane,Martinez,1977,10365
2669,John,Garcia,1993,17198
2670,Sarah,Johnson,1999,18458
2671,Michael,Johnson,1977,17439
2672,James,Jones,1990,13135
2673,Emily,Miller,1983,16049
2674,Jane,Brown,1992,18132
2675,Emily,Martinez,1992,16348
2676,Emily,Johnson,1993,13813
2677,John,Williams,1982,16223
2678,Emma,Johnson,1971,11301
2679,Emily,Garcia,1980,19574
2680,Emily,Miller,1986,15533
2681,William,Williams,1975,12585
2682,Jane,Brown,1970,10261
2683,Sarah,Jones,1974,19844
2684,Sarah,Davis,1971,10253
2685,William,Brown,1995,10849
2686,Jane,Smith,1988,19706
2687,William,Rodriguez,1996,11378
2688,Jane,Jones,1970,15346
2689,Jane,Jones,1989,14275
2690,John,Martinez,1987,10009
2691,James,Davis,1978,19167
2692,James,Jones,1983,12235
2693,David,Jones,1984,16362
2694,William,Brown,1976,19821
2695,Olivia,Miller,1982,18789
2696,William,Williams,1973,13590
2697,Michael,Davis,1972,11556
2698,Jane,Johnson,1972,12545
2699,Emily,Davis,1990,13063
2700,Emma,Brown,1987,17657
2701,John,Smith,1980,11429
2702,Emma,Rodriguez,1995,10408
2703,Jane,Rodriguez,1989,16585
2704,Olivia,Jones,1989,10202
2705,Emma,Davis,1975,11759
2706,Jane,Rodriguez,1971,18982
2707,William,Garcia,1994,19227
2708,Michael,Martinez,1999,16555
2709,Sarah,Miller,2000,18639
2710,William,Smith,1972,11419
2711,Sarah,Johnson,1986,17515
2712,David,Johnson,1987,14086
2713,James,Jones,1976,15244
2714,James,Rodriguez,1975,13229
2715,Michael,Smith,1987,10241
2716,William,Rodriguez,1995,10420
2717,Jane,Davis,1987,11843
2718,John,Martinez,1989,19721
2719,Olivia,Williams,1983,17314
2720,Emily,Martinez,1993,13188
2721,Michael,Williams,1990,11757
2722,Emily,Davis,1991,16262
2723,Michael,Smith,1976,16290
2724,Olivia,Brown,1977,15346
2725,James,Garcia,1991,18058
2726,Emily,Williams,1996,16580
2727,Emily,Davis,1983,17955
2728,William,Smith,1973,18440
2729,Emily,Miller,1989,18438
2730,James,Brown,1994,13545
2731,James,Rodriguez,1999,10800
2732,James,Garcia,1979,16484
2733,Sarah,Brown,1982,19643
2734,Olivia,Rodriguez,1995,19713
2735,James,Smith,1977,10638
2736,Michael,Garcia,1982,15127
2737,Jane,Williams,1992,11106
2738,Olivia,Brown,1988,18959
2739,Jane,Brown,1971,17263
2740,William,Smith,1980,13260
2741,Olivia,Rodriguez,1995,18755
2742,David,Johnson,1987,16777
2743,Emily,Rodriguez,1980,18065
2744,Jane,Williams,1987,16157
2745,Emily,Miller,1998,16646
2746,Olivia,Martinez,1999,18811
2747,Sarah,Johnson,1971,14166
2748,Sarah,Rodriguez,1973,18409
2749,Emma,Miller,1990,19091
2750,Sarah,Johnson,1989,10120
2751,David,Williams,1988,13648
2752,William,Martinez,1996,15859
2753,Michael,Jones,1974,16684
2754,Emily,Johnson,1987,17907
2755,Sarah,Rodriguez,1979,19567
2756,James,Johnson,1985,18887
2757,Sarah,Martinez,1986,14046
2758,Emily,Martinez,1990,11580
2759,Emma,Johnson,1983,19174
2760,David,Garcia,1989,19009
2761,David,Martinez,1986,12226
2762,Emma,Davis,1992,17429
2763,James,Smith,1973,14012
2764,Emily,Miller,1981,12120
2765,Emma,Jones,1987,14238
2766,Emma,Johnson,1997,12194
2767,Michael,Smith,1981,17497
2768,Emily,Johnson,1982,11484
2769,Jane,Brown,1997,19232
2770,David,Garcia,1982,17989
2771,Sarah,Brown,1987,16855
2772,Sarah,Williams,1990,14515
2773,Jane,Martinez,1985,14182
2774,Emily,Davis,1988,13054
2775,Jane,Martinez,1978,13265
2776,Olivia,Martinez,1978,18870
2777,David,Miller,1985,19479
2778,Olivia,Martinez,1976,10797
2779,Jane,Brown,1996,13249
2780,James,Rodriguez,1999,16588
2781,Olivia,Smith,1989,10104
2782,John,Martinez,1987,10157
2783,Sarah,Rodriguez,1984,19193
2784,James,Miller,1972,14110
2785,Michael,Rodriguez,1994,17682
2786,Olivia,Williams,1993,12534
2787,James,Martinez,1973,16640
2788,Jane,Rodriguez,1973,16905
2789,Jane,Jones,1994,15693
2790,Olivia,Smith,1971,17985
2791,Jane,Brown,1984,12637
2792,Michael,Smith,2000,15857
2793,Emily,Smith,1975,18060
2794,Michael,Miller,1996,16688
2795,Sarah,Johnson,1986,17961
2796,Sarah,Brown,1991,17375
2797,David,Smith,1981,16504
2798,Jane,Williams,1975,18271
2799,Olivia,Garcia,1989,13050
2800,Emily,Williams,1982,17570
2801,William,Martinez,1987,11492
2802,Emma,Davis,1986,15859
2803,James,Williams,1974,18115
2804,Jane,Smith,1992,17390
2805,James,Johnson,1987,16088
2806,William,Garcia,1993,16010
2807,William,Jones,1980,13559
2808,John,Smith,1996,17546
2809,Olivia,Brown,1993,15389
2810,Olivia,Garcia,1975,11579
2811,Emma,Smith,1996,17815
2812,Michael,Davis,1990,13946
2813,Emily,Brown,1972,12395
2814,Olivia,Johnson,1971,17426
2815,Emily,Jones,1989,10251
2816,Jane,Smith,1991,12515
2817,Michael,Davis,1987,16898
2818,David,Jones,1977,19261
2819,Michael,Miller,1979,10227
2820,David,Smith,1977,18191
2821,Emma,Davis,1981,10239
2822,Emma,Jones,1995,11457
2823,Olivia,Jones,1998,11267
2824,Michael,Williams,1994,11578
2825,David,Brown,1996,16728
2826,John,Rodriguez,1979,16234
2827,William,Davis,1970,14387
2828,Michael,Martinez,1978,19866
2829,William,Martinez,1977,14378
2830,Emma,Brown,1985,14096
2831,Olivia,Miller,1989,12311
2832,William,Jones,1974,16970
2833,David,Johnson,1998,13429
2834,James,Johnson,1985,10174
2835,John,Miller,1992,15500
2836,Sarah,Smith,1975,17643
2837,Sarah,Johnson,1984,12143
2838,William,Martinez,1988,11064
2839,William,Jones,1981,13845
2840,Jane,Miller,1975,19307
2841,Olivia,Davis,1970,16658
2842,David,Martinez,1993,13356
2843,Sarah,Davis,1998,10314
2844,Jane,Williams,1992,10992
2845,James,Martinez,1971,15487
2846,Sarah,Brown,1979,11589
2847,David,Johnson,1996,12492
2848,Emma,Garcia,1971,10283
2849,Emma,Rodriguez,1987,15881
2850,John,Martinez,1976,13087
2851,William,Garcia,1988,17673
2852,Sarah,Johnson,1972,18839
2853,Michael,Johnson,1979,13016
2854,John,Williams,1981,10167
2855,Jane,Miller,1971,13951
2856,John,Smith,1985,12354
2857,Michael,Jones,1979,18757
2858,Sarah,Garcia,1972,12713
2859,Jane,Davis,1989,11547
2860,Sarah,Miller,1976,12435
2861,Olivia,Jones,1977,18088
2862,Emma,Jones,1971,17228
2863,Michael,Williams,1971,15323
2864,Michael,Martinez,1978,13327
2865,John,Jones,1974,11239
2866,Michael,Garcia,1980,17486
2867,William,Brown,1975,11238
2868,James,Miller,2000,19404
2869,Emma,Miller,1974,13358
2870,Michael,Smith,1976,16557
2871,David,Smith,1991,11114
2872,John,Martinez,1997,13198
2873,John,Smith,1972,18598
2874,James,Garcia,1982,17025
2875,Olivia,Garcia,1992,14023
2876,William,Brown,1972,14374
2877,Emily,Miller,1999,19372
2878,Emily,Davis,1999,13218
2879,Michael,Martinez,1990,15765
2880,David,Brown,1993,16959
2881,Emma,Jones,1993,10479
2882,Michael,Johnson,1980,19617
2883,Sarah,Johnson,1981,10711
2884,Emily,Davis,1992,11119
2885,Michael,Miller,1972,10480
2886,John,Smith,1979,14103
2887,Emma,Williams,1995,15961
2888,William,Miller,1996,14594
2889,William,Rodriguez,1977,15785
2890,Emma,Davis,1989,12140
2891,Olivia,Martinez,1990,16290
2892,James,Martinez,1995,15298
2893,Olivia,Smith,1974,13685
2894,Michael,Williams,1990,15370
2895,Jane,Smith,1974,13944
2896,Emily,Miller,1978,14509
2897,Emily,Martinez,1974,10828
2898,Emma,Garcia,1978,17095
2899,Emma,Martinez,1993,10675
2900,William,Jones,1981,18587
2901,David,Brown,1983,11295
2902,John,Smith,1976,15142
2903,Sarah,Davis,1972,10199
2904,John,Miller,1994,16371
2905,Jane,Johnson,1991,13277
2906,Sarah,Garcia,1978,15375
2907,John,Brown,1984,14251
2908,Sarah,Miller,1996,18108
2909,James,Williams,1981,15668
2910,Sarah,Martinez,1973,14537
2911,John,Brown,1999,18721
2912,James,Miller,1993,19435
2913,William,Miller,1995,16171
2914,David,Davis,1978,10503
2915,William,Martinez,1977,14359
2916,Sarah,Davis,1978,14213
2917,Emma,Brown,1983,13638
2918,Emma,Martinez,1986,13625
2919,Emma,Davis,1976,16669
2920,Sarah,Williams,1987,15727
2921,Jane,Rodriguez,2000,13907
2922,John,Johnson,1974,11050
2923,Sarah,Johnson,1992,16774
2924,Jane,Davis,1989,14875
2925,William,Johnson,1995,10448
2926,Olivia,Garcia,1976,18561
2927,Jane,Garcia,1974,14391
2928,William,Rodriguez,1999,18408
2929,John,Martinez,1972,19157
2930,Sarah,Jones,1984,18871
2931,Emma,Miller,2000,13667
2932,Emily,Johnson,1991,16991
2933,Jane,Garcia,1993,17425
2934,James,Brown,1988,17116
2935,Sarah,Smith,1997,11886
2936,Jane,Garcia,1990,19639
2937,David,Martinez,1995,18698
2938,William,Martinez,1976,17763
2939,Michael,Smith,1980,11898
2940,John,Brown,1982,10475
2941,Olivia,Martinez,1976,11463
2942,David,Jones,1987,11230
2943,David,Rodriguez,1975,11356
2944,William,Brown,1976,12748
2945,Sarah,Garcia,1999,18368
2946,John,Garcia,1989,13087
2947,John,Martinez,1986,11455
2948,William,Smith,1973,18206
2949,Jane,Jones,1999,12080
2950,James,Miller,1990,19051
2951,James,Davis,1970,19430
2952,Emily,Rodriguez,1981,18080
2953,Michael,Williams,1986,11980
2954,Emma,Miller,1982,16153
2955,Emily,Johnson,1991,13317
2956,Michael,Williams,1991,14012
2957,Michael,Johnson,1991,15583
2958,Michael,Miller,1973,13078
2959,John,Martinez,1996,19636
2960,David,Smith,1983,15566
2961,Jane,Garcia,1998,16741
2962,William,Martinez,1995,17576
2963,Emily,Garcia,1986,18705
2964,Jane,Rodriguez,1986,19110
2965,Emma,Garcia,1990,15317
2966,Emma,Smith,1975,18857
2967,John,Brown,1988,13735
2968,David,Martinez,1974,16386
2969,Olivia,Martinez,1974,17206
2970,Jane,Garcia,1986,14560
2971,James,Davis,1986,10830
2972,Jane,Davis,1996,10650
2973,William,Garcia,1996,10670
2974,Jane,Martinez,1987,13284
2975,Jane,Smith,1996,19695
2976,John,Davis,1996,17954
2977,John,Rodriguez,1970,18945
2978,James,Miller,1975,14205
2979,Jane,Garcia,1971,18050
2980,Michael,Rodriguez,1997,17456
2981,James,Johnson,1975,10031
2982,Sarah,Smith,1998,14422
2983,Sarah,Smith,1970,19529
2984,James,Jones,1993,16306
2985,William,Davis,1998,18274
2986,Michael,Martinez,1977,18777
2987,James,Smith,1976,11257
2988,Emily,Brown,1988,13236
2989,Olivia,Brown,1985,11621
2990,Michael,Davis,1973,17321
2991,James,Rodriguez,1986,19849
2992,Michael,Garcia,1971,14922
2993,John,Johnson,1975,10588
2994,Olivia,Davis,1975,18338
2995,Michael,Johnson,1972,13522
2996,Michael,Martinez,1997,18608
2997,David,Davis,1996,10688
2998,James,Garcia,1987,12406
2999,William,Miller,1998,11064
3000,Michael,Brown,1976,18490
3001,Michael,Miller,1995,15372
3002,Emily,Jones,1979,15701
3003,William,Jones,1981,15986
3004,Emily,Miller,1975,11672
3005,James,Garcia,1973,11315
3006,Michael,Garcia,1998,17838
3007,William,Miller,1997,12223
3008,Olivia,Jones,1973,16770
3009,James,Brown,1990,18596
3010,David,Rodriguez,1973,19228
3011,Emily,Johnson,1973,14611
3012,Jane,Davis,1984,14462
3013,David,Martinez,1992,17799
3014,Michael,Smith,1983,12990
3015,Michael,Jones,1978,14408
3016,Olivia,Johnson,1976,17244
3017,William,Smith,1995,14328
3018,Sarah,Davis,1998,12595
3019,Michael,Smith,1987,16572
3020,James,Rodriguez,1988,10179
3021,William,Williams,1975,14485
3022,Emma,Johnson,1997,16130
3023,Emily,Smith,1971,13099
3024,William,Johnson,1992,16180
3025,James,Smith,1971,11644
3026,Emma,Miller,1993,15447
3027,William,Rodriguez,1973,19433
3028,David,Johnson,1986,19546
3029,Emma,Rodriguez,1976,10788
3030,Emma,Smith,1983,17393
3031,Emily,Rodriguez,1988,19485
3032,James,Brown,1980,16183
3033,John,Brown,1984,18884
3034,James,Martinez,1978,18754
3035,John,Rodriguez,1996,11585
3036,David,Miller,1976,12533
3037,Sarah,Smith,1990,14728
3038,Olivia,Smith,1980,11709
3039,David,Johnson,1971,10567
3040,Emily,Smith,1976,14341
3041,David,Smith,1973,12242
3042,William,Miller,1997,12794
3043,Jane,Miller,1971,19518
3044,William,Martinez,1986,12173
3045,James,Martinez,1974,11064
3046,William,Johnson,1976,17356
3047,Emily,Miller,1980,10618
3048,Emma,Davis,1993,18769
3049,Olivia,Davis,1981,15762
3050,Emma,Brown,1990,16088
3051,James,Martinez,1993,17217
3052,Sarah,Williams,1991,11218
3053,John,Smith,1991,16411
3054,James,Rodriguez,1977,15875
3055,James,Jones,1983,19148
3056,John,Jones,1975,19538
3057,James,Jones,1998,16000
3058,John,Miller,1994,15600
3059,Jane,Rodriguez,1977,14483
3060,Sarah,Johnson,1994,15593
3061,William,Jones,1985,18542
3062,William,Miller,1980,15106
3063,Sarah,Martinez,1996,15104
3064,Emma,Johnson,1975,13189
3065,Emma,Brown,1975,12705
3066,John,Davis,1982,10775
3067,James,Miller,1985,15921
3068,Emily,Johnson,1970,18705
3069,Emily,Davis,1990,12452
3070,James,Davis,1975,15567
3071,Olivia,Johnson,1982,11560
3072,Jane,Brown,1982,14475
3073,Sarah,Martinez,1991,11090
3074,Jane,Jones,1998,17998
3075,James,Davis,1995,14462
3076,Michael,Johnson,1988,14477
3077,Sarah,Smith,1984,14373
3078,Michael,Johnson,1997,17973
3079,David,Martinez,1972,16825
3080,Michael,Johnson,1974,18884
3081,Emma,Brown,1983,17458
3082,Emily,Johnson,1986,18181
3083,Michael,Brown,1989,14480
3084,Emma,Martinez,2000,18486
3085,William,Williams,2000,14519
3086,John,Brown,1979,13834
3087,Michael,Garcia,1974,18546
3088,Michael,Garcia,1983,14208
3089,Emily,Jones,1977,12325
3090,John,Martinez,1985,10261
3091,Olivia,Rodriguez,1973,11618
3092,James,Miller,1990,14142
3093,Jane,Garcia,1996,17746
3094,William,Miller,1999,19652
3095,Jane,Martinez,1976,14682
3096,Emma,Johnson,1997,10514
3097,Michael,Rodriguez,1981,13803
3098,Sarah,Garcia,1971,14325
3099,Emma,Williams,1982,14508
3100,David,Rodriguez,1989,13225
3101,William,Davis,1992,18310
3102,James,Garcia,1975,13995
3103,David,Smith,1970,11689
3104,Olivia,Johnson,1984,13382
3105,William,Miller,1972,14924
3106,Emma,Jones,1972,19449
3107,Olivia,Martinez,1994,14286
3108,Emily,Miller,1971,11890
3109,Emma,Garcia,1984,17878
3110,Emma,Johnson,1974,14648
3111,John,Brown,1995,10866
3112,William,Jones,1995,16849
3113,Sarah,Brown,1986,12619
3114,James,Davis,1982,10225
3115,Olivia,Martinez,1994,18791
3116,Emma,Garcia,1974,11401
3117,Emily,Brown,1986,17339
3118,Jane,Davis,1998,11149
3119,Michael,Johnson,1971,14682
3120,William,Garcia,1991,16660
3121,James,Brown,1988,14666
3122,Michael,Miller,1981,10849
3123,William,Rodriguez,1971,11883
3124,Olivia,Rodriguez,1990,11040
3125,John,Rodriguez,1985,13731
3126,Michael,Brown,1999,12045
3127,Jane,Jones,1996,10379
3128,Sarah,Rodriguez,1977,14963
3129,James,Smith,1976,18874
3130,Michael,Jones,1989,15347
3131,Emma,Smith,1984,14996
3132,James,Garcia,1997,19014
3133,Emma,Martinez,1980,16388
3134,James,Miller,1975,15834
3135,James,Jones,1991,19845
3136,Michael,Brown,1974,18760
3137,James,Martinez,1996,15587
3138,John,Rodriguez,1983,13249
3139,Emily,Davis,1988,15260
3140,Olivia,Garcia,1995,11349
3141,John,Jones,1984,16200
3142,Jane,Garcia,1992,11822
3143,Emily,Williams,1972,15332
3144,Olivia,Johnson,1980,19902
3145,Emma,Williams,1996,18513
3146,Olivia,Smith,1982,17974
3147,Sarah,Martinez,1972,10181
3148,Emily,Garcia,2000,10611
3149,Emily,Smith,1999,19515
3150,Sarah,Davis,1997,19524
3151,John,Davis,1998,16186
3152,David,Jones,1983,16320
3153,Emily,Brown,1986,16284
3154,Emma,Garcia,1975,13031
3155,Olivia,Garcia,2000,15598
3156,James,Smith,1988,14489
3157,Olivia,Johnson,1979,16869
3158,Jane,Davis,1973,15423
3159,Jane,Davis,1985,12151
3160,Emma,Williams,1972,10207
3161,Sarah,Williams,1998,16531
3162,Emma,Garcia,1977,19064
3163,John,Davis,1978,15351
3164,Michael,Martinez,1973,17222
3165,William,Martinez,1988,10551
3166,William,Smith,1988,13870
3167,David,Davis,1982,12947
3168,James,Williams,1979,11238
3169,Jane,Jones,1981,18411
3170,John,Johnson,1972,12211
3171,Michael,Jones,1984,10270
3172,William,Smith,1988,11752
3173,Emma,Smith,1974,10333
3174,Emma,Martinez,1988,11278
3175,Jane,Davis,1997,11054
3176,Sarah,Jones,1993,17053
3177,David,Rodriguez,1992,17866
3178,Jane,Brown,1982,19471
3179,Olivia,Martinez,1971,18209
3180,John,Miller,1991,17989
3181,Emily,Brown,1995,13390
3182,Sarah,Rodriguez,1988,16175
3183,James,Brown,1993,16998
3184,James,Miller,1995,12123
3185,Michael,Miller,1988,13532
3186,James,Martinez,1993,15525
3187,Sarah,Johnson,1986,19777
3188,Emma,Miller,1993,12014
3189,Emma,Smith,1980,14165
3190,Michael,Williams,1998,15866
3191,Michael,Miller,1991,17200
3192,James,Martinez,1985,16972
3193,Olivia,Johnson,1986,10757
3194,Michael,Johnson,1975,18698
3195,Emily,Miller,1986,11229
3196,William,Williams,1970,17170
3197,James,Brown,1971,19641
3198,Michael,Miller,1984,17210
3199,John,Rodriguez,1992,18126
3200,Jane,Martinez,1989,15285
3201,Olivia,Rodriguez,1997,19596
3202,Emily,Jones,1992,11565
3203,William,Rodriguez,1984,13505
3204,John,Davis,1990,10817
3205,Emily,Garcia,1976,11788
3206,Jane,Davis,1995,10946
3207,William,Miller,1995,19600
3208,William,Davis,1978,16149
3209,William,Miller,1982,16918
3210,Sarah,Johnson,1983,12453
3211,David,Johnson,1988,13010
3212,Michael,Smith,1998,16899
3213,Emma,Jones,1977,15444
3214,William,Williams,1976,14239
3215,Jane,Davis,1996,18343
3216,David,Johnson,1988,11880
3217,Jane,Rodriguez,1970,16853
3218,Michael,Brown,1972,19503
3219,William,Brown,1992,15281
3220,Olivia,Davis,1973,14757
3221,Jane,Jones,1976,19650
3222,John,Miller,1975,13561
3223,Sarah,Williams,1996,12255
3224,David,Davis,1971,11252
3225,William,Martinez,1997,19851
3226,Emily,Jones,1996,10522
3227,Jane,Davis,1970,13403
3228,William,Martinez,1990,14398
3229,Jane,Smith,1976,11291
3230,Michael,Garcia,1989,18645
3231,David,Davis,1989,11429
3232,Emily,Davis,1972,11986
3233,Olivia,Williams,1983,19926
3234,Emily,Davis,1970,12547
3235,Jane,Martinez,2000,16181
3236,James,Martinez,1983,18044
3237,Jane,Jones,1983,14518
3238,James,Williams,1999,13690
3239,James,Johnson,1978,14945
3240,David,Brown,2000,12371
3241,Emma,Rodriguez,1979,19013
3242,David,Williams,1978,10537
3243,James,Johnson,1976,17178
3244,Sarah,Martinez,1995,11331
3245,Emma,Williams,1989,19770
3246,Olivia,Miller,1975,14064
3247,William,Miller,1976,10773
3248,David,Garcia,1984,11836
3249,David,Martinez,1997,12653
3250,William,Davis,1976,11296
3251,Sarah,Davis,1971,19768
3252,Michael,Brown,1986,18254
3253,James,Davis,1987,14734
3254,Olivia,Williams,1987,10757
3255,Sarah,Johnson,1998,16227
3256,William,Johnson,1981,14729
3257,William,Williams,1989,15624
3258,Jane,Smith,1996,19090
3259,Jane,Garcia,1970,12844
3260,Jane,Brown,1981,11051
3261,Olivia,Brown,1983,10554
3262,Olivia,Brown,1999,17657
3263,William,Garcia,1992,13037
3264,David,Martinez,1978,18268
3265,Olivia,Davis,1995,16065
3266,Jane,Smith,1992,11024
3267,John,Jones,1996,12504
3268,Emily,Miller,1997,17676
3269,Jane,Miller,1973,13553
3270,John,Davis,1985,11307
3271,Olivia,Davis,1975,15424
3272,Emily,Garcia,1993,14405
3273,Emma,Brown,1986,18746
3274,John,Davis,1994,10204
3275,William,Smith,1973,13412
3276,Sarah,Johnson,1970,19239
3277,John,Johnson,1984,11948
3278,Michael,Jones,1975,12921
3279,James,Garcia,1998,12431
3280,William,Smith,1994,13658
3281,Michael,Garcia,1979,11629
3282,David,Miller,1994,18297
3283,James,Smith,1980,18481
3284,Olivia,Davis,1986,11526
3285,James,Martinez,1976,13663
3286,Michael,Martinez,1987,15949
3287,David,Miller,1980,16715
3288,Sarah,Davis,1978,11455
3289,John,Jones,1980,11755
3290,William,Smith,1988,11185
3291,James,Smith,1976,12710
3292,Sarah,Rodriguez,1994,18705
3293,Sarah,Smith,1985,17979
3294,Emma,Brown,1973,17054
3295,Jane,Williams,1971,19873
3296,John,Miller,1990,10381
3297,David,Miller,1998,19146
3298,Emma,Brown,1982,19724
3299,David,Johnson,1998,17050
3300,William,Rodriguez,1996,18800
3301,Sarah,Garcia,1973,15526
3302,Jane,Martinez,1981,19801
3303,Sarah,Miller,1974,14190
3304,Michael,Davis,1983,10615
3305,John,Jones,1980,16432
3306,Jane,Martinez,1973,12744
3307,Emma,Brown,1979,18116
3308,William,Williams,1999,18892
3309,Emily,Williams,1988,14543
3310,Emma,Smith,1995,18157
3311,Emily,Williams,1993,17897
3312,Sarah,Miller,1971,10114
3313,Olivia,Smith,1991,12104
3314,Olivia,Williams,1982,11390
3315,Sarah,Martinez,1989,15924
3316,Sarah,Davis,1986,17400
3317,David,Miller,1975,13679
3318,David,Jones,1982,18528
3319,Emma,Jones,1995,15035
3320,Michael,Brown,1984,17767
3321,Michael,Miller,1987,19308
3322,Olivia,Rodriguez,1992,14519
3323,David,Miller,1996,16201
3324,Emily,Williams,1982,13343
3325,Emma,Miller,1999,19826
3326,Emma,Miller,1986,12515
3327,Sarah,Smith,1979,10658
3328,James,Miller,1992,19372
3329,Emma,Garcia,1995,11040
3330,Olivia,Smith,1996,11026
3331,Emily,Johnson,1998,17924
3332,Michael,Davis,1971,10914
3333,Michael,Johnson,1990,11865
3334,William,Jones,1988,18965
3335,Emma,Smith,1971,14518
3336,John,Rodriguez,1983,17701
3337,Jane,Martinez,1976,19935
3338,Michael,Brown,1978,17301
3339,Olivia,Brown,1973,10088
3340,Olivia,Williams,1974,11084
3341,John,Smith,1978,15938
3342,Jane,Miller,1991,10015
3343,James,Rodriguez,1974,17111
3344,David,Smith,1970,14131
3345,David,Johnson,1986,10739
3346,William,Miller,1989,16063
3347,James,Miller,1977,17782
3348,Emma,Garcia,1992,19505
3349,Sarah,Garcia,1997,12874
3350,John,Miller,1987,11551
3351,Olivia,Brown,1992,14982
3352,Michael,Garcia,1997,19408
3353,Emily,Davis,1973,10425
3354,Emma,Rodriguez,1973,16115
3355,William,Miller,1999,16755
3356,James,Brown,1979,17337
3357,Emma,Martinez,1978,17307
3358,David,Rodriguez,1983,13414
3359,Emily,Martinez,1996,12754
3360,Emma,Rodriguez,1982,14503
3361,James,Brown,1987,17666
3362,Olivia,Garcia,1978,15616
3363,Michael,Johnson,1976,15563
3364,Olivia,Garcia,1988,18163
3365,James,Brown,1972,16560
3366,Emily,Jones,1986,18606
3367,Olivia,Brown,1989,16555
3368,Emma,Johnson,1974,10868
3369,Sarah,Martinez,1999,17764
3370,Sarah,Williams,2000,17752
3371,John,Martinez,1984,17064
3372,John,Brown,1972,11649
3373,Emily,Jones,1990,17124
3374,Michael,Williams,1997,16512
3375,James,Brown,1986,13218
3376,Jane,Garcia,1972,13801
3377,Emma,Johnson,1998,15036
3378,Olivia,Jones,1976,17150
3379,Olivia,Garcia,1989,17741
3380,Olivia,Smith,1995,13610
3381,William,Smith,1970,15635
3382,Emma,Davis,1988,12777
3383,William,Rodriguez,1976,12608
3384,Michael,Garcia,1970,12417
3385,Michael,Johnson,1970,19452
3386,Michael,Johnson,1985,18531
3387,William,Garcia,1970,19785
3388,John,Martinez,1974,19382
3389,Emma,Martinez,1977,15060
3390,William,Johnson,1989,14939
3391,William,Garcia,1974,13576
3392,Emma,Smith,1971,18588
3393,John,Davis,1991,18595
3394,Jane,Miller,1993,18481
3395,Michael,Jones,1985,18153
3396,Emily,Williams,1972,19008
3397,Michael,Davis,1977,13820
3398,David,Smith,1976,12314
3399,Jane,Jones,1972,10980
3400,William,Garcia,1985,11639
3401,William,Miller,1985,10300
3402,William,Miller,1994,15682
3403,Emma,Williams,1988,16295
3404,John,Garcia,1997,10925
3405,William,Smith,1978,13026
3406,Jane,Brown,1986,14486
3407,James,Johnson,1996,12536
3408,Olivia,Williams,1994,18610
3409,Emma,Davis,1977,15968
3410,William,Brown,1984,16548
3411,John,Brown,1999,10506
3412,John,Brown,1994,13161
3413,John,Miller,1998,18047
3414,Michael,Martinez,1971,17271
3415,William,Smith,1983,16587
3416,James,Martinez,1992,12392
3417,James,Garcia,1984,15809
3418,David,Smith,1999,13299
3419,Emily,Garcia,1988,12863
3420,Sarah,Rodriguez,1986,19481
3421,James,Davis,1996,16644
3422,William,Johnson,1971,18638
3423,Olivia,Johnson,1981,17661
3424,John,Miller,1975,12116
3425,Michael,Martinez,1971,10922
3426,Emma,Martinez,1982,12325
3427,David,Smith,1977,11173
3428,Olivia,Garcia,1999,11401
3429,John,Garcia,1981,15408
3430,Emma,Martinez,1995,17807
3431,Emily,Miller,2000,13651
3432,Sarah,Jones,1987,16562
3433,Emma,Johnson,1992,16286
3434,John,Davis,1997,17560
3435,John,Jones,1988,10173
3436,William,Miller,1976,10260
3437,James,Martinez,1997,17148
3438,David,Davis,1983,19943
3439,James,Martinez,1999,15435
3440,John,Williams,1995,17995
3441,Olivia,Williams,1981,19715
3442,Emma,Jones,1983,11682
3443,Emma,Davis,1988,10701
3444,Michael,Johnson,1984,12559
3445,Michael,Johnson,1975,18239
3446,Michael,Rodriguez,1982,16576
3447,Olivia,Davis,1973,10651
3448,Michael,Smith,1996,17353
3449,Emily,Davis,1996,19102
3450,James,Martinez,1988,16836
3451,William,Smith,1999,16808
3452,Jane,Martinez,1991,19474
3453,John,Davis,1972,17171
3454,Olivia,Johnson,1986,11088
3455,Olivia,Williams,1995,11517
3456,John,Williams,1972,14321
3457,Michael,Jones,2000,18247
3458,Emma,Johnson,1987,12602
3459,Emily,Martinez,1986,11632
3460,Jane,Rodriguez,1973,19960
3461,Emily,Smith,1995,13494
3462,David,Brown,1970,14404
3463,William,Brown,1975,19154
3464,Jane,Jones,1978,13208
3465,William,Miller,1977,17327
3466,Michael,Johnson,1991,18665
3467,James,Jones,1989,15728
3468,John,Davis,1973,14409
3469,Emma,Johnson,1979,15187
3470,Emily,Martinez,1995,17311
3471,Emily,Smith,1976,12468
3472,John,Rodriguez,1970,10581
3473,James,Williams,1987,13019
3474,Sarah,Williams,1970,19602
3475,David,Miller,1983,14026
3476,David,Smith,1979,11939
3477,Emily,Johnson,1979,12697
3478,Sarah,Garcia,1976,14453
3479,James,Garcia,1985,10316
3480,Michael,Miller,1975,15967
3481,David,Williams,1994,13210
3482,John,Brown,1979,15563
3483,John,Smith,1981,19689
3484,Olivia,Smith,1995,11819
3485,James,Johnson,1977,16054
3486,Michael,Jones,1980,11653
3487,Jane,Martinez,1978,18966
3488,James,Williams,1983,16392
3489,Emma,Davis,1980,16076
3490,Michael,Miller,1984,13244
3491,Olivia,Williams,1996,16899
3492,James,Jones,1974,12304
3493,Olivia,Jones,1986,14342
3494,David,Martinez,1986,10574
3495,Michael,Johnson,1978,11182
3496,Sarah,Rodriguez,1999,10379
3497,Emma,Johnson,1979,14462
3498,David,Rodriguez,1997,19230
3499,David,Davis,1976,13430
3500,Emily,Garcia,1989,15527
3501,James,Rodriguez,1993,16579
3502,James,Rodriguez,1979,11027
3503,Jane,Miller,1988,12023
3504,John,Garcia,2000,13103
3505,William,Williams,1993,18183
3506,James,Jones,1987,17527
3507,John,Williams,1983,16219
3508,James,Miller,1983,13169
3509,Emma,Jones,1988,16812
3510,Jane,Miller,1991,13139
3511,Michael,Jones,1976,10856
3512,David,Brown,1973,15466
3513,Emily,Jones,1974,11038
3514,John,Johnson,1993,19800
3515,Emily,Jones,1986,12321
3516,James,Miller,1999,14588
3517,William,Johnson,1984,12988
3518,Jane,Johnson,1983,14498
3519,Olivia,Miller,1976,14009
3520,David,Smith,1998,12443
3521,James,Smith,1983,16250
3522,David,Garcia,1991,10766
3523,Emily,Martinez,1995,16550
3524,Emily,Smith,1990,11086
3525,James,Jones,1992,11377
3526,David,Davis,1996,18394
3527,David,Miller,1978,15543
3528,David,Martinez,1975,12787
3529,David,Williams,1998,16028
3530,Emily,Martinez,1990,13950
3531,Olivia,Brown,1990,13813
3532,Jane,Smith,1997,16008
3533,Michael,Miller,1982,14656
3534,James,Johnson,1995,14527
3535,John,Williams,1977,11334
3536,Sarah,Jones,1974,16326
3537,Michael,Garcia,1978,14242
3538,John,Williams,1972,18263
3539,David,Miller,1992,13680
3540,Michael,Miller,2000,11680
3541,Olivia,Miller,1989,19931
3542,Sarah,Williams,1996,10374
3543,Michael,Garcia,1984,12520
3544,James,Smith,1994,19205
3545,David,Garcia,1991,17557
3546,Olivia,Smith,1973,16417
3547,James,Jones,1983,14028
3548,Sarah,Miller,2000,17824
3549,Olivia,Garcia,1998,15569
3550,Jane,Davis,1987,13555
3551,Sarah,Smith,1986,15757
3552,Olivia,Williams,1986,12988
3553,Olivia,Miller,1971,18886
3554,David,Smith,1983,12684
3555,David,Brown,1992,19819
3556,Emily,Johnson,2000,17053
3557,Emma,Jones,1990,10130
3558,David,Miller,1993,13555
3559,James,Smith,1995,17368
3560,Emily,Johnson,1974,17423
3561,Michael,Williams,1998,14034
3562,Olivia,Martinez,1996,17930
3563,Jane,Miller,1980,11593
3564,Olivia,Davis,1989,19844
3565,James,Miller,2000,12513
3566,Jane,Martinez,1976,13153
3567,William,Garcia,1990,14357
3568,John,Martinez,1994,11205
3569,William,Jones,1989,16068
3570,Jane,Smith,1974,11225
3571,David,Jones,1973,11365
3572,John,Williams,1997,14253
3573,Emma,Davis,1995,15477
3574,Sarah,Brown,1973,14485
3575,Olivia,Williams,1973,11488
3576,Sarah,Smith,1988,10037
3577,David,Brown,2000,18070
3578,Michael,Martinez,1975,16800
3579,Emily,Rodriguez,1981,18124
3580,Emily,Miller,1997,16759
3581,Emily,Garcia,1982,14470
3582,Olivia,Rodriguez,1970,18012
3583,Emily,Jones,1992,11872
3584,Olivia,Garcia,1971,11386
3585,Sarah,Johnson,1992,13368
3586,John,Garcia,1972,17177
3587,Emma,Jones,1981,18691
3588,John,Jones,1971,10849
3589,Emma,Miller,1998,10214
3590,William,Martinez,1993,15619
3591,James,Davis,1998,17871
3592,Emma,Smith,1997,16778
3593,Emily,Williams,1988,17309
3594,John,Garcia,1980,12039
3595,Sarah,Jones,1979,16138
3596,Olivia,Martinez,1980,15320
3597,David,Rodriguez,1986,15190
3598,Emma,Garcia,1978,18157
3599,John,Martinez,1999,11220
3600,John,Williams,1995,19826
3601,John,Smith,1981,16417
3602,Emma,Davis,1971,15190
3603,Michael,Davis,1980,16347
3604,James,Martinez,1973,19853
3605,William,Brown,1998,19627
3606,David,Martinez,1973,19855
3607,William,Rodriguez,1974,15118
3608,Jane,Brown,1975,10970
3609,David,Davis,1971,11282
3610,John,Martinez,1988,16051
3611,Sarah,Williams,1974,17678
3612,William,Johnson,1994,19095
3613,Michael,Martinez,1998,13672
3614,Emily,Williams,1971,14816
3615,Jane,Jones,1981,12727
3616,Emma,Davis,1986,10919
3617,Michael,Davis,1981,17308
3618,Emily,Rodriguez,1999,10157
3619,Emily,Garcia,1997,17996
3620,Jane,Williams,1972,13039
3621,Jane,Martinez,1991,16884
3622,David,Johnson,1984,19998
3623,David,Johnson,1986,16023
3624,James,Martinez,1980,13838
3625,Sarah,Johnson,1993,15871
3626,Jane,Garcia,1990,11991
3627,Emma,Smith,1970,14209
3628,Olivia,Jones,1976,13181
3629,James,Miller,2000,11997
3630,John,Davis,1980,18454
3631,James,Rodriguez,1983,10706
3632,Emily,Jones,1971,13463
3633,Emily,Martinez,1971,18994
3634,James,Jones,1983,18330
3635,Emma,Davis,1972,10800
3636,Jane,Jones,1997,11289
3637,Jane,Jones,1973,13681
3638,David,Martinez,1976,15858
3639,William,Garcia,1972,16438
3640,Jane,Miller,1988,13438
3641,John,Rodriguez,1979,10607
3642,David,Davis,2000,13336
3643,William,Smith,1978,19466
3644,William,Johnson,1992,15723
3645,David,Brown,1977,19032
3646,Olivia,Davis,1980,16687
3647,Emily,Smith,1996,19488
3648,Sarah,Davis,1981,10960
3649,Michael,Garcia,1990,11929
3650,Emily,Brown,1996,15449
3651,Olivia,Johnson,1977,16276
3652,Emily,Brown,1973,17175
3653,Emma,Miller,1984,14100
3654,Jane,Martinez,1976,10192
3655,James,Williams,1995,11988
3656,David,Williams,1997,15719
3657,Michael,Williams,1993,10061
3658,Emily,Martinez,1996,11419
3659,Emma,Johnson,1983,10320
3660,Sarah,Martinez,1972,13798
3661,Emily,Davis,1970,11501
3662,David,Smith,1998,11873
3663,William,Miller,1986,19074
3664,William,Davis,1993,19632
3665,Sarah,Davis,1973,14742
3666,John,Williams,1973,18775
3667,John,Davis,1994,19266
3668,John,Garcia,1980,18667
3669,Emily,Miller,1983,13534
3670,David,Brown,1971,10604
3671,Olivia,Martinez,1995,19150
3672,David,Smith,1975,15178
3673,Jane,Johnson,1975,13462
3674,Jane,Rodriguez,1990,15314
3675,James,Miller,1993,15450
3676,Sarah,Miller,1999,15154
3677,Sarah,Garcia,1997,12392
3678,William,Jones,1991,19373
3679,David,Martinez,1994,12218
3680,Michael,Martinez,1998,12517
3681,Olivia,Martinez,1976,15973
3682,Michael,Smith,1974,18370
3683,John,Johnson,1990,19101
3684,Emily,Johnson,1991,12828
3685,Olivia,Rodriguez,1972,18655
3686,Sarah,Johnson,1984,14497
3687,Emily,Jones,1971,16005
3688,James,Miller,1995,12376
3689,David,Jones,1979,12948
3690,William,Martinez,1998,19200
3691,Jane,Martinez,1976,17853
3692,Sarah,Martinez,1977,13023
3693,Jane,Martinez,1972,12070
3694,William,Williams,2000,10696
3695,Emma,Jones,1999,13714
3696,Emma,Garcia,1981,11495
3697,Emma,Jones,1998,13507
3698,Michael,Johnson,1979,10552
3699,Michael,Martinez,1974,11919
3700,James,Martinez,1972,14948
3701,Olivia,Miller,1989,11560
3702,Olivia,Martinez,1994,13800
3703,David,Williams,1976,12069
3704,David,Brown,1976,10781
3705,James,Miller,1986,17514
3706,Olivia,Miller,1997,14741
3707,David,Jones,1995,12716
3708,James,Davis,1994,12418
3709,Olivia,Smith,1980,17663
3710,Emma,Jones,1974,16907
3711,John,Martinez,1980,13709
3712,Olivia,Miller,1989,16133
3713,Olivia,Miller,1991,19937
3714,David,Rodriguez,1980,15434
3715,Emma,Smith,1974,12778
3716,Sarah,Smith,1988,17287
3717,William,Miller,1972,14711
3718,David,Garcia,1989,15620
3719,Michael,Davis,1981,11040
3720,John,Miller,1981,14508
3721,William,Brown,1976,13014
3722,James,Miller,1977,13513
3723,Olivia,Miller,1985,16573
3724,David,Davis,1996,18712
3725,James,Rodriguez,2000,19088
3726,Emma,Brown,1991,15704
3727,David,Williams,1985,18832
3728,Olivia,Miller,1976,12320
3729,Emily,Johnson,1978,15097
3730,James,Brown,2000,14516
3731,James,Miller,1996,11162
3732,Emily,Smith,1977,18226
3733,James,Miller,2000,15585
3734,Sarah,Brown,1995,19641
3735,Sarah,Rodriguez,1970,17099
3736,Emma,Brown,1971,19370
3737,Michael,Smith,1980,15916
3738,Sarah,Rodriguez,1978,14608
3739,Olivia,Brown,1980,14171
3740,Emma,Miller,1993,15115
3741,John,Garcia,1981,17686
3742,Sarah,Williams,1995,15266
3743,William,Martinez,1989,17478
3744,Michael,Davis,1975,10298
3745,David,Garcia,1988,18037
3746,James,Rodriguez,1986,14339
3747,David,Rodriguez,1987,14260
3748,Olivia,Garcia,1992,18258
3749,Sarah,Martinez,1986,15951
3750,William,Garcia,1999,19234
3751,William,Garcia,1995,11260
3752,Michael,Davis,1970,19087
3753,John,Brown,1977,10545
3754,William,Martinez,1986,14046
3755,John,Miller,1992,14472
3756,Emma,Johnson,1991,16207
3757,David,Brown,1973,14877
3758,David,Jones,1986,10652
3759,William,Davis,1985,13153
3760,Michael,Smith,1980,17031
3761,Emma,Jones,1996,18488
3762,Jane,Williams,1977,15073
3763,Sarah,Johnson,1976,12215
3764,Emily,Miller,1978,13004
3765,David,Rodriguez,1971,17956
3766,James,Miller,1986,11351
3767,Olivia,Smith,1985,12572
3768,David,Martinez,1982,18811
3769,Emma,Brown,2000,12844
3770,James,Johnson,1985,16751
3771,Emma,Davis,1989,15644
3772,Sarah,Davis,1971,14284
3773,Sarah,Brown,1994,17681
3774,James,Johnson,1982,13389
3775,Emma,Davis,1979,16862
3776,Michael,Brown,1995,11110
3777,David,Johnson,2000,17232
3778,Sarah,Jones,2000,19907
3779,Emma,Smith,1982,15700
3780,David,Davis,1988,11588
3781,William,Rodriguez,1994,13449
3782,Emma,Jones,1970,19396
3783,Emma,Miller,1988,17348
3784,Sarah,Rodriguez,1992,16440
3785,Jane,Williams,1984,14187
3786,Emily,Rodriguez,1971,18778
3787,Sarah,Miller,1997,13303
3788,Emma,Smith,1981,15940
3789,Michael,Johnson,1981,11535
3790,David,Johnson,1996,19456
3791,Michael,Brown,1970,17343
3792,John,Rodriguez,1987,19667
3793,John,Rodriguez,1970,11710
3794,John,Davis,1997,16052
3795,Olivia,Martinez,1994,14349
3796,Emma,Brown,1990,17601
3797,William,Rodriguez,1989,15664
3798,Michael,Martinez,2000,18822
3799,Sarah,Jones,1976,17616
3800,Olivia,Garcia,1977,18465
3801,John,Johnson,1984,15959
3802,Sarah,Garcia,1991,16913
3803,John,Rodriguez,1981,12524
3804,David,Davis,1987,17342
3805,David,Garcia,1978,15628
3806,Jane,Rodriguez,2000,12606
3807,David,Williams,1993,11615
3808,Emily,Garcia,1987,17301
3809,Olivia,Williams,1990,15882
3810,Emily,Miller,1970,12377
3811,William,Johnson,1980,13081
3812,Emma,Rodriguez,1975,11244
3813,William,Brown,1987,11228
3814,Jane,Jones,1983,19296
3815,Sarah,Martinez,1972,19274
3816,Jane,Smith,1987,11888
3817,Jane,Martinez,1975,14350
3818,Emily,Jones,1984,15987
3819,John,Smith,1982,10111
3820,Michael,Williams,1979,11788
3821,John,Garcia,1972,15320
3822,David,Jones,1980,14030
3823,Olivia,Davis,1992,14920
3824,Jane,Davis,1972,11705
3825,Sarah,Miller,1986,19734
3826,Sarah,Garcia,1976,17288
3827,Emily,Johnson,1973,19346
3828,Emily,Martinez,1986,12467
3829,Olivia,Johnson,1996,16403
3830,Michael,Rodriguez,1997,15976
3831,James,Davis,1972,11130
3832,William,Smith,1973,15402
3833,Jane,Miller,1983,11410
3834,Jane,Miller,1982,18790
3835,David,Martinez,1980,16732
3836,Olivia,Rodriguez,1981,17125
3837,James,Davis,1995,18493
3838,William,Miller,1974,19772
3839,James,Johnson,1981,14790
3840,David,Davis,1993,18887
3841,James,Williams,1972,19837
3842,Emma,Williams,1979,10028
3843,Michael,Martinez,1973,12279
3844,David,Brown,1974,13910
3845,David,Brown,1989,11569
3846,John,Williams,1998,17835
3847,Sarah,Williams,1985,17470
3848,Emma,Williams,1980,13015
3849,Sarah,Smith,1994,11494
3850,David,Jones,1994,15681
3851,Sarah,Miller,1987,10412
3852,James,Davis,1985,16942
3853,Olivia,Garcia,1993,17241
3854,David,Smith,1991,13984
3855,William,Miller,1986,12624
3856,John,Smith,1972,19495
3857,Emma,Jones,1992,16207
3858,Emily,Smith,1993,12965
3859,Michael,Smith,1977,10679
3860,Emily,Jones,2000,12539
3861,Emily,Brown,1999,16265
3862,William,Jones,1998,12062
3863,Sarah,Rodriguez,1995,19901
3864,Sarah,Jones,1980,12696
3865,Jane,Martinez,2000,13397
3866,William,Brown,1998,15258
3867,William,Garcia,1983,12791
3868,James,Brown,1997,18277
3869,David,Rodriguez,1977,11122
3870,David,Miller,1976,15011
3871,Olivia,Martinez,1981,16420
3872,Sarah,Johnson,1983,15098
3873,Emily,Rodriguez,1995,18863
3874,Emma,Brown,1980,13499
3875,John,Davis,1982,10813
3876,Michael,Rodriguez,1982,13112
3877,Sarah,Jones,1986,10891
3878,Emma,Rodriguez,1972,13579
3879,Michael,Brown,1979,11886
3880,Emma,Jones,1998,16501
3881,Michael,Rodriguez,1981,16263
3882,Michael,Johnson,1991,17540
3883,Sarah,Martinez,1999,12867
3884,Sarah,Williams,1993,16260
3885,William,Johnson,1972,17024
3886,Sarah,Williams,1993,17308
3887,Michael,Jones,1972,11370
3888,Olivia,Jones,1992,19047
3889,Olivia,Davis,1981,12581
3890,James,Johnson,1992,16892
3891,Michael,Jones,1987,16922
3892,Emily,Brown,1985,13753
3893,James,Miller,1999,19978
3894,James,Williams,1998,19064
3895,James,Martinez,1993,16833
3896,John,Martinez,1996,13523
3897,Emily,Smith,1981,15958
3898,William,Williams,1992,17157
3899,Olivia,Johnson,1991,15790
3900,John,Williams,1981,10653
3901,Emma,Smith,1979,19213
3902,Emily,Williams,1994,19436
3903,Olivia,Williams,1976,19282
3904,James,Davis,1986,16487
3905,William,Brown,1970,16975
3906,Sarah,Rodriguez,1995,11822
3907,James,Williams,1990,19085
3908,James,Smith,1985,19408
3909,Olivia,Martinez,1971,16953
3910,David,Garcia,1978,10057
3911,Emma,Garcia,1978,14365
3912,Emily,Martinez,1977,14363
3913,Michael,Martinez,1977,13219
3914,David,Brown,1987,12135
3915,Emily,Garcia,1997,15992
3916,Emma,Miller,1988,12994
3917,Emma,Martinez,1988,16276
3918,Michael,Rodriguez,1972,14544
3919,Emily,Garcia,1989,18074
3920,Emma,Miller,1979,11007
3921,Sarah,Garcia,1996,18432
3922,John,Williams,1995,13671
3923,Emma,Johnson,1982,14196
3924,Emily,Martinez,1992,12881
3925,Jane,Johnson,1972,10086
3926,James,Johnson,1977,19501
3927,Michael,Smith,1987,12289
3928,Sarah,Martinez,1972,12543
3929,Sarah,Davis,1994,19227
3930,Emily,Miller,1996,17508
3931,Emma,Smith,1997,17800
3932,William,Brown,1971,11007
3933,Sarah,Johnson,1996,18911
3934,David,Garcia,1995,14465
3935,John,Garcia,1990,12704
3936,Emily,Davis,1998,15827
3937,John,Smith,1980,11809
3938,Olivia,Martinez,1983,10214
3939,Sarah,Martinez,1981,16910
3940,James,Brown,1979,15885
3941,Jane,Rodriguez,1986,11492
3942,James,Johnson,1977,17249
3943,David,Rodriguez,2000,15957
3944,David,Miller,1978,12851
3945,Emily,Jones,1990,15327
3946,David,Rodriguez,1996,11445
3947,James,Smith,1976,18659
3948,James,Johnson,1983,16847
3949,Jane,Garcia,1982,14350
3950,Sarah,Martinez,1978,18021
3951,Jane,Martinez,1971,11516
3952,David,Williams,1990,14683
3953,Olivia,Rodriguez,1980,13644
3954,William,Martinez,1972,16874
3955,Sarah,Brown,1975,14552
3956,Jane,Johnson,1971,17494
3957,William,Brown,1983,10516
3958,William,Williams,1986,16621
3959,Michael,Johnson,1999,11148
3960,John,Williams,1998,17663
3961,Emma,Brown,1986,13481
3962,Emma,Johnson,1987,13657
3963,Michael,Brown,1989,12717
3964,William,Smith,1982,10514
3965,Olivia,Johnson,1997,17975
3966,Sarah,Williams,1976,17978
3967,Jane,Miller,1985,18171
3968,Emily,Davis,1979,14984
3969,Emma,Davis,1976,13644
3970,Emily,Rodriguez,1995,10466
3971,James,Brown,1998,17718
3972,Michael,Smith,1979,17987
3973,Emily,Williams,1984,12946
3974,Olivia,Smith,1995,10581
3975,John,Williams,1974,12094
3976,Michael,Williams,1990,19682
3977,Sarah,Garcia,1999,16223
3978,Sarah,Williams,1974,11391
3979,Emma,Garcia,1974,12373
3980,William,Smith,1981,13024
3981,Michael,Jones,1989,17396
3982,Michael,Brown,1973,14591
3983,William,Miller,1990,12445
3984,Sarah,Garcia,1982,15638
3985,Emily,Johnson,2000,12340
3986,Olivia,Davis,1996,14887
3987,Jane,Brown,1991,12539
3988,Michael,Brown,1999,17523
3989,Michael,Davis,1987,12400
3990,Sarah,Rodriguez,1981,19885
3991,James,Rodriguez,1990,14312
3992,James,Johnson,1997,15734
3993,Olivia,Martinez,1994,15264
3994,Jane,Johnson,1993,17046
3995,Sarah,Jones,2000,15258
3996,Jane,Johnson,1984,12456
3997,Jane,Garcia,1970,10733
3998,James,Miller,1979,16515
3999,Jane,Smith,1972,19157
4000,Emily,Jones,1978,15958
4001,David,Smith,1976,11743
4002,Emma,Miller,1974,15227
4003,Michael,Jones,1970,15065
4004,William,Martinez,2000,18932
4005,Jane,Miller,1994,15552
4006,David,Rodriguez,1970,14747
4007,Jane,Garcia,1991,13292
4008,Michael,Williams,1998,19740
4009,Emma,Miller,1997,19856
4010,James,Smith,1979,11187
4011,Emma,Brown,1972,12774
4012,Michael,Garcia,1978,16736
4013,Michael,Johnson,1998,11550
4014,James,Williams,1991,14466
4015,Emma,Johnson,1972,13184
4016,Emily,Williams,1990,15250
4017,John,Davis,1971,12571
4018,Olivia,Johnson,1981,16251
4019,Sarah,Garcia,1992,18020
4020,David,Smith,1991,12532
4021,Michael,Rodriguez,1973,15676
4022,John,Miller,1979,11740
4023,John,Johnson,1976,16192
4024,Emily,Martinez,1986,16040
4025,John,Davis,1998,19451
4026,David,Williams,1996,18351
4027,Jane,Rodriguez,1993,18414
4028,Jane,Miller,1988,18132
4029,James,Davis,1998,14401
4030,Jane,Johnson,1985,17207
4031,Emily,Davis,1992,12121
4032,William,Miller,1996,17449
4033,Emily,Martinez,1975,10526
4034,Jane,Miller,2000,15157
4035,Emma,Miller,1980,11740
4036,James,Miller,1998,19164
4037,Emma,Brown,1976,19155
4038,William,Brown,1993,19588
4039,Michael,Jones,1990,11528
4040,Emily,Williams,1995,10392
4041,Jane,Jones,1990,10662
4042,Jane,Martinez,1978,15891
4043,Olivia,Brown,1978,10014
4044,David,Rodriguez,1985,13050
4045,John,Martinez,1996,19119
4046,Olivia,Davis,1991,18739
4047,John,Smith,1972,10239
4048,Sarah,Johnson,1991,18336
4049,Jane,Miller,1985,17702
4050,John,Miller,1977,16739
4051,William,Johnson,1973,10120
4052,Jane,Rodriguez,1979,11086
4053,James,Rodriguez,1992,12547
4054,Olivia,Rodriguez,1996,19697
4055,Emma,Johnson,1990,16530
4056,Jane,Johnson,1980,16812
4057,James,Smith,1971,10860
4058,William,Johnson,1990,14642
4059,Emily,Rodriguez,1982,17725
4060,Jane,Smith,1984,18056
4061,Jane,Williams,1998,18007
4062,James,Smith,1991,17852
4063,Olivia,Brown,1992,16518
4064,William,Smith,1986,19822
4065,David,Johnson,1979,17918
4066,Olivia,Miller,1993,18100
4067,John,Rodriguez,1973,16776
4068,William,Brown,1998,13260
4069,John,Martinez,1994,10724
4070,Michael,Martinez,1996,10179
4071,Jane,Garcia,1989,10678
4072,Jane,Johnson,1975,18169
4073,Jane,Jones,1976,12713
4074,James,Martinez,1987,13197
4075,William,Miller,1976,14986
4076,John,Johnson,1996,12030
4077,David,Johnson,1999,10730
4078,Jane,Williams,1983,11684
4079,Olivia,Johnson,1982,16121
4080,William,Smith,1983,19784
4081,Emma,Williams,1998,19707
4082,Olivia,Brown,1983,15346
4083,James,Jones,1980,18554
4084,David,Smith,1970,15725
4085,Sarah,Garcia,1982,16312
4086,James,Brown,1979,17905
4087,Olivia,Martinez,1986,18915
4088,William,Miller,1988,11446
4089,Emily,Jones,1979,10058
4090,William,Davis,1991,13154
4091,Jane,Rodriguez,1992,16474
4092,Olivia,Brown,1991,13974
4093,John,Smith,1979,14980
4094,Michael,Smith,1974,12520
4095,David,Rodriguez,1983,11671
4096,David,Williams,1970,15541
4097,Emily,Rodriguez,1990,10886
4098,Emma,Smith,1978,12658
4099,William,Williams,1987,14807
4100,Sarah,Martinez,1989,15983
4101,Sarah,Williams,1983,15907
4102,Sarah,Miller,1974,11164
4103,Emily,Garcia,1979,19412
4104,William,Jones,1970,12977
4105,John,Rodriguez,1993,12701
4106,Jane,Martinez,1996,13276
4107,Emily,Garcia,1983,12096
4108,William,Johnson,1990,11336
4109,Emily,Miller,1999,19695
4110,Jane,Davis,1990,13212
4111,Jane,Rodriguez,1989,14770
4112,Michael,Martinez,1991,13524
4113,Olivia,Williams,1992,15890
4114,Jane,Williams,1977,11864
4115,Emily,Martinez,1990,10264
4116,Olivia,Davis,1999,19755
4117,John,Johnson,1985,10065
4118,Sarah,Garcia,1987,15020
4119,David,Rodriguez,1993,18180
4120,James,Rodriguez,1972,11662
4121,John,Williams,1975,11896
4122,William,Martinez,1990,10386
4123,Olivia,Garcia,1996,15789
4124,David,Rodriguez,1979,14751
4125,Olivia,Brown,1978,17435
4126,John,Martinez,1971,17500
4127,David,Jones,2000,15989
4128,William,Jones,1984,13961
4129,William,Jones,1991,10515
4130,Emily,Davis,1995,10977
4131,Emma,Johnson,1996,17635
4132,William,Johnson,1995,19818
4133,Emma,Williams,1998,13226
4134,Emily,Smith,1995,10760
4135,David,Miller,1986,19770
4136,David,Martinez,1996,18282
4137,David,Rodriguez,1995,10745
4138,Jane,Martinez,1984,18434
4139,John,Johnson,1992,13058
4140,Emily,Williams,1979,13377
4141,Emma,Smith,1987,19172
4142,Emily,Davis,1987,18812
4143,David,Martinez,1986,10834
4144,James,Johnson,1986,15181
4145,John,Williams,1998,16008
4146,William,Brown,1981,17428
4147,Michael,Jones,1975,15246
4148,Michael,Smith,1980,15165
4149,Emma,Miller,1971,14574
4150,Emma,Martinez,1983,18812
4151,John,Jones,1998,17135
4152,Emily,Jones,1980,16020
4153,David,Jones,1985,13223
4154,James,Williams,1992,15721
4155,William,Brown,1994,14555
4156,James,Williams,1974,10317
4157,James,Rodriguez,1970,19524
4158,Olivia,Brown,1995,13883
4159,John,Miller,1991,17637
4160,Emily,Garcia,1999,12055
4161,Jane,Jones,1979,18961
4162,Emily,Johnson,1972,12192
4163,Emily,Williams,1978,19116
4164,Michael,Rodriguez,2000,12016
4165,Olivia,Garcia,1983,16720
4166,Sarah,Smith,1970,19495
4167,Emily,Martinez,1972,10602
4168,Sarah,Brown,1986,15772
4169,Jane,Miller,1971,16747
4170,Emily,Jones,1988,17954
4171,James,Davis,1982,17414
4172,Emily,Smith,1981,11304
4173,John,Williams,1975,12265
4174,Jane,Garcia,1981,11718
4175,Sarah,Garcia,1999,10496
4176,Olivia,Davis,1971,19628
4177,Olivia,Miller,1971,16637
4178,Michael,Brown,1983,14357
4179,John,Jones,1990,15284
4180,Emma,Jones,1971,13929
4181,Emily,Garcia,1979,19763
4182,Olivia,Martinez,2000,12280
4183,Sarah,Miller,1971,17465
4184,Sarah,Smith,1993,19460
4185,Sarah,Brown,1985,15274
4186,Emma,Miller,1992,12603
4187,Michael,Smith,1995,16943
4188,William,Williams,1991,14620
4189,William,Rodriguez,1997,13375
4190,Olivia,Brown,1986,15187
4191,David,Davis,1984,11149
4192,Sarah,Brown,1976,17176
4193,James,Miller,1983,15460
4194,Jane,Davis,1996,16715
4195,John,Rodriguez,1986,15397
4196,Jane,Martinez,1997,13089
4197,James,Garcia,1983,13349
4198,William,Martinez,1996,11484
4199,Emma,Brown,1982,10793
4200,John,Brown,1973,15608
4201,John,Johnson,1980,12821
4202,William,Johnson,1990,15297
4203,David,Davis,1983,12354
4204,David,Brown,1989,18588
4205,Michael,Johnson,1994,14078
4206,Emily,Williams,1988,12468
4207,David,Jones,1971,14122
4208,John,Brown,1984,16461
4209,Jane,Jones,1994,11847
4210,Emma,Johnson,1970,14820
4211,John,Williams,1979,10261
4212,Olivia,Smith,1974,19010
4213,Sarah,Garcia,1991,13735
4214,William,Johnson,1978,11646
4215,Emma,Garcia,1979,13709
4216,Michael,Garcia,1989,17352
4217,Emily,Johnson,1982,18279
4218,Emily,Jones,1987,17246
4219,Olivia,Martinez,1986,15686
4220,Olivia,Jones,1970,16910
4221,William,Martinez,1989,17002
4222,John,Jones,1981,19121
4223,Olivia,Davis,1985,17436
4224,Sarah,Smith,1997,16820
4225,Emily,Garcia,1982,14323
4226,John,Rodriguez,1980,16107
4227,John,Williams,1982,18764
4228,Emma,Williams,1984,13903
4229,William,Miller,1992,18391
4230,Jane,Davis,1991,15988
4231,William,Smith,1985,12867
4232,Jane,Davis,1988,16134
4233,Emma,Johnson,1972,17814
4234,William,Jones,1991,11141
4235,David,Miller,1971,12569
4236,John,Jones,1986,11482
4237,William,Garcia,1988,17007
4238,John,Brown,1972,13119
4239,Jane,Rodriguez,1991,16184
4240,John,Williams,1975,15436
4241,William,Smith,1994,15199
4242,Michael,Brown,1996,14948
4243,Emily,Miller,1979,19658
4244,William,Johnson,1978,19064
4245,Michael,Brown,1970,18477
4246,Emma,Davis,1985,12776
4247,David,Brown,1989,12255
4248,David,Miller,1975,13723
4249,Jane,Williams,1972,19875
4250,James,Johnson,1977,18406
4251,Emma,Martinez,1998,10120
4252,William,Williams,1989,13105
4253,Olivia,Garcia,1996,11511
4254,Emily,Miller,1992,13460
4255,Sarah,Rodriguez,1985,19544
4256,Emma,Brown,1984,13889
4257,William,Smith,1987,19050
4258,Emma,Jones,1974,18050
4259,Emily,Johnson,1983,17809
4260,Olivia,Miller,1972,14773
4261,John,Jones,1971,18032
4262,Sarah,Williams,1984,13975
4263,James,Martinez,1991,16740
4264,Jane,Smith,1980,17709
4265,Sarah,Miller,2000,18694
4266,Emma,Jones,1984,18185
4267,Sarah,Martinez,1997,10419
4268,Olivia,Jones,1992,10076
4269,William,Miller,1983,17141
4270,Emma,Garcia,1979,13985
4271,William,Miller,1988,17518
4272,Sarah,Davis,1974,10534
4273,William,Williams,1979,18721
4274,Emma,Miller,1981,17153
4275,Michael,Davis,1982,11297
4276,David,Williams,1983,13718
4277,James,Garcia,1981,13848
4278,Olivia,Brown,1998,18583
4279,David,Davis,1976,10777
4280,Emma,Jones,1984,14197
4281,John,Miller,1979,17485
4282,Sarah,Jones,1987,18875
4283,Jane,Davis,1994,16330
4284,Emily,Martinez,1991,19635
4285,Emma,Jones,1979,19992
4286,John,Brown,1990,17925
4287,Jane,Rodriguez,1977,15213
4288,Jane,Williams,1972,16699
4289,Michael,Rodriguez,1998,15791
4290,Olivia,Williams,1979,19031
4291,Olivia,Williams,1984,15392
4292,Emily,Brown,1985,17510
4293,Michael,Smith,1970,14317
4294,Jane,Johnson,1990,11013
4295,William,Johnson,1986,10276
4296,John,Williams,1990,16618
4297,Emma,Garcia,1980,11692
4298,James,Jones,1993,18209
4299,Emily,Brown,1995,13041
4300,Emma,Rodriguez,1995,19382
4301,Olivia,Davis,1971,12044
4302,William,Miller,1984,13779
4303,James,Miller,1975,17493
4304,William,Garcia,1994,16092
4305,John,Smith,1988,12756
4306,Emily,Smith,1976,12992
4307,Sarah,Davis,1971,12063
4308,James,Martinez,1988,19367
4309,Emily,Brown,1971,11767
4310,Jane,Brown,1997,17405
4311,Sarah,Rodriguez,1981,16886
4312,Michael,Smith,1986,13370
4313,Michael,Davis,2000,10586
4314,Michael,Garcia,1986,11178
4315,Sarah,Jones,1987,15723
4316,Jane,Jones,1971,17813
4317,Michael,Smith,1990,13645
4318,William,Johnson,1986,12601
4319,Emily,Williams,1991,15827
4320,Michael,Davis,1994,19164
4321,Emma,Smith,1995,16548
4322,John,Johnson,1978,17339
4323,Sarah,Brown,1997,15600
4324,William,Davis,1980,18393
4325,John,Miller,1987,16362
4326,Michael,Davis,1994,11576
4327,James,Davis,1973,16173
4328,James,Garcia,1970,15338
4329,Olivia,Garcia,1985,18055
4330,Michael,Brown,1986,18538
4331,James,Brown,1980,16521
4332,Emma,Smith,1988,17713
4333,Jane,Smith,1997,19810
4334,William,Miller,1979,15473
4335,William,Davis,1992,11368
4336,Emma,Davis,1996,11378
4337,Emily,Rodriguez,1999,19267
4338,Olivia,Smith,1987,19837
4339,William,Brown,1995,16657
4340,Michael,Brown,1996,13436
4341,Sarah,Johnson,1999,13574
4342,Jane,Williams,1997,16427
4343,Emma,Garcia,1992,17171
4344,Emma,Jones,1981,11832
4345,Emily,Miller,1982,18310
4346,David,Williams,1976,18771
4347,David,Brown,1979,12687
4348,Michael,Jones,1981,18510
4349,Emily,Davis,1975,16550
4350,James,Brown,1973,10134
4351,Jane,Brown,1983,14138
4352,Michael,Miller,1972,18791
4353,Jane,Martinez,1985,11229
4354,Sarah,Williams,1990,10859
4355,James,Martinez,1993,12955
4356,Michael,Rodriguez,1985,13123
4357,James,Martinez,1990,18840
4358,John,Brown,1997,15123
4359,Jane,Johnson,1992,19491
4360,David,Johnson,1985,17781
4361,Michael,Miller,1993,15646
4362,David,Johnson,1978,10467
4363,William,Smith,1999,10830
4364,Sarah,Smith,1987,13225
4365,Michael,Rodriguez,1981,18598
4366,Emma,Martinez,1986,16632
4367,Olivia,Smith,1982,14087
4368,Olivia,Martinez,1984,11038
4369,Olivia,Davis,1994,17872
4370,Emily,Martinez,2000,18141
4371,Olivia,Garcia,1979,19021
4372,Olivia,Martinez,1996,11172
4373,James,Williams,1971,10465
4374,David,Williams,1978,16139
4375,William,Smith,1978,10952
4376,David,Rodriguez,1999,11631
4377,William,Brown,1985,16568
4378,Olivia,Brown,1997,14160
4379,John,Martinez,1982,15861
4380,Sarah,Miller,1991,10203
4381,Emily,Miller,1991,14456
4382,Michael,Williams,1970,10254
4383,Emily,Jones,1983,11889
4384,Olivia,Brown,1990,14383
4385,John,Williams,1987,13181
4386,Emma,Smith,1986,17366
4387,David,Miller,1995,15249
4388,Jane,Williams,1987,12144
4389,Emily,Miller,1998,16527
4390,David,Jones,1973,12572
4391,Sarah,Rodriguez,1978,12104
4392,John,Williams,1989,13361
4393,David,Rodriguez,1993,11789
4394,Olivia,Brown,1977,11217
4395,John,Martinez,1994,12284
4396,Jane,Martinez,1985,17744
4397,Sarah,Williams,1994,17678
4398,David,Miller,1972,12835
4399,Sarah,Davis,1994,16917
4400,Olivia,Jones,1980,19361
4401,James,Davis,1996,18785
4402,Emily,Williams,1996,13623
4403,John,Williams,1983,14653
4404,William,Martinez,1982,17683
4405,Emily,Brown,1988,10643
4406,Olivia,Smith,1982,19471
4407,David,Martinez,1991,15189
4408,William,Williams,1978,15436
4409,Sarah,Miller,1983,18747
4410,William,Smith,1988,12371
4411,William,Davis,1990,11112
4412,James,Martinez,1970,17693
4413,James,Brown,1986,10449
4414,Olivia,Garcia,1998,15630
4415,William,Brown,1985,19891
4416,Michael,Rodriguez,1979,19597
4417,William,Garcia,1970,19318
4418,David,Davis,1972,10175
4419,James,Jones,1987,14037
4420,Olivia,Martinez,1997,12606
4421,Olivia,Brown,1974,11869
4422,Jane,Davis,1983,18947
4423,John,Brown,1981,13504
4424,Olivia,Miller,1998,16673
4425,Michael,Garcia,1977,16903
4426,Emily,Smith,1991,15258
4427,Michael,Brown,1989,10238
4428,William,Smith,1970,10960
4429,John,Jones,1982,19025
4430,Olivia,Williams,1993,11958
4431,David,Jones,1993,11679
4432,James,Martinez,1987,16483
4433,Emily,Martinez,1999,10512
4434,David,Smith,1992,19987
4435,David,Jones,1975,10999
4436,Emily,Rodriguez,1976,14701
4437,John,Brown,1981,16332
4438,James,Miller,1997,14787
4439,Michael,Brown,1984,17078
4440,David,Garcia,1985,16579
4441,Emily,Johnson,1974,14731
4442,Emma,Smith,1976,15185
4443,Jane,Williams,1973,15998
4444,John,Rodriguez,1988,19570
4445,James,Jones,1990,10922
4446,Emma,Smith,1995,14734
4447,John,Martinez,1970,19095
4448,Olivia,Rodriguez,1994,17878
4449,Olivia,Davis,1987,12253
4450,John,Williams,1979,15121
4451,Sarah,Smith,1990,15930
4452,David,Davis,1986,11572
4453,Emma,Brown,1992,14705
4454,Michael,Williams,1970,10911
4455,Emma,Garcia,1982,10517
4456,Emma,Rodriguez,1997,10318
4457,Jane,Smith,1992,15234
4458,David,Martinez,1974,11320
4459,Michael,Davis,1993,12240
4460,David,Rodriguez,1985,12786
4461,Olivia,Garcia,1978,19867
4462,Olivia,Smith,1980,13054
4463,Sarah,Davis,1982,13793
4464,James,Johnson,1997,16706
4465,Sarah,Miller,1990,10703
4466,Emily,Rodriguez,1992,13702
4467,Olivia,Jones,1998,13487
4468,John,Martinez,2000,17385
4469,William,Martinez,1979,16074
4470,Emily,Martinez,1981,16051
4471,David,Rodriguez,1995,10541
4472,James,Williams,1989,14292
4473,Olivia,Garcia,1979,10769
4474,Michael,Johnson,1986,10040
4475,Olivia,Garcia,1994,18289
4476,Emily,Garcia,1991,12846
4477,William,Garcia,1978,15614
4478,Sarah,Davis,1990,10778
4479,David,Garcia,2000,16412
4480,William,Martinez,1985,18212
4481,David,Davis,1999,14445
4482,David,Miller,1995,19677
4483,Sarah,Williams,1976,11401
4484,David,Miller,1974,16113
4485,Jane,Garcia,1999,18379
4486,Michael,Brown,1976,14013
4487,James,Davis,1970,19761
4488,James,Williams,1998,16268
4489,Olivia,Williams,1984,13770
4490,Jane,Smith,1974,10335
4491,Olivia,Williams,1980,12067
4492,David,Williams,1985,12923
4493,Emma,Rodriguez,1970,13479
4494,Emma,Brown,2000,15395
4495,Sarah,Johnson,1998,14280
4496,William,Johnson,1996,16124
4497,Olivia,Brown,1971,17859
4498,Jane,Rodriguez,1975,14208
4499,Michael,Jones,1970,15311
4500,Jane,Rodriguez,1984,18025
4501,Michael,Martinez,1997,10015
4502,William,Garcia,1987,19972
4503,Sarah,Jones,1972,14406
4504,Sarah,Davis,1994,11194
4505,Jane,Brown,1980,16021
4506,David,Brown,1990,15401
4507,William,Jones,1997,14378
4508,William,Miller,2000,12148
4509,Emma,Jones,1982,19620
4510,Sarah,Martinez,1976,18220
4511,Emma,Rodriguez,1987,13310
4512,James,Smith,1972,13870
4513,James,Martinez,1970,11101
4514,Olivia,Brown,1988,11759
4515,Sarah,Davis,1972,14037
4516,Olivia,Davis,1993,11963
4517,Olivia,Brown,1981,16457
4518,Emma,Williams,1984,15854
4519,Emma,Davis,1995,10084
4520,Michael,Rodriguez,1987,11192
4521,Emma,Rodriguez,1978,11693
4522,David,Johnson,1975,11360
4523,Sarah,Jones,1975,11259
4524,James,Garcia,1985,10519
4525,Olivia,Brown,1999,12720
4526,Michael,Williams,1994,17026
4527,Emma,Smith,1986,14492
4528,William,Jones,1983,18035
4529,James,Smith,1992,12577
4530,Emma,Rodriguez,1994,13941
4531,Jane,Jones,1976,14424
4532,Jane,Williams,1974,18539
4533,Jane,Rodriguez,1978,17239
4534,William,Miller,1976,11298
4535,Emily,Johnson,1990,16499
4536,James,Davis,1999,11526
4537,Olivia,Johnson,1973,18455
4538,Emma,Smith,1992,15068
4539,Emily,Jones,1974,17058
4540,Olivia,Jones,1982,18202
4541,James,Jones,1981,14568
4542,Michael,Martinez,1998,14398
4543,James,Miller,1974,16762
4544,Jane,Jones,1987,11491
4545,Jane,Miller,2000,11283
4546,David,Jones,1974,15066
4547,William,Rodriguez,1979,15931
4548,John,Garcia,1971,14597
4549,William,Garcia,1974,11993
4550,Jane,Rodriguez,1982,10162
4551,William,Brown,1988,13667
4552,Olivia,Garcia,1995,17217
4553,Michael,Jones,1975,11824
4554,David,Jones,1993,18109
4555,John,Williams,1989,14990
4556,Sarah,Rodriguez,1970,15531
4557,Michael,Rodriguez,1987,19424
4558,Emma,Miller,1993,19541
4559,John,Martinez,1983,14644
4560,David,Johnson,1977,19870
4561,Olivia,Smith,1980,19230
4562,Michael,Williams,1971,10494
4563,Sarah,Johnson,1987,12912
4564,David,Martinez,1981,14899
4565,James,Williams,1998,14210
4566,Sarah,Rodriguez,1986,13122
4567,David,Miller,1984,18000
4568,Olivia,Smith,1983,18047
4569,James,Williams,1998,14271
4570,Emily,Williams,1988,15509
4571,David,Davis,1970,18286
4572,Olivia,Davis,1974,14428
4573,Sarah,Johnson,1982,13393
4574,Emma,Williams,1986,13970
4575,Emma,Miller,1991,19329
4576,Michael,Johnson,1977,17323
4577,William,Miller,1986,15256
4578,Jane,Rodriguez,2000,14294
4579,William,Davis,1970,11682
4580,Sarah,Jones,1981,14097
4581,David,Davis,1972,19770
4582,Sarah,Martinez,1974,15010
4583,David,Rodriguez,1984,19630
4584,William,Jones,1977,11901
4585,John,Johnson,1994,12201
4586,William,Garcia,1989,19391
4587,Jane,Johnson,1982,14898
4588,Olivia,Miller,1983,13860
4589,William,Williams,1975,13752
4590,Emma,Smith,1990,17343
4591,James,Martinez,1978,15188
4592,Emily,Johnson,1977,18711
4593,Sarah,Johnson,1988,16448
4594,William,Johnson,1988,16116
4595,William,Rodriguez,1987,13929
4596,Emily,Rodriguez,1983,15368
4597,Emma,Davis,1976,18742
4598,William,Rodriguez,1996,14591
4599,Michael,Garcia,1974,17129
4600,John,Miller,1973,12636
4601,Michael,Brown,1971,11349
4602,Emma,Smith,1986,16004
4603,Sarah,Johnson,2000,18524
4604,Michael,Jones,1999,11580
4605,Jane,Brown,1972,19166
4606,David,Brown,1987,10285
4607,John,Brown,1970,17337
4608,David,Smith,1976,19346
4609,Emma,Rodriguez,1974,19550
4610,Sarah,Martinez,1996,13396
4611,Emily,Smith,1977,18465
4612,James,Garcia,1980,10280
4613,David,Martinez,1987,13960
4614,Sarah,Rodriguez,1970,14624
4615,William,Brown,1991,10740
4616,David,Garcia,1983,14860
4617,John,Smith,1979,13968
4618,Jane,Brown,1993,10749
4619,William,Rodriguez,1989,15598
4620,William,Miller,1979,10150
4621,Emma,Davis,1989,11224
4622,Michael,Miller,1999,14361
4623,James,Jones,1998,18013
4624,Michael,Johnson,1984,14678
4625,Sarah,Garcia,1985,16154
4626,Emma,Smith,1983,15887
4627,John,Brown,1992,17604
4628,Emma,Smith,1975,18738
4629,John,Davis,1993,17180
4630,William,Miller,1974,18588
4631,Emily,Williams,1972,12399
4632,John,Garcia,1972,12280
4633,Emma,Rodriguez,1997,19356
4634,James,Smith,1973,11951
4635,Michael,Miller,1972,10522
4636,Emily,Brown,1991,13620
4637,Jane,Smith,1988,12680
4638,Emily,Williams,1977,14618
4639,John,Garcia,1994,15806
4640,Jane,Davis,1995,16089
4641,Jane,Johnson,1972,13887
4642,Michael,Davis,1998,14976
4643,William,Martinez,1979,11274
4644,Sarah,Davis,1992,10129
4645,David,Rodriguez,1996,16910
4646,William,Williams,1999,13610
4647,Emma,Williams,2000,18872
4648,David,Martinez,1988,17998
4649,Jane,Davis,1991,12410
4650,Emily,Jones,1971,12444
4651,Olivia,Jones,1977,19194
4652,Olivia,Martinez,1994,15210
4653,James,Johnson,1996,17792
4654,William,Martinez,1987,17858
4655,Michael,Miller,1996,12825
4656,David,Brown,1989,19826
4657,David,Rodriguez,1987,15791
4658,David,Jones,1971,16689
4659,Emma,Garcia,1996,15546
4660,Emma,Williams,1973,11953
4661,David,Williams,1986,11823
4662,David,Williams,1979,15855
4663,Sarah,Garcia,1970,15212
4664,James,Brown,1995,12806
4665,William,Johnson,1983,16120
4666,James,Smith,1982,15241
4667,Emma,Miller,1970,11103
4668,Emma,Miller,1992,12390
4669,Emily,Davis,1992,11735
4670,Michael,Garcia,1971,14922
4671,James,Rodriguez,1999,13230
4672,Emma,Garcia,1997,19192
4673,Emily,Williams,1999,18133
4674,Emily,Garcia,1975,19185
4675,Emma,Williams,1999,16681
4676,James,Garcia,1987,13996
4677,Emma,Martinez,1996,18545
4678,Sarah,Miller,2000,19523
4679,David,Williams,1988,19422
4680,James,Jones,1972,10926
4681,William,Williams,1970,17487
4682,Michael,Davis,1984,16135
4683,David,Garcia,1985,18848
4684,Olivia,Miller,1971,13092
4685,Emily,Brown,1983,10301
4686,Michael,Jones,1984,11570
4687,James,Rodriguez,1999,11517
4688,John,Jones,1988,12830
4689,James,Miller,1993,19548
4690,John,Williams,1990,10602
4691,Jane,Davis,1983,19663
4692,David,Smith,1996,19377
4693,Olivia,Miller,1993,14117
4694,Emma,Garcia,1994,15718
4695,Emily,Davis,1979,12246
4696,John,Miller,1971,16179
4697,Emma,Garcia,1988,17675
4698,James,Brown,1980,16582
4699,Jane,Davis,1995,15997
4700,Emma,Jones,1982,17625
4701,David,Miller,1996,17391
4702,Jane,Martinez,1996,11228
4703,Michael,Williams,1977,18923
4704,John,Davis,1993,14577
4705,Michael,Miller,1996,10548
4706,Jane,Williams,1977,13705
4707,John,Smith,1987,14131
4708,Emily,Brown,1972,18022
4709,David,Rodriguez,1971,15557
4710,David,Johnson,1977,13916
4711,William,Miller,1975,16750
4712,Emma,Davis,1982,15359
4713,William,Davis,1988,12253
4714,Emily,Smith,1994,10724
4715,Jane,Miller,1974,10508
4716,Olivia,Davis,1998,14713
4717,John,Johnson,1991,17645
4718,William,Miller,1973,14084
4719,Sarah,Garcia,1986,18090
4720,Michael,Jones,1971,12203
4721,Olivia,Johnson,1976,12291
4722,Emily,Garcia,1971,11045
4723,Sarah,Davis,1972,18941
4724,Olivia,Smith,1992,11315
4725,James,Brown,1998,18038
4726,Emily,Williams,1981,19547
4727,Jane,Jones,1991,16230
4728,John,Williams,1990,12839
4729,Olivia,Garcia,1984,12057
4730,John,Rodriguez,1992,13195
4731,Emily,Miller,1973,17263
4732,Olivia,Smith,1999,10687
4733,David,Smith,1971,10940
4734,William,Jones,1979,12021
4735,Michael,Jones,1991,10981
4736,John,Jones,1987,15001
4737,James,Williams,1993,15290
4738,David,Smith,1989,16216
4739,John,Smith,1971,18142
4740,Jane,Rodriguez,1975,16245
4741,William,Miller,1971,11550
4742,Olivia,Martinez,1972,18427
4743,Michael,Brown,1970,19266
4744,James,Smith,1985,13226
4745,Jane,Garcia,1992,19218
4746,Olivia,Garcia,1999,16636
4747,Olivia,Smith,1984,17604
4748,Jane,Williams,1980,14205
4749,John,Smith,1987,18979
4750,Olivia,Williams,1988,16733
4751,James,Smith,1978,15539
4752,James,Martinez,1977,16135
4753,William,Smith,2000,13933
4754,William,Rodriguez,1977,14326
4755,Olivia,Davis,1989,14121
4756,Sarah,Smith,1986,14437
4757,Sarah,Smith,1998,18244
4758,Jane,Davis,1984,18479
4759,Olivia,Brown,1998,19436
4760,James,Johnson,1995,10041
4761,James,Jones,1976,17054
4762,Michael,Brown,1988,15019
4763,Jane,Williams,1999,15496
4764,David,Brown,1989,18603
4765,Emma,Brown,1980,19879
4766,Michael,Williams,1984,12725
4767,Olivia,Smith,1980,19977
4768,Michael,Williams,1995,13873
4769,John,Martinez,1989,19590
4770,David,Brown,1976,13844
4771,Sarah,Garcia,1987,19240
4772,Olivia,Johnson,1990,14363
4773,Olivia,Davis,2000,15804
4774,James,Miller,1993,17765
4775,James,Smith,1970,19406
4776,Olivia,Martinez,1975,11689
4777,William,Williams,1971,19661
4778,John,Williams,1977,11708
4779,William,Brown,1979,18277
4780,Olivia,Williams,1980,18799
4781,Sarah,Davis,1977,15356
4782,Jane,Davis,1997,19048
4783,James,Martinez,1993,14834
4784,John,Davis,1989,16773
4785,Jane,Davis,1996,10627
4786,Emma,Rodriguez,1979,13064
4787,William,Jones,1979,13587
4788,Sarah,Miller,1976,14536
4789,Olivia,Jones,2000,15116
4790,Emma,Smith,1996,16653
4791,Olivia,Brown,1972,11178
4792,Michael,Miller,1987,14901
4793,Olivia,Smith,1983,12476
4794,Emma,Martinez,1972,13843
4795,Michael,Williams,1984,12835
4796,Jane,Martinez,1995,16424
4797,John,Rodriguez,1986,18815
4798,Emily,Smith,1975,19826
4799,James,Martinez,1982,15127
4800,Emily,Johnson,1987,11009
4801,Michael,Davis,1973,11815
4802,David,Jones,1974,15855
4803,Michael,Garcia,1983,11505
4804,Sarah,Martinez,1984,19718
4805,Michael,Davis,1997,10278
4806,James,Garcia,1976,14668
4807,Michael,Johnson,1993,16138
4808,Emily,Jones,1970,18479
4809,John,Miller,1972,17186
4810,Sarah,Williams,1995,11766
4811,John,Brown,1999,18824
4812,James,Jones,1976,16099
4813,Jane,Martinez,1977,14385
4814,James,Williams,1978,11866
4815,Emily,Johnson,1989,11822
4816,Sarah,Rodriguez,1975,18797
4817,Michael,Johnson,1990,16862
4818,James,Miller,1979,13458
4819,James,Brown,1985,18590
4820,Sarah,Garcia,1975,12567
4821,Olivia,Jones,1976,10197
4822,Sarah,Miller,1972,11439
4823,John,Rodriguez,1991,10000
4824,Emily,Martinez,1994,16198
4825,Michael,Davis,1979,14983
4826,Emily,Smith,1971,18976
4827,Jane,Garcia,1998,15655
4828,Olivia,Rodriguez,1983,17093
4829,Emily,Jones,1971,19908
4830,Jane,Rodriguez,1985,10110
4831,David,Brown,1991,14429
4832,Emma,Martinez,1997,12910
4833,Emily,Johnson,1991,10539
4834,Jane,Miller,1987,13038
4835,David,Rodriguez,1997,15986
4836,Michael,Garcia,1994,18976
4837,William,Brown,1980,10918
4838,Olivia,Johnson,1987,17607
4839,Jane,Smith,1974,19772
4840,Sarah,Johnson,1972,10666
4841,Sarah,Jones,1976,17576
4842,Emma,Martinez,1992,10133
4843,James,Miller,1987,18233
4844,David,Brown,1998,12366
4845,Emma,Rodriguez,1979,18852
4846,Sarah,Jones,1980,14401
4847,David,Brown,1982,11833
4848,Michael,Martinez,1996,12731
4849,Emily,Rodriguez,1971,13446
4850,Jane,Jones,1980,11873
4851,Olivia,Miller,1982,10407
4852,Jane,Rodriguez,1991,15001
4853,Emma,Davis,1988,14809
4854,Olivia,Brown,2000,12009
4855,David,Johnson,1991,18593
4856,William,Jones,1978,12001
4857,Olivia,Rodriguez,1977,18785
4858,Emma,Johnson,1972,10504
4859,Emma,Davis,1977,12882
4860,Olivia,Davis,1972,18057
4861,John,Martinez,1970,10078
4862,Emma,Davis,1979,13621
4863,Olivia,Rodriguez,1970,15434
4864,James,Williams,1982,17967
4865,Emily,Miller,1999,11332
4866,Emma,Williams,1979,13023
4867,Emma,Johnson,2000,14856
4868,William,Miller,1981,10958
4869,James,Williams,1992,15262
4870,James,Garcia,1975,13670
4871,Olivia,Jones,1990,11670
4872,Sarah,Rodriguez,1981,13584
4873,Emily,Miller,1997,13313
4874,Sarah,Brown,1991,16568
4875,Emily,Davis,1990,12729
4876,Olivia,Johnson,1989,18947
4877,Michael,Rodriguez,1992,19289
4878,Sarah,Williams,1975,15010
4879,James,Jones,1973,15027
4880,Sarah,Davis,1980,11957
4881,Jane,Williams,1981,15271
4882,John,Smith,1991,10880
4883,Emma,Rodriguez,1995,12971
4884,Sarah,Davis,1989,19873
4885,John,Rodriguez,1985,15066
4886,William,Johnson,1999,11253
4887,Michael,Williams,1998,16939
4888,William,Johnson,1988,11037
4889,Michael,Miller,1997,18205
4890,Olivia,Davis,1980,16515
4891,Michael,Williams,1971,19404
4892,Emma,Davis,1991,12858
4893,John,Smith,1970,10578
4894,Michael,Garcia,1976,18307
4895,Jane,Garcia,1987,15508
4896,James,Johnson,1984,13939
4897,Jane,Garcia,1996,16869
4898,James,Rodriguez,1984,13799
4899,Emily,Davis,1994,18979
4900,Olivia,Brown,2000,19483
4901,Jane,Miller,1983,15016
4902,Sarah,Johnson,1986,11660
4903,Olivia,Martinez,1982,13411
4904,Emily,Martinez,1976,16969
4905,John,Johnson,1997,15651
4906,James,Brown,1980,19773
4907,David,Williams,1985,14741
4908,Emily,Smith,1993,17766
4909,William,Jones,1975,15150
4910,Sarah,Davis,1987,10195
4911,Jane,Jones,1996,17573
4912,Emily,Miller,1978,14131
4913,Michael,Williams,1980,12738
4914,David,Brown,1976,19613
4915,James,Brown,1987,16887
4916,William,Martinez,1988,19677
4917,John,Garcia,1980,16646
4918,Sarah,Garcia,1971,16386
4919,James,Martinez,1991,11050
4920,Michael,Davis,1995,17865
4921,Emma,Rodriguez,1971,10027
4922,Sarah,Brown,1973,19712
4923,Emma,Jones,1971,14692
4924,Jane,Rodriguez,1998,12816
4925,Jane,Johnson,1979,10280
4926,John,Garcia,1983,16541
4927,John,Brown,1994,15131
4928,Jane,Miller,1996,16043
4929,Emily,Smith,1973,18930
4930,James,Miller,1992,10932
4931,Michael,Jones,1995,19751
4932,Michael,Rodriguez,1981,11341
4933,John,Williams,1987,10496
4934,Michael,Jones,1992,19051
4935,Michael,Garcia,1979,15399
4936,Emma,Brown,2000,17651
4937,Jane,Rodriguez,1983,12122
4938,John,Johnson,1978,19840
4939,Olivia,Miller,1973,14165
4940,John,Garcia,1976,17232
4941,John,Martinez,1998,12396
4942,Sarah,Rodriguez,1991,14643
4943,Jane,Garcia,1995,14967
4944,David,Smith,1972,15021
4945,David,Smith,1986,10723
4946,Emma,Williams,1974,12597
4947,John,Garcia,1989,13226
4948,John,Williams,1981,10690
4949,Olivia,Martinez,1989,11914
4950,John,Martinez,1982,15059
4951,Jane,Miller,1990,13730
4952,Sarah,Smith,1979,16230
4953,Jane,Williams,1991,10562
4954,Emma,Brown,1989,16758
4955,Michael,Davis,1972,12083
4956,Michael,Johnson,1986,19172
4957,John,Brown,2000,16666
4958,Emma,Smith,1973,17779
4959,William,Williams,1994,17584
4960,David,Jones,1992,10670
4961,William,Martinez,1978,16839
4962,Michael,Johnson,1979,17473
4963,Michael,Johnson,1991,17916
4964,Michael,Brown,1983,10469
4965,John,Brown,1979,17489
4966,Olivia,Brown,1983,18739
4967,Emily,Williams,1983,11827
4968,David,Jones,1986,14902
4969,Jane,Smith,1991,13442
4970,Sarah,Smith,1973,15233
4971,Michael,Smith,1976,10483
4972,John,Williams,1971,13642
4973,David,Brown,1996,19544
4974,Sarah,Miller,1977,16308
4975,Olivia,Johnson,1978,10602
4976,Sarah,Williams,1976,15939
4977,Olivia,Davis,1970,10851
4978,Emily,Miller,1998,11931
4979,James,Williams,1974,13725
4980,Olivia,Rodriguez,1997,10458
4981,Olivia,Martinez,1987,17206
4982,David,Rodriguez,1987,11487
4983,Olivia,Rodriguez,1998,11086
4984,Emily,Brown,1974,19087
4985,William,Davis,1998,14463
4986,Michael,Davis,1975,14248
4987,David,Garcia,1988,10956
4988,Emma,Jones,1989,16395
4989,James,Brown,1984,19028
4990,David,Miller,1977,15427
4991,William,Williams,1972,18383
4992,William,Brown,1984,13892
4993,Jane,Miller,1971,17017
4994,Olivia,Johnson,1981,18743
4995,Sarah,Davis,1975,10227
4996,David,Smith,1999,12210
4997,James,Martinez,1989,16685
4998,William,Smith,1974,13885
4999,Jane,Martinez,1988,13663
5000,William,Rodriguez,1993,11691
5001,Emily,Miller,1989,11423
5002,Michael,Smith,1973,16162
5003,Michael,Johnson,1988,11507
5004,John,Davis,1985,12022
5005,William,Miller,1984,16422
5006,James,Garcia,1985,12357
5007,William,Miller,1991,17827
5008,John,Jones,1988,13572
5009,Emily,Jones,1992,19250
5010,Michael,Brown,1980,13204
5011,Michael,Williams,1985,12134
5012,William,Martinez,1977,19640
5013,Michael,Johnson,1982,15129
5014,James,Jones,1976,11569
5015,John,Johnson,1976,11581
5016,James,Johnson,1988,11592
5017,David,Williams,1988,18324
5018,Emily,Rodriguez,1995,18680
5019,Jane,Garcia,1999,15796
5020,John,Smith,1980,16746
5021,Sarah,Johnson,1981,12275
5022,David,Rodriguez,1981,18504
5023,David,Brown,1988,16356
5024,Emma,Brown,1980,19997
5025,David,Martinez,1999,18827
5026,David,Davis,1977,19346
5027,John,Martinez,1973,14965
5028,Olivia,Williams,1971,13505
5029,Emma,Rodriguez,1976,10296
5030,Emma,Miller,1971,12790
5031,William,Johnson,1985,11359
5032,William,Davis,1988,18054
5033,William,Rodriguez,1983,18569
5034,James,Davis,1974,12167
5035,David,Brown,1994,12302
5036,Emma,Miller,1991,14554
5037,Jane,Rodriguez,1988,16799
5038,Jane,Davis,1973,15840
5039,John,Johnson,1988,12147
5040,Emma,Johnson,1988,15165
5041,Sarah,Rodriguez,1994,13555
5042,Emily,Williams,1972,17256
5043,William,Brown,1974,15934
5044,Emma,Martinez,1991,12331
5045,Olivia,Miller,1991,18825
5046,Sarah,Johnson,1970,18015
5047,Sarah,Jones,1995,11104
5048,William,Miller,1996,18898
5049,David,Miller,1994,18334
5050,Olivia,Martinez,1970,14725
5051,Emily,Martinez,1989,14157
5052,Emma,Rodriguez,1981,10893
5053,Emma,Martinez,1971,14138
5054,James,Martinez,1970,15652
5055,William,Smith,1975,13743
5056,David,Miller,1979,12451
5057,David,Smith,1984,16174
5058,Jane,Johnson,1999,11407
5059,Emma,Martinez,1983,15264
5060,Jane,Jones,1986,16296
5061,Michael,Brown,1987,17557
5062,Olivia,Garcia,1993,16809
5063,David,Williams,2000,11377
5064,John,Garcia,1986,10979
5065,William,Smith,1989,14864
5066,David,Miller,1981,17894
5067,Michael,Garcia,1975,16381
5068,Michael,Rodriguez,1976,10034
5069,Olivia,Garcia,1976,12235
5070,Michael,Miller,1970,11738
5071,John,Brown,1999,10994
5072,William,Rodriguez,1985,17769
5073,Olivia,Rodriguez,1993,13381
5074,Emma,Garcia,1981,19292
5075,David,Johnson,1983,16086
5076,Emma,Williams,1992,10597
5077,James,Williams,1976,14032
5078,James,Martinez,1973,11775
5079,William,Smith,1971,10315
5080,John,Williams,1986,15312
5081,David,Garcia,1972,10744
5082,Michael,Smith,1996,10217
5083,Michael,Rodriguez,1976,15622
5084,Emily,Jones,1971,17526
5085,Emma,Davis,1987,13276
5086,David,Brown,1987,18460
5087,David,Jones,1987,10759
5088,William,Smith,1998,19204
5089,Emma,Martinez,1997,13944
5090,Olivia,Miller,1979,13213
5091,Michael,Williams,1990,19624
5092,Michael,Miller,1990,11177
5093,Michael,Smith,1989,14073
5094,Sarah,Miller,1991,15100
5095,Sarah,Rodriguez,1976,10468
5096,Jane,Davis,1988,14251
5097,Olivia,Smith,1985,12268
5098,Michael,Jones,1996,15257
5099,John,Williams,1976,14920
5100,Olivia,Martinez,1972,18677
5101,Jane,Brown,1996,10070
5102,Olivia,Garcia,1982,16101
5103,Emily,Martinez,1991,10161
5104,Olivia,Jones,1996,15502
5105,Jane,Rodriguez,1983,12150
5106,Sarah,Jones,1978,12429
5107,William,Jones,1984,18595
5108,David,Johnson,1978,18056
5109,William,Martinez,1998,13812
5110,William,Williams,1973,13742
5111,Jane,Johnson,1985,13333
5112,James,Rodriguez,1974,17350
5113,William,Martinez,1999,14463
5114,Emma,Martinez,1978,13846
5115,David,Williams,1996,11486
5116,Michael,Rodriguez,1988,11334
5117,John,Davis,1973,16005
5118,Michael,Jones,1999,10922
5119,Emma,Garcia,1991,14985
5120,William,Brown,1978,14596
5121,Michael,Williams,1990,13527
5122,Sarah,Johnson,1988,13570
5123,Emily,Brown,1992,16452
5124,James,Williams,1975,15845
5125,Emma,Davis,1981,15922
5126,Sarah,Williams,1991,16192
5127,Olivia,Rodriguez,1973,12231
5128,Jane,Smith,1993,15716
5129,David,Garcia,1975,13297
5130,Olivia,Jones,1976,15168
5131,Michael,Brown,1989,15193
5132,David,Smith,1993,16796
5133,Emma,Williams,1978,12652
5134,Emily,Rodriguez,1988,10157
5135,Michael,Jones,1989,10648
5136,William,Williams,1986,12526
5137,Jane,Smith,1970,14918
5138,Jane,Brown,1977,15530
5139,William,Davis,1982,16106
5140,William,Brown,1987,12551
5141,Sarah,Davis,1997,10071
5142,Jane,Martinez,1981,10243
5143,James,Williams,1994,18510
5144,James,Brown,1970,11453
5145,Emily,Johnson,1973,16372
5146,James,Smith,1991,16959
5147,James,Rodriguez,1987,19337
5148,William,Garcia,1988,13386
5149,William,Williams,1972,10794
5150,Michael,Davis,1987,11321
5151,Jane,Miller,1970,17598
5152,Emma,Jones,1977,14694
5153,Sarah,Johnson,1975,14907
5154,Jane,Johnson,1981,18712
5155,William,Miller,1985,10537
5156,Emily,Smith,1973,15829
5157,David,Jones,1998,17370
5158,Michael,Garcia,1971,17548
5159,Jane,Smith,1970,16246
5160,John,Johnson,1993,18638
5161,William,Williams,1981,11843
5162,William,Martinez,1975,12408
5163,Sarah,Brown,1970,10746
5164,David,Garcia,1986,17607
5165,Sarah,Williams,1978,10822
5166,James,Garcia,1982,16114
5167,Emma,Davis,1987,10677
5168,Olivia,Garcia,1974,18772
5169,Jane,Martinez,1987,14126
5170,Emma,Martinez,1992,11617
5171,Emily,Garcia,1991,18256
5172,Sarah,Davis,1989,19886
5173,John,Rodriguez,1982,12283
5174,Michael,Smith,1998,17973
5175,Olivia,Martinez,1986,13191
5176,Emma,Johnson,1986,11118
5177,Jane,Rodriguez,1981,14739
5178,Emily,Johnson,1981,18595
5179,William,Brown,1970,10184
5180,David,Martinez,1988,12159
5181,John,Garcia,1976,11363
5182,Emma,Jones,1979,17027
5183,John,Martinez,1979,16612
5184,Jane,Rodriguez,1984,10461
5185,John,Garcia,1977,19931
5186,Olivia,Miller,1972,12257
5187,Jane,Rodriguez,1996,16250
5188,Olivia,Miller,1988,16526
5189,Emily,Brown,1985,17885
5190,Emma,Garcia,1993,19950
5191,Jane,Davis,1973,13479
5192,Emily,Davis,1984,13542
5193,Emma,Martinez,1972,10557
5194,Jane,Rodriguez,1999,12516
5195,Sarah,Johnson,1999,14877
5196,Jane,Smith,1977,12748
5197,Jane,Davis,2000,19633
5198,John,Davis,1974,15695
5199,Jane,Rodriguez,1982,14266
5200,David,Garcia,1995,12463
5201,James,Johnson,1970,17419
5202,Olivia,Johnson,1987,17120
5203,Sarah,Williams,1980,14733
5204,Sarah,Williams,1982,19342
5205,John,Williams,1973,17138
5206,Sarah,Brown,1987,18487
5207,John,Williams,1985,18797
5208,David,Garcia,1970,12354
5209,John,Martinez,1975,10907
5210,James,Williams,1972,15580
5211,James,Smith,1982,18711
5212,Emily,Johnson,1975,16968
5213,John,Jones,1998,19160
5214,Jane,Davis,1996,12026
5215,Olivia,Martinez,1972,14787
5216,John,Smith,1970,11503
5217,Emma,Brown,1985,13066
5218,Jane,Williams,1997,12126
5219,James,Garcia,1972,12117
5220,Emma,Rodriguez,1992,11627
5221,David,Smith,1979,11806
5222,John,Johnson,1984,19683
5223,William,Brown,1975,18509
5224,Emma,Johnson,1989,17373
5225,Emma,Garcia,1991,17898
5226,Emily,Brown,1987,12243
5227,Emma,Smith,1971,16794
5228,James,Miller,1988,16673
5229,William,Davis,1973,11494
5230,John,Rodriguez,1975,10853
5231,Sarah,Williams,1972,14789
5232,Michael,Miller,1995,14084
5233,Emma,Garcia,1980,11693
5234,Jane,Jones,1991,10241
5235,Sarah,Davis,1996,13345
5236,Emma,Rodriguez,1994,17322
5237,William,Garcia,1998,10133
5238,Sarah,Smith,1980,18767
5239,Sarah,Davis,1971,10079
5240,David,Miller,1986,19883
5241,James,Johnson,1972,19445
5242,John,Miller,1977,13601
5243,Sarah,Jones,1970,11704
5244,Jane,Jones,1995,13262
5245,Emma,Smith,1981,13527
5246,Jane,Jones,1999,11073
5247,Sarah,Garcia,1995,10193
5248,Emily,Garcia,2000,10324
5249,John,Miller,1982,19007
5250,James,Smith,1990,19037
5251,James,Davis,1985,18081
5252,Sarah,Smith,1994,15762
5253,Sarah,Smith,1996,19467
5254,Michael,Rodriguez,1991,12911
5255,David,Martinez,1994,11517
5256,James,Miller,1989,19822
5257,John,Miller,1978,17176
5258,John,Miller,1981,12242
5259,Michael,Garcia,1970,12339
5260,William,Williams,1996,19619
5261,William,Brown,1973,19236
5262,Olivia,Rodriguez,1996,11308
5263,Emily,Williams,1976,15017
5264,Sarah,Johnson,1994,12253
5265,Sarah,Rodriguez,1982,17513
5266,Jane,Brown,1999,13373
5267,Olivia,Williams,1986,15848
5268,John,Garcia,1989,11579
5269,William,Garcia,1980,13624
5270,Jane,Williams,1993,12120
5271,John,Rodriguez,1989,19171
5272,Emma,Rodriguez,1978,10372
5273,James,Miller,1985,17117
5274,David,Rodriguez,1994,12563
5275,David,Jones,2000,18825
5276,James,Miller,1994,10281
5277,Emma,Rodriguez,1976,10929
5278,John,Garcia,1998,13077
5279,Jane,Davis,1983,19583
5280,Sarah,Johnson,1987,17278
5281,Sarah,Miller,1986,10871
5282,John,Rodriguez,1973,19443
5283,William,Smith,1975,11580
5284,James,Jones,1998,13931
5285,John,Jones,1999,10309
5286,William,Miller,1986,12739
5287,Olivia,Rodriguez,1983,19918
5288,Sarah,Smith,1978,18164
5289,Michael,Davis,1998,10329
5290,Michael,Johnson,1975,12161
5291,Sarah,Garcia,1982,14371
5292,James,Jones,1980,16829
5293,John,Garcia,1993,13555
5294,William,Davis,1977,12548
5295,Jane,Jones,1993,14857
5296,Michael,Martinez,1998,14907
5297,William,Miller,2000,18955
5298,William,Jones,1994,10226
5299,David,Martinez,1976,15583
5300,John,Smith,1997,10626
5301,Emily,Davis,1978,16407
5302,David,Rodriguez,1999,17386
5303,Jane,Smith,1992,13584
5304,Michael,Martinez,1982,19823
5305,Emma,Smith,1990,19740
5306,Sarah,Martinez,1974,16625
5307,John,Smith,1974,11332
5308,Emily,Smith,1995,18132
5309,David,Davis,1975,10711
5310,John,Miller,1970,16293
5311,Emma,Jones,1972,11362
5312,Olivia,Martinez,1998,17270
5313,Michael,Davis,1998,19397
5314,John,Martinez,1993,19932
5315,Michael,Brown,1975,16870
5316,James,Smith,1981,12493
5317,James,Smith,1999,19770
5318,James,Smith,1996,16017
5319,David,Johnson,2000,12598
5320,Olivia,Martinez,1993,10948
5321,John,Rodriguez,1989,19332
5322,Michael,Miller,1974,15235
5323,Olivia,Johnson,1972,18224
5324,Sarah,Jones,1985,12147
5325,Emily,Smith,1977,13646
5326,Sarah,Williams,1970,17416
5327,Sarah,Brown,1984,11782
5328,Olivia,Smith,1991,14923
5329,Emma,Williams,1974,16559
5330,William,Williams,1989,12944
5331,William,Williams,1976,17556
5332,David,Miller,1993,16242
5333,John,Garcia,1973,10101
5334,Olivia,Brown,1996,16672
5335,Emma,Miller,1977,17652
5336,John,Rodriguez,1988,14812
5337,Michael,Martinez,1975,13314
5338,Jane,Johnson,1980,15989
5339,James,Davis,1970,18946
5340,Sarah,Johnson,2000,19732
5341,Olivia,Brown,1974,10195
5342,Emma,Jones,1978,13105
5343,Emma,Brown,1995,18491
5344,William,Brown,1974,14596
5345,William,Rodriguez,1992,18035
5346,Emma,Davis,1972,13463
5347,Jane,Miller,1972,17424
5348,James,Johnson,1992,18716
5349,Michael,Miller,1976,12161
5350,David,Johnson,1980,16803
5351,Emily,Martinez,1977,15568
5352,Olivia,Davis,1991,16091
5353,John,Brown,1971,17285
5354,James,Garcia,1970,17317
5355,David,Martinez,1986,11764
5356,James,Smith,1997,15223
5357,John,Jones,1987,15168
5358,Sarah,Miller,2000,18634
5359,Sarah,Williams,1978,12312
5360,Emma,Miller,1992,10156
5361,David,Garcia,1998,11836
5362,David,Davis,1972,11270
5363,Olivia,Martinez,1983,16057
5364,David,Miller,1974,10021
5365,Olivia,Jones,1993,12589
5366,Jane,Davis,1994,15211
5367,Emily,Brown,1999,10969
5368,John,Jones,1982,16732
5369,Michael,Rodriguez,1987,11820
5370,Emily,Rodriguez,1990,19858
5371,John,Rodriguez,1991,16219
5372,Sarah,Davis,1997,13417
5373,Jane,Johnson,1991,14683
5374,David,Brown,1977,14306
5375,William,Rodriguez,1972,13640
5376,Emily,Johnson,1979,16814
5377,Michael,Smith,1990,18714
5378,Michael,Miller,1995,17313
5379,James,Brown,1989,15373
5380,Michael,Davis,1991,17363
5381,Olivia,Martinez,1992,17940
5382,Michael,Jones,1997,17696
5383,Emily,Martinez,1981,10310
5384,Sarah,Jones,1970,15240
5385,David,Smith,1976,14470
5386,Olivia,Jones,1986,17183
5387,John,Williams,1986,15943
5388,Emma,Garcia,1981,10948
5389,Emma,Jones,1992,15753
5390,Sarah,Johnson,1980,15077
5391,Emily,Smith,1976,10380
5392,David,Brown,1983,17193
5393,Michael,Martinez,1974,18384
5394,John,Johnson,1994,15908
5395,Jane,Smith,1980,11608
5396,Olivia,Johnson,1973,18601
5397,Sarah,Brown,1970,17703
5398,Emily,Williams,2000,11859
5399,Jane,Garcia,1986,14512
5400,Jane,Garcia,1983,17646
5401,Jane,Martinez,1987,15165
5402,Sarah,Williams,1977,17625
5403,James,Garcia,1974,18947
5404,John,Martinez,1980,12558
5405,Michael,Garcia,1974,15333
5406,John,Garcia,1971,15174
5407,Olivia,Williams,1976,10246
5408,Jane,Smith,1982,10031
5409,Emily,Brown,1979,12860
5410,Emma,Jones,1974,19085
5411,James,Davis,1977,13131
5412,Olivia,Johnson,1998,19169
5413,Olivia,Johnson,1974,16935
5414,John,Davis,1997,10575
5415,Emma,Martinez,1995,11454
5416,David,Smith,1972,11095
5417,Michael,Jones,1976,18028
5418,Emily,Rodriguez,1974,14157
5419,James,Brown,1998,10143
5420,Emma,Williams,1976,18476
5421,Jane,Rodriguez,1976,10479
5422,Jane,Williams,1983,17845
5423,Michael,Williams,1971,15204
5424,Sarah,Miller,1970,14091
5425,Michael,Rodriguez,1997,12146
5426,Sarah,Johnson,1979,15960
5427,Olivia,Martinez,1998,18150
5428,Emma,Martinez,1990,10329
5429,John,Martinez,1991,19451
5430,William,Miller,1987,17353
5431,Emily,Martinez,1979,10145
5432,Sarah,Johnson,1996,15859
5433,Olivia,Smith,1974,19746
5434,James,Miller,1983,16930
5435,William,Rodriguez,1985,11813
5436,James,Martinez,1987,15804
5437,James,Rodriguez,1983,14758
5438,James,Brown,1976,18814
5439,James,Brown,1971,10130
5440,Michael,Johnson,1975,12979
5441,Michael,Garcia,1998,19826
5442,Olivia,Garcia,1990,10948
5443,Olivia,Miller,1992,10107
5444,Olivia,Miller,1983,12622
5445,Sarah,Smith,1970,18416
5446,James,Martinez,1974,10428
5447,James,Johnson,1976,17900
5448,John,Jones,1977,17064
5449,Emma,Johnson,1973,14108
5450,Michael,Williams,1994,19769
5451,Jane,Brown,1982,13102
5452,Emily,Brown,1983,13170
5453,Emily,Garcia,1978,16251
5454,Sarah,Rodriguez,1983,11067
5455,Emma,Miller,1977,14037
5456,Michael,Brown,2000,19726
5457,David,Jones,1979,13754
5458,Olivia,Rodriguez,1999,16429
5459,Jane,Rodriguez,1980,17882
5460,William,Rodriguez,1977,15476
5461,David,Johnson,1992,10878
5462,Jane,Miller,1988,13378
5463,Olivia,Martinez,1997,16162
5464,Michael,Brown,1970,11477
5465,Sarah,Williams,1997,10489
5466,Jane,Williams,1972,19507
5467,Sarah,Jones,1971,16590
5468,James,Jones,1971,16151
5469,William,Rodriguez,1997,18596
5470,David,Smith,1986,17349
5471,Sarah,Miller,2000,18175
5472,James,Williams,1985,18178
5473,Emily,Rodriguez,1984,13804
5474,James,Williams,1992,15380
5475,Jane,Miller,1981,15686
5476,Emily,Smith,1985,15493
5477,David,Miller,1990,18338
5478,Olivia,Williams,1983,12618
5479,John,Brown,1990,14499
5480,Jane,Johnson,1989,16690
5481,Emily,Jones,1971,10858
5482,Olivia,Williams,1987,18742
5483,James,Smith,1971,18773
5484,Olivia,Martinez,1982,12422
5485,Sarah,Johnson,1988,18733
5486,Olivia,Smith,1984,12402
5487,Emma,Smith,1980,15372
5488,William,Davis,1981,10339
5489,William,Garcia,1978,11979
5490,Sarah,Miller,1983,11310
5491,Jane,Williams,2000,12774
5492,Michael,Brown,1973,17853
5493,Michael,Jones,1996,18579
5494,Emily,Rodriguez,1971,18999
5495,James,Johnson,1984,10435
5496,James,Miller,1971,11103
5497,Emily,Rodriguez,1989,13478
5498,Sarah,Martinez,1992,19345
5499,William,Johnson,1991,17330
5500,John,Smith,2000,19881
5501,John,Rodriguez,1999,18410
5502,Olivia,Martinez,1992,10539
5503,Sarah,Brown,1974,16879
5504,William,Davis,1974,11472
5505,Sarah,Rodriguez,1981,15382
5506,Emily,Miller,1970,16521
5507,Sarah,Jones,1985,17661
5508,Emily,Miller,1994,12097
5509,John,Rodriguez,1985,15175
5510,Emma,Garcia,1977,13251
5511,Emma,Garcia,1990,18484
5512,Emma,Miller,1971,11437
5513,William,Smith,1983,18531
5514,David,Williams,1984,18771
5515,Emily,Williams,1993,16379
5516,Olivia,Jones,1981,14183
5517,Michael,Garcia,1987,19470
5518,Sarah,Williams,1970,16046
5519,John,Johnson,1990,13646
5520,John,Garcia,1997,13435
5521,William,Jones,1989,12545
5522,Michael,Williams,1972,11069
5523,Olivia,Johnson,1996,19455
5524,Emily,Davis,1992,17729
5525,William,Jones,1970,10365
5526,Sarah,Williams,1983,18808
5527,Olivia,Rodriguez,1974,11660
5528,Emily,Brown,1972,10757
5529,William,Rodriguez,1983,19065
5530,James,Williams,1977,13062
5531,William,Smith,1996,19326
5532,Olivia,Williams,1982,16541
5533,David,Brown,1980,14400
5534,Emily,Brown,1992,12998
5535,John,Martinez,1982,14057
5536,Jane,Rodriguez,1972,16343
5537,Sarah,Johnson,1979,12798
5538,John,Jones,1975,14350
5539,Emma,Brown,1976,14180
5540,Olivia,Martinez,1970,18446
5541,Sarah,Miller,1978,19199
5542,Emma,Jones,1972,14939
5543,John,Garcia,1994,10010
5544,Jane,Smith,1976,14033
5545,Sarah,Smith,1972,15342
5546,Sarah,Martinez,1982,14397
5547,William,Davis,1973,19165
5548,Sarah,Garcia,1976,17779
5549,Olivia,Rodriguez,1994,14736
5550,Emma,Davis,1993,10087
5551,Emily,Williams,1990,15850
5552,Emily,Rodriguez,1991,18050
5553,Michael,Miller,1971,11821
5554,Sarah,Davis,2000,19748
5555,Jane,Rodriguez,1971,10355
5556,Michael,Davis,1972,13003
5557,Emily,Johnson,1983,14927
5558,Jane,Johnson,2000,15366
5559,Michael,Martinez,1998,14738
5560,Michael,Williams,1970,17873
5561,James,Garcia,1992,10984
5562,Michael,Brown,1995,17999
5563,David,Jones,1971,14719
5564,Michael,Jones,1994,19502
5565,William,Williams,1986,18668
5566,Olivia,Miller,2000,12891
5567,John,Davis,1996,13513
5568,Olivia,Garcia,1971,17178
5569,Michael,Jones,1982,10646
5570,Jane,Williams,1983,12499
5571,David,Rodriguez,1986,17373
5572,James,Williams,1999,10030
5573,John,Miller,1989,11817
5574,Michael,Brown,1987,16165
5575,Jane,Williams,1996,11114
5576,Jane,Davis,1980,14240
5577,James,Miller,1974,14295
5578,Jane,Martinez,1987,14206
5579,John,Davis,1974,11215
5580,Olivia,Rodriguez,1998,15614
5581,Sarah,Garcia,1998,10054
5582,Jane,Williams,1988,17657
5583,Sarah,Garcia,1992,18270
5584,Jane,Williams,1982,11623
5585,Sarah,Garcia,1990,14767
5586,James,Garcia,1980,10730
5587,William,Garcia,1976,14425
5588,John,Jones,1978,15283
5589,David,Williams,1992,15866
5590,Jane,Garcia,1983,10709
5591,William,Davis,1992,13401
5592,Jane,Davis,1979,15945
5593,Olivia,Martinez,1991,14726
5594,Sarah,Miller,1987,10505
5595,David,Jones,1972,13715
5596,Emma,Miller,1996,17277
5597,Sarah,Williams,1979,17921
5598,John,Martinez,1981,18341
5599,William,Jones,1989,16727
5600,David,Martinez,1970,16649
5601,James,Garcia,1987,19296
5602,Sarah,Williams,1982,11695
5603,David,Miller,1994,18473
5604,Michael,Williams,1996,12825
5605,David,Miller,1981,19832
5606,Sarah,Davis,1989,10691
5607,John,Jones,1980,13553
5608,Emily,Smith,1983,10627
5609,James,Smith,1977,14869
5610,Emily,Williams,1973,19556
5611,Emily,Johnson,1989,10352
5612,Sarah,Jones,1985,15369
5613,James,Davis,1987,14364
5614,John,Brown,1970,15822
5615,John,Jones,1976,10890
5616,James,Jones,1981,17385
5617,Sarah,Davis,1981,12126
5618,Jane,Garcia,1971,18729
5619,David,Martinez,1974,19484
5620,William,Martinez,1998,13399
5621,Emma,Jones,1977,12467
5622,James,Davis,1984,16613
5623,Sarah,Rodriguez,1989,14979
5624,James,Martinez,1984,14440
5625,David,Brown,1985,15841
5626,John,Smith,1974,12235
5627,James,Garcia,1993,11610
5628,David,Davis,1991,12582
5629,Michael,Davis,1992,19245
5630,Jane,Jones,1985,13086
5631,Michael,Garcia,1973,15794
5632,Emma,Davis,1998,18504
5633,David,Johnson,1970,14833
5634,William,Davis,1973,16598
5635,David,Johnson,1978,19503
5636,William,Williams,1970,12171
5637,David,Davis,1986,17014
5638,Emma,Miller,1988,10887
5639,John,Jones,1994,14605
5640,Emily,Martinez,1979,14288
5641,John,Martinez,1973,14199
5642,David,Rodriguez,1984,17940
5643,Olivia,Williams,1982,17938
5644,John,Rodriguez,1975,14940
5645,James,Brown,1980,12482
5646,John,Brown,1988,19672
5647,Olivia,Johnson,1995,16713
5648,Sarah,Williams,1978,11109
5649,Emily,Rodriguez,1990,11187
5650,William,Martinez,1998,16005
5651,John,Jones,2000,14258
5652,Jane,Davis,1987,10685
5653,Sarah,Martinez,1974,19762
5654,Emily,Rodriguez,1971,12779
5655,James,Jones,1974,14195
5656,Sarah,Smith,1970,17135
5657,John,Miller,1994,14278
5658,Emily,Williams,1992,18912
5659,John,Miller,1990,19348
5660,James,Martinez,1980,16509
5661,Emma,Rodriguez,1982,14467
5662,Jane,Smith,1990,12002
5663,Emily,Williams,1970,11844
5664,James,Davis,1998,11749
5665,Sarah,Williams,1972,17288
5666,William,Smith,1975,11900
5667,William,Martinez,1997,19272
5668,Emily,Davis,1972,10829
5669,Emma,Williams,1980,17778
5670,William,Miller,1991,12029
5671,David,Miller,1983,13775
5672,Sarah,Johnson,1982,15532
5673,Emily,Brown,1988,18123
5674,James,Williams,1996,15826
5675,John,Miller,1991,11579
5676,Michael,Davis,1985,16265
5677,Emily,Miller,1970,17095
5678,Emily,Davis,1986,18112
5679,James,Davis,1985,16570
5680,Jane,Garcia,1983,16944
5681,Jane,Williams,1979,13358
5682,John,Jones,1973,14064
5683,William,Martinez,1978,19528
5684,Olivia,Miller,1989,14515
5685,James,Johnson,1984,14900
5686,John,Miller,1983,19862
5687,Jane,Brown,1986,12915
5688,Olivia,Jones,1984,15917
5689,Olivia,Brown,1972,16543
5690,James,Williams,1983,12080
5691,John,Davis,1990,16606
5692,John,Williams,1989,16082
5693,Emily,Smith,1995,19760
5694,David,Garcia,1999,15205
5695,Jane,Martinez,1985,17705
5696,Michael,Miller,1994,13287
5697,Emily,Davis,1988,19839
5698,Emily,Davis,1984,15817
5699,Emily,Williams,1978,15080
5700,Olivia,Jones,1981,11333
5701,James,Williams,1973,19881
5702,Emily,Jones,1972,11889
5703,Sarah,Martinez,1985,19293
5704,Sarah,Johnson,1975,17375
5705,John,Miller,1998,13901
5706,Michael,Martinez,1995,19276
5707,Emily,Garcia,1983,19652
5708,Emma,Brown,1998,11140
5709,David,Williams,1974,19110
5710,William,Brown,1991,18451
5711,William,Jones,1993,12762
5712,Michael,Brown,1979,11839
5713,Emma,Miller,1978,12067
5714,John,Smith,1976,13499
5715,Jane,Rodriguez,1982,17932
5716,Emily,Smith,1978,15457
5717,Emma,Rodriguez,1972,16714
5718,Emily,Davis,2000,17166
5719,Michael,Jones,1979,15282
5720,Sarah,Jones,1973,16915
5721,Emily,Smith,1993,12028
5722,Emily,Brown,1976,11406
5723,Jane,Miller,1972,11862
5724,Sarah,Jones,1986,19015
5725,Michael,Rodriguez,1973,11413
5726,James,Johnson,1986,17570
5727,William,Davis,1996,17321
5728,Sarah,Williams,1981,11140
5729,John,Williams,1993,13568
5730,Olivia,Jones,1975,15585
5731,William,Garcia,1989,18879
5732,Olivia,Jones,1981,16984
5733,Michael,Davis,1986,12645
5734,James,Johnson,1978,19805
5735,Michael,Brown,1981,13797
5736,Jane,Johnson,1973,11092
5737,David,Johnson,1987,15153
5738,Olivia,Martinez,1977,14616
5739,Olivia,Martinez,1995,10809
5740,John,Davis,1972,11033
5741,Emily,Davis,1971,16031
5742,Olivia,Miller,1981,16531
5743,John,Johnson,1985,11917
5744,David,Rodriguez,1975,18859
5745,Michael,Martinez,1979,13947
5746,Emily,Davis,1993,15063
5747,James,Miller,1989,17592
5748,Emma,Williams,1974,16689
5749,Michael,Martinez,1990,19060
5750,James,Martinez,1972,10633
5751,Jane,Garcia,1978,13122
5752,John,Johnson,1977,18851
5753,William,Williams,1998,10417
5754,Sarah,Martinez,1997,10444
5755,William,Miller,1987,14018
5756,John,Garcia,1985,10454
5757,James,Jones,1988,16577
5758,Olivia,Johnson,1972,17647
5759,Michael,Williams,1976,19554
5760,John,Jones,1970,16056
5761,Emma,Johnson,1973,12890
5762,Emily,Jones,2000,11674
5763,William,Jones,1973,14008
5764,Jane,Brown,1986,10851
5765,William,Williams,1995,17296
5766,Emma,Johnson,2000,19093
5767,Jane,Johnson,1991,16088
5768,Emma,Brown,1996,11525
5769,James,Martinez,1977,19806
5770,John,Williams,1976,11031
5771,Emma,Jones,1978,19219
5772,Michael,Miller,1970,16135
5773,Emma,Miller,1995,12726
5774,Emily,Martinez,1987,12284
5775,Emma,Martinez,1997,19036
5776,Sarah,Jones,1994,16460
5777,Michael,Brown,1994,12918
5778,David,Smith,1990,19457
5779,Emma,Brown,1983,15769
5780,Olivia,Rodriguez,1976,14367
5781,Michael,Williams,1986,14567
5782,Olivia,Martinez,1984,14845
5783,Michael,Martinez,1997,13490
5784,Olivia,Brown,1984,17883
5785,John,Rodriguez,1978,18004
5786,Jane,Brown,1978,14628
5787,Emily,Davis,1995,12460
5788,Jane,Smith,1989,19703
5789,John,Smith,2000,18608
5790,John,Rodriguez,1996,17323
5791,Emily,Davis,1994,16231
5792,William,Davis,1983,17149
5793,Michael,Davis,1990,18886
5794,David,Brown,1997,19853
5795,James,Garcia,1998,19500
5796,John,Johnson,1974,15955
5797,Emma,Garcia,1970,10033
5798,William,Johnson,1976,12929
5799,David,Smith,1972,18241
5800,William,Williams,1970,10206
5801,John,Martinez,1992,15866
5802,William,Jones,1991,11353
5803,William,Martinez,1973,11506
5804,Jane,Rodriguez,1995,11751
5805,Sarah,Garcia,1998,14626
5806,Michael,Davis,2000,16188
5807,Emily,Martinez,1999,15375
5808,Michael,Davis,1992,17778
5809,William,Davis,1970,14546
5810,Olivia,Brown,1982,16664
5811,Sarah,Williams,1976,12635
5812,Emma,Davis,1975,19421
5813,Sarah,Brown,1987,17463
5814,William,Miller,1978,13923
5815,Jane,Williams,1989,17868
5816,James,Brown,1996,19383
5817,James,Davis,1970,11633
5818,William,Williams,1980,10176
5819,David,Williams,1971,16313
5820,James,Garcia,1984,18302
5821,Michael,Garcia,1985,19724
5822,David,Williams,1992,18332
5823,Sarah,Smith,1979,14077
5824,David,Miller,1972,14004
5825,William,Martinez,1997,13497
5826,John,Miller,1977,10500
5827,Michael,Rodriguez,1988,16583
5828,Emma,Jones,1985,18918
5829,David,Williams,1989,10987
5830,James,Rodriguez,1993,18591
5831,Jane,Garcia,1989,16337
5832,Emily,Johnson,1976,18697
5833,David,Miller,1981,19178
5834,David,Miller,1984,14312
5835,Emily,Rodriguez,1982,10146
5836,John,Martinez,1981,13046
5837,James,Brown,1987,17456
5838,Sarah,Smith,1988,19288
5839,David,Rodriguez,1986,18048
5840,Emily,Garcia,2000,19231
5841,John,Jones,1995,15350
5842,James,Miller,1984,18502
5843,Olivia,Brown,1974,12381
5844,Emma,Miller,1984,14050
5845,Emily,Garcia,1993,17191
5846,Emma,Davis,1989,17000
5847,David,Williams,1992,18093
5848,Michael,Martinez,1999,10302
5849,Emily,Garcia,2000,12047
5850,David,Garcia,1979,11340
5851,Sarah,Miller,1991,13832
5852,William,Jones,1972,17042
5853,Jane,Williams,1984,12318
5854,John,Smith,1978,15681
5855,Jane,Martinez,1973,15948
5856,John,Davis,1981,19755
5857,Emily,Jones,1995,15535
5858,John,Johnson,1994,13917
5859,Emma,Smith,1987,11434
5860,William,Davis,1980,12603
5861,John,Martinez,1973,16242
5862,David,Smith,1980,16298
5863,John,Garcia,1985,13897
5864,Sarah,Garcia,1979,11078
5865,Sarah,Miller,1998,15662
5866,Sarah,Garcia,2000,18832
5867,Emily,Davis,1989,17882
5868,Emily,Brown,1982,14690
5869,James,Rodriguez,1986,10361
5870,Emily,Johnson,1978,13002
5871,James,Rodriguez,1985,18916
5872,Jane,Brown,1987,18596
5873,William,Miller,1989,13536
5874,David,Martinez,1977,16252
5875,John,Johnson,1987,13404
5876,Emily,Davis,1996,14181
5877,Michael,Davis,1975,15645
5878,William,Martinez,1972,13446
5879,Emma,Williams,1997,18217
5880,Olivia,Martinez,1981,11977
5881,David,Miller,1987,12968
5882,Olivia,Williams,1988,18167
5883,Emily,Miller,1995,17131
5884,James,Davis,1989,10032
5885,Olivia,Garcia,1983,16642
5886,John,Rodriguez,1993,17409
5887,David,Johnson,1981,11371
5888,Olivia,Garcia,1999,18520
5889,Olivia,Davis,1991,18929
5890,Emma,Martinez,1973,10620
5891,Emma,Miller,1971,17539
5892,David,Smith,1991,11149
5893,Sarah,Garcia,1982,16591
5894,David,Jones,1992,16356
5895,David,Davis,1970,10664
5896,Emma,Davis,1987,15249
5897,Emma,Jones,1995,13239
5898,David,Jones,1996,10610
5899,William,Miller,1973,17576
5900,William,Martinez,1981,14470
5901,David,Brown,1995,19617
5902,William,Johnson,1987,11475
5903,Emily,Rodriguez,1990,14917
5904,Emma,Rodriguez,2000,18520
5905,Michael,Rodriguez,1989,17822
5906,Emma,Davis,1979,17807
5907,Emily,Garcia,1990,12274
5908,Sarah,Jones,1989,16001
5909,Emma,Williams,1982,14096
5910,Emma,Garcia,1985,10772
5911,James,Brown,1996,13488
5912,Sarah,Johnson,1973,14283
5913,Sarah,Williams,1985,10228
5914,Jane,Miller,1988,19422
5915,Michael,Miller,1993,14293
5916,John,Rodriguez,1997,19629
5917,Michael,Jones,1992,12895
5918,William,Garcia,1986,16370
5919,Jane,Garcia,1982,19913
5920,Emma,Brown,1980,11798
5921,Michael,Rodriguez,2000,10720
5922,Michael,Garcia,1977,14361
5923,Emma,Brown,1990,11360
5924,Sarah,Garcia,1971,17706
5925,David,Martinez,1978,18135
5926,Sarah,Davis,1984,16356
5927,James,Davis,1986,14734
5928,David,Brown,1971,19128
5929,James,Brown,1994,10643
5930,Emily,Brown,1972,17533
5931,Jane,Garcia,1993,11879
5932,James,Martinez,1999,15006
5933,Emily,Smith,1975,12934
5934,David,Garcia,1983,15709
5935,Jane,Jones,1994,17502
5936,William,Davis,1994,18592
5937,Olivia,Smith,1998,14318
5938,Michael,Miller,1979,16601
5939,Jane,Rodriguez,1984,13628
5940,Sarah,Williams,1988,19707
5941,Michael,Garcia,1975,14883
5942,William,Davis,1975,10673
5943,Jane,Miller,1994,15160
5944,Olivia,Jones,1990,17701
5945,Sarah,Smith,1984,11950
5946,Emma,Jones,1970,11137
5947,William,Brown,1987,16702
5948,David,Rodriguez,1971,10958
5949,William,Williams,1993,18699
5950,Jane,Williams,1996,13180
5951,Jane,Williams,1977,19775
5952,Emily,Garcia,1980,15935
5953,James,Davis,1978,13743
5954,John,Davis,1999,17201
5955,Emily,Miller,1978,14708
5956,David,Jones,1987,13240
5957,Michael,Martinez,1978,18893
5958,Emily,Brown,1989,15289
5959,Olivia,Martinez,1999,17968
5960,Emily,Smith,1972,12479
5961,Emily,Williams,1974,10973
5962,James,Martinez,1995,15607
5963,William,Rodriguez,1986,12848
5964,Emma,Smith,1995,12940
5965,Olivia,Williams,1983,15820
5966,Sarah,Davis,1979,15826
5967,David,Miller,1993,15578
5968,Sarah,Brown,1975,18306
5969,John,Smith,1987,18671
5970,Sarah,Johnson,1996,19293
5971,Michael,Martinez,1991,18860
5972,Michael,Brown,1976,15508
5973,John,Johnson,1983,17997
5974,John,Williams,1993,17968
5975,William,Davis,1975,13868
5976,Michael,Brown,1997,19182
5977,David,Garcia,1981,11223
5978,Jane,Brown,1981,10098
5979,Michael,Brown,1976,12059
5980,David,Brown,1994,13154
5981,Michael,Brown,1986,12521
5982,Emily,Smith,1988,11435
5983,Michael,Jones,1986,19652
5984,James,Jones,1997,17818
5985,David,Garcia,1991,18549
5986,Emily,Smith,1978,15409
5987,Jane,Miller,2000,12173
5988,Emma,Martinez,1984,10605
5989,Sarah,Jones,1989,18198
5990,Sarah,Williams,1971,19692
5991,David,Smith,1975,14592
5992,William,Jones,1973,12942
5993,David,Williams,1970,12217
5994,Emma,Jones,1991,18354
5995,David,Brown,1983,16089
5996,Emily,Martinez,1992,10184
5997,Emma,Garcia,1978,16590
5998,Sarah,Brown,1982,12454
5999,James,Smith,1984,11245
6000,James,Smith,1974,14037
6001,John,Davis,1991,13591
6002,Michael,Miller,1971,10006
6003,Emily,Garcia,1977,15648
6004,William,Garcia,1978,16562
6005,John,Smith,1970,12677
6006,Sarah,Brown,1972,12666
6007,Olivia,Martinez,1986,12470
6008,John,Williams,1983,19377
6009,William,Garcia,1977,17569
6010,David,Rodriguez,1987,12556
6011,Emily,Brown,1982,16129
6012,Emma,Brown,1979,19762
6013,James,Martinez,1987,11618
6014,Emily,Davis,1971,19495
6015,Olivia,Smith,1972,12875
6016,Jane,Jones,1990,14049
6017,John,Davis,1973,17153
6018,Olivia,Jones,1970,10871
6019,Olivia,Williams,1983,18794
6020,Michael,Brown,1995,12104
6021,Michael,Davis,1977,15626
6022,David,Davis,1978,17794
6023,David,Smith,1995,16519
6024,David,Garcia,1980,17061
6025,Sarah,Davis,1970,10791
6026,David,Smith,1984,13144
6027,David,Brown,1980,10137
6028,Sarah,Williams,1990,15887
6029,Sarah,Johnson,1997,14662
6030,Emily,Williams,1986,14242
6031,James,Rodriguez,1999,10676
6032,Jane,Johnson,1980,12849
6033,Michael,Smith,1990,16837
6034,James,Martinez,1989,15259
6035,Sarah,Williams,1996,17323
6036,William,Martinez,1999,10764
6037,James,Garcia,1999,10327
6038,Olivia,Garcia,1984,19637
6039,David,Miller,1994,11201
6040,Emma,Williams,1981,19910
6041,William,Garcia,1997,10036
6042,Jane,Jones,1977,10545
6043,Emily,Johnson,1996,11626
6044,Jane,Davis,1979,17468
6045,Sarah,Miller,1994,19957
6046,Emily,Williams,1983,11570
6047,Sarah,Williams,1973,16346
6048,Michael,Williams,1989,18337
6049,Sarah,Williams,1998,15062
6050,Olivia,Brown,1995,12224
6051,Jane,Garcia,1997,11290
6052,Jane,Smith,1985,11821
6053,Emily,Williams,1996,19412
6054,Sarah,Williams,1981,11272
6055,James,Rodriguez,1996,14241
6056,Jane,Martinez,1982,17443
6057,Michael,Garcia,1971,13323
6058,James,Rodriguez,1971,18197
6059,Olivia,Miller,1996,13108
6060,William,Brown,1971,15407
6061,Michael,Smith,1983,19974
6062,James,Johnson,1974,12144
6063,William,Martinez,2000,15969
6064,William,Jones,1974,12672
6065,Sarah,Johnson,1981,16870
6066,William,Brown,1970,19706
6067,David,Johnson,1985,14673
6068,William,Johnson,1980,15794
6069,Jane,Jones,1988,13023
6070,Michael,Jones,1992,14957
6071,Emma,Johnson,1991,16506
6072,Emily,Jones,1988,12483
6073,Michael,Rodriguez,1978,16899
6074,Emily,Miller,1985,18732
6075,James,Rodriguez,1988,17452
6076,Michael,Johnson,1978,14199
6077,David,Rodriguez,1988,16685
6078,William,Williams,1992,19452
6079,John,Martinez,1989,13730
6080,Sarah,Miller,1977,14855
6081,Sarah,Miller,1988,19798
6082,Sarah,Smith,1986,11820
6083,Emily,Garcia,1982,12533
6084,John,Brown,1988,17254
6085,David,Johnson,1975,14926
6086,Michael,Brown,1973,17686
6087,Emily,Davis,1980,12246
6088,William,Garcia,1988,14681
6089,Jane,Brown,1988,17624
6090,David,Davis,1984,16227
6091,Olivia,Williams,1981,12864
6092,Emily,Rodriguez,1981,16294
6093,Sarah,Garcia,1983,12063
6094,Jane,Williams,1988,12754
6095,Emily,Rodriguez,1989,17957
6096,Olivia,Garcia,1979,19840
6097,William,Jones,1983,10220
6098,Emma,Johnson,1980,13625
6099,John,Brown,1981,17977
6100,Emily,Davis,1977,16686
6101,John,Jones,1995,14011
6102,Jane,Smith,1990,12205
6103,Emily,Garcia,1994,16982
6104,David,Williams,1998,10043
6105,Michael,Rodriguez,1984,14103
6106,William,Jones,1970,16657
6107,William,Rodriguez,1995,15869
6108,John,Garcia,1979,13639
6109,James,Garcia,1982,11391
6110,Michael,Rodriguez,1970,16429
6111,Michael,Martinez,1997,15638
6112,David,Smith,1978,18133
6113,John,Brown,2000,12116
6114,John,Brown,1974,10560
6115,James,Johnson,1995,16472
6116,James,Johnson,1993,19785
6117,William,Jones,2000,14088
6118,William,Jones,1993,17926
6119,William,Garcia,1988,18035
6120,Emma,Johnson,1980,19846
6121,Jane,Johnson,1973,18089
6122,Michael,Martinez,1981,17119
6123,Michael,Williams,1979,13941
6124,Sarah,Smith,1987,11133
6125,Sarah,Jones,1998,13202
6126,David,Davis,1985,19308
6127,Emma,Williams,1986,11041
6128,Jane,Martinez,2000,10091
6129,Jane,Johnson,1970,16039
6130,Olivia,Jones,1977,16314
6131,Jane,Garcia,1996,17268
6132,David,Garcia,1982,10175
6133,James,Davis,1989,19608
6134,Olivia,Rodriguez,2000,13764
6135,Olivia,Davis,1975,18589
6136,James,Williams,1977,13673
6137,David,Rodriguez,1986,15458
6138,Olivia,Martinez,1996,19756
6139,Emily,Brown,1977,19524
6140,James,Davis,1992,15518
6141,John,Jones,1975,18803
6142,Sarah,Rodriguez,1992,11274
6143,Sarah,Brown,1999,13978
6144,Michael,Brown,1973,14953
6145,Emily,Williams,1990,19555
6146,David,Johnson,1995,12582
6147,James,Brown,1971,16903
6148,James,Miller,1987,11999
6149,Emma,Garcia,1973,11221
6150,Emma,Brown,1978,18715
6151,Sarah,Miller,1980,14924
6152,Emily,Miller,1980,10589
6153,Emily,Williams,1989,17224
6154,David,Brown,1982,19483
6155,Michael,Brown,1976,17618
6156,Jane,Williams,1985,19903
6157,Michael,Miller,1979,14466
6158,Emily,Garcia,1998,15521
6159,Emma,Jones,1995,11110
6160,David,Miller,1994,11535
6161,Michael,Johnson,1992,15591
6162,Jane,Garcia,1993,11385
6163,Sarah,Miller,1999,16367
6164,John,Martinez,1975,18384
6165,Sarah,Martinez,1972,18854
6166,David,Miller,1970,16241
6167,Emily,Jones,1989,19500
6168,John,Smith,1992,19804
6169,James,Brown,1973,18825
6170,Jane,Garcia,1984,15607
6171,Olivia,Jones,1979,17838
6172,William,Garcia,1979,13911
6173,Emily,Miller,1998,18838
6174,Michael,Davis,1970,15552
6175,James,Martinez,1974,15179
6176,James,Brown,1972,17342
6177,David,Smith,1994,15292
6178,Emily,Smith,1997,13231
6179,Emily,Martinez,1999,19648
6180,Michael,Brown,1989,16888
6181,James,Martinez,2000,12132
6182,William,Johnson,1973,10864
6183,David,Garcia,1987,10697
6184,Sarah,Miller,1992,18281
6185,Michael,Martinez,1995,17553
6186,Sarah,Miller,1978,10534
6187,David,Miller,1996,16790
6188,William,Davis,1994,13722
6189,Jane,Rodriguez,1987,16769
6190,Olivia,Martinez,1974,16103
6191,James,Smith,1990,13619
6192,Emma,Johnson,1990,11751
6193,Michael,Williams,1978,13613
6194,Jane,Miller,1980,18067
6195,Olivia,Martinez,1974,15434
6196,William,Williams,2000,16577
6197,Jane,Williams,1970,15091
6198,John,Brown,1984,10432
6199,Emma,Miller,1982,13999
6200,Emma,Davis,1970,15033
6201,John,Martinez,1972,12722
6202,Emma,Brown,1986,14427
6203,Emily,Martinez,1979,19587
6204,Emma,Davis,1998,10396
6205,Olivia,Miller,1993,10535
6206,Sarah,Smith,1987,11199
6207,Emma,Smith,1982,10794
6208,David,Brown,1991,13889
6209,Jane,Johnson,1979,18504
6210,Olivia,Davis,1993,16731
6211,William,Williams,1984,15930
6212,Jane,Johnson,1971,14455
6213,James,Williams,1999,16748
6214,John,Garcia,1993,12290
6215,William,Brown,1991,18644
6216,William,Jones,1999,12447
6217,Sarah,Davis,1982,11057
6218,David,Garcia,1982,10375
6219,Michael,Johnson,1986,19781
6220,Michael,Johnson,1980,10212
6221,Olivia,Williams,1984,19856
6222,Sarah,Williams,1983,14099
6223,Michael,Jones,1985,17994
6224,Emma,Johnson,1979,12040
6225,Olivia,Johnson,1975,12805
6226,Emma,Rodriguez,1983,13045
6227,Jane,Williams,1999,18305
6228,Emma,Jones,1993,18517
6229,Olivia,Williams,1982,18850
6230,John,Martinez,1973,17330
6231,Jane,Garcia,1986,19082
6232,Sarah,Martinez,1992,17195
6233,John,Smith,1978,13604
6234,Michael,Garcia,1981,12218
6235,Sarah,Johnson,1996,15109
6236,James,Williams,1971,12172
6237,Emily,Smith,1978,18921
6238,Sarah,Rodriguez,1998,10066
6239,William,Rodriguez,1989,18864
6240,Sarah,Smith,1994,19287
6241,Jane,Rodriguez,1991,12170
6242,James,Jones,1991,16355
6243,William,Johnson,1992,13873
6244,Michael,Martinez,1981,12972
6245,Emma,Johnson,1982,15586
6246,John,Martinez,1992,17187
6247,William,Davis,1989,18140
6248,James,Davis,1981,12134
6249,Emma,Williams,1996,16795
6250,Sarah,Johnson,1994,14776
6251,Jane,Martinez,1977,10116
6252,Jane,Davis,1970,16145
6253,David,Rodriguez,1971,13986
6254,David,Williams,1972,16603
6255,Sarah,Brown,1981,11342
6256,Jane,Williams,1987,15042
6257,Jane,Martinez,1972,12102
6258,William,Smith,1994,12648
6259,Sarah,Smith,1992,11380
6260,Jane,Miller,1980,15919
6261,Sarah,Brown,1971,10176
6262,William,Smith,1987,13169
6263,David,Garcia,1975,13881
6264,Olivia,Jones,1987,11411
6265,Olivia,Rodriguez,1974,15812
6266,Sarah,Rodriguez,1984,11883
6267,John,Garcia,1987,11184
6268,Olivia,Garcia,1989,12871
6269,Emily,Smith,1989,10827
6270,James,Williams,1974,15264
6271,Olivia,Garcia,1971,12989
6272,Emily,Jones,1984,12149
6273,William,Garcia,1990,14777
6274,Olivia,Brown,1971,11372
6275,Emily,Brown,1991,19987
6276,Sarah,Martinez,1983,10451
6277,Emma,Johnson,1987,15529
6278,David,Brown,1988,12267
6279,William,Rodriguez,2000,14890
6280,Jane,Davis,1998,14768
6281,John,Garcia,1991,18058
6282,Emma,Jones,1988,16585
6283,Jane,Brown,1987,14070
6284,William,Martinez,1986,17100
6285,Emily,Smith,1996,17891
6286,Emily,Miller,1997,11834
6287,Sarah,Miller,1993,19425
6288,Michael,Garcia,1995,12655
6289,Emily,Martinez,1993,18477
6290,John,Jones,1985,17424
6291,Emma,Johnson,1987,11844
6292,Michael,Williams,1998,15378
6293,Emily,Brown,1971,17014
6294,Emma,Rodriguez,1987,15839
6295,Emily,Williams,1979,12002
6296,Michael,Martinez,1976,13538
6297,Sarah,Davis,1990,16632
6298,John,Jones,1999,11377
6299,Jane,Rodriguez,1979,13610
6300,James,Martinez,1972,15513
6301,Michael,Rodriguez,1970,18138
6302,Sarah,Garcia,1970,11634
6303,Olivia,Johnson,1985,17220
6304,Emma,Miller,2000,14550
6305,Sarah,Johnson,1995,10229
6306,Emily,Williams,1995,18174
6307,Olivia,Williams,1978,19934
6308,William,Jones,1985,12246
6309,Sarah,Rodriguez,1993,13091
6310,Emma,Johnson,1979,12748
6311,Jane,Davis,1976,17770
6312,James,Martinez,1978,13843
6313,John,Rodriguez,1994,12856
6314,David,Martinez,1999,12102
6315,Sarah,Williams,1989,17738
6316,David,Brown,1975,10308
6317,David,Rodriguez,2000,16067
6318,David,Johnson,1981,15731
6319,John,Smith,1984,17161
6320,Jane,Miller,1983,13654
6321,William,Davis,1975,10842
6322,Emily,Martinez,1987,13522
6323,Emma,Davis,1996,13891
6324,John,Rodriguez,1994,16656
6325,John,Williams,1986,10520
6326,Jane,Smith,1998,11520
6327,Michael,Smith,1998,11477
6328,Jane,Davis,1974,13558
6329,James,Miller,1996,19934
6330,Emily,Smith,1980,10657
6331,James,Davis,1995,10519
6332,John,Davis,1986,17717
6333,Emily,Davis,1981,15388
6334,William,Davis,1970,18296
6335,John,Davis,1999,12705
6336,David,Garcia,1985,10773
6337,Emma,Williams,1971,18874
6338,Olivia,Miller,1996,10312
6339,Emma,Martinez,1981,12673
6340,Sarah,Davis,1970,13319
6341,Michael,Williams,1991,11254
6342,William,Williams,1974,15317
6343,Emily,Johnson,1974,12954
6344,David,Williams,1994,15371
6345,William,Jones,1991,14154
6346,Sarah,Johnson,1971,15972
6347,Emma,Rodriguez,1974,10168
6348,Sarah,Johnson,1976,10042
6349,Emily,Jones,1996,11743
6350,Emily,Johnson,1994,16822
6351,David,Smith,1995,11264
6352,James,Williams,1988,16850
6353,David,Garcia,1988,17682
6354,Michael,Brown,1975,11686
6355,Michael,Rodriguez,1974,12728
6356,James,Garcia,1987,16601
6357,Michael,Garcia,1978,16210
6358,Olivia,Smith,1994,16221
6359,Sarah,Rodriguez,1985,10683
6360,Jane,Martinez,1976,18359
6361,Michael,Garcia,1989,14582
6362,William,Martinez,1977,19366
6363,Olivia,Martinez,1981,15735
6364,William,Davis,1997,16578
6365,Olivia,Rodriguez,1979,17155
6366,Michael,Williams,1986,10066
6367,Olivia,Williams,1991,12780
6368,David,Davis,1991,17026
6369,John,Williams,1987,10971
6370,Olivia,Williams,1987,19229
6371,Emma,Jones,1985,16899
6372,Sarah,Rodriguez,1994,16826
6373,Emily,Brown,1988,11751
6374,James,Brown,1992,10119
6375,James,Garcia,1995,13287
6376,James,Martinez,1979,13806
6377,John,Garcia,1984,16339
6378,Olivia,Williams,1987,13161
6379,Michael,Garcia,1973,18835
6380,Michael,Smith,1996,11548
6381,Michael,Brown,1974,11319
6382,Olivia,Martinez,1985,10634
6383,Emily,Smith,1984,12614
6384,Emily,Brown,1994,16790
6385,Emily,Martinez,1984,18793
6386,John,Davis,1971,13792
6387,Emily,Johnson,1991,11328
6388,Olivia,Johnson,2000,13469
6389,John,Jones,1979,19908
6390,Olivia,Martinez,1986,12379
6391,Sarah,Rodriguez,1970,12307
6392,Olivia,Davis,1986,10218
6393,Jane,Martinez,1983,19111
6394,Olivia,Davis,1972,11606
6395,Emma,Rodriguez,1973,16579
6396,Emma,Brown,1986,15894
6397,Michael,Williams,1991,17115
6398,David,Davis,1992,18181
6399,John,Johnson,1977,10674
6400,David,Miller,1989,18893
6401,Michael,Jones,1999,15689
6402,Michael,Garcia,1983,10548
6403,Olivia,Smith,1973,17516
6404,Olivia,Rodriguez,1976,17714
6405,Michael,Davis,1995,13287
6406,David,Williams,1977,11521
6407,John,Martinez,1976,16133
6408,Olivia,Davis,1999,14307
6409,Olivia,Rodriguez,1977,19835
6410,Michael,Smith,1990,16403
6411,William,Davis,1971,15080
6412,Emily,Brown,1976,16704
6413,Michael,Rodriguez,1972,16963
6414,James,Martinez,1978,13369
6415,Jane,Jones,1976,19961
6416,John,Williams,1982,15094
6417,William,Williams,1988,12538
6418,John,Jones,1972,10953
6419,Olivia,Williams,1970,12526
6420,Michael,Smith,1972,19953
6421,Olivia,Davis,1998,11650
6422,John,Martinez,1970,13985
6423,Jane,Johnson,1996,10366
6424,Michael,Davis,1985,19457
6425,Sarah,Johnson,1973,19209
6426,David,Miller,1998,17685
6427,Sarah,Martinez,1995,17437
6428,William,Williams,1983,16715
6429,James,Miller,1987,13911
6430,Emily,Miller,1975,19082
6431,John,Brown,1970,16993
6432,Michael,Brown,1971,12570
6433,Emma,Miller,1995,12140
6434,Emma,Brown,1975,13081
6435,David,Miller,1976,13958
6436,Jane,Jones,1996,13702
6437,Emma,Martinez,1983,12489
6438,Emma,Williams,1999,13385
6439,Emily,Jones,1972,16005
6440,Emma,Johnson,1994,13284
6441,Emma,Miller,1994,16377
6442,Olivia,Smith,1996,12432
6443,John,Williams,1983,14206
6444,John,Brown,1974,15071
6445,Michael,Jones,1996,12771
6446,Michael,Rodriguez,1985,12400
6447,William,Brown,1985,16457
6448,William,Miller,1974,19482
6449,Michael,Smith,1978,18521
6450,David,Rodriguez,1979,17164
6451,James,Smith,1976,13752
6452,John,Miller,1976,14202
6453,John,Williams,1982,14839
6454,Sarah,Garcia,1992,13231
6455,David,Williams,1986,14518
6456,Jane,Williams,1982,13763
6457,Emma,Williams,1989,14978
6458,Jane,Johnson,1987,11526
6459,Emma,Jones,1983,16582
6460,John,Rodriguez,1973,10558
6461,Emily,Miller,1988,17972
6462,David,Martinez,1973,18853
6463,Jane,Johnson,1970,14087
6464,John,Smith,1985,15186
6465,James,Rodriguez,1987,11155
6466,James,Jones,1982,14743
6467,Olivia,Martinez,1979,14568
6468,Sarah,Rodriguez,1972,12833
6469,John,Rodriguez,1984,18192
6470,Michael,Jones,1972,14035
6471,John,Smith,1993,10144
6472,Emma,Williams,1970,11293
6473,James,Miller,1972,17577
6474,Olivia,Jones,1974,15004
6475,Emily,Rodriguez,1979,11153
6476,John,Smith,1984,10274
6477,Sarah,Williams,1974,12439
6478,David,Jones,1976,18061
6479,John,Miller,1999,14077
6480,Sarah,Davis,2000,14576
6481,Michael,Davis,1991,17054
6482,Olivia,Williams,1999,18532
6483,Emma,Williams,1996,11217
6484,Emma,Martinez,1994,11965
6485,William,Rodriguez,1992,17798
6486,Emily,Rodriguez,1970,17409
6487,Sarah,Garcia,1979,18320
6488,Emma,Miller,1984,17248
6489,John,Williams,1970,18519
6490,James,Martinez,1971,12942
6491,David,Johnson,1986,19048
6492,Emily,Miller,1981,14564
6493,Jane,Miller,1987,17497
6494,Emma,Davis,1973,18366
6495,Olivia,Davis,1992,18127
6496,James,Johnson,1992,16790
6497,Michael,Williams,1977,19862
6498,John,Jones,1986,16492
6499,David,Davis,2000,15981
6500,Emily,Martinez,1995,17458
6501,Olivia,Miller,1973,12144
6502,William,Johnson,1988,19780
6503,Michael,Martinez,1978,18237
6504,William,Miller,1975,18462
6505,Sarah,Williams,1987,19053
6506,John,Davis,1983,19958
6507,Jane,Garcia,1995,11287
6508,David,Miller,1973,13996
6509,Sarah,Davis,1973,12685
6510,Jane,Davis,1984,15273
6511,Jane,Johnson,1973,11252
6512,Michael,Williams,1977,18929
6513,Michael,Williams,1978,11458
6514,James,Johnson,2000,15519
6515,Jane,Martinez,1984,11553
6516,Sarah,Miller,1970,12619
6517,John,Brown,1971,19167
6518,Olivia,Martinez,1986,18653
6519,Michael,Davis,1984,11316
6520,William,Miller,1980,19225
6521,Sarah,Williams,1992,13743
6522,Sarah,Garcia,1997,12956
6523,Emma,Miller,1977,12349
6524,Sarah,Davis,1996,14842
6525,Jane,Rodriguez,1977,16241
6526,Jane,Jones,1995,11293
6527,David,Brown,1979,15761
6528,Michael,Williams,1997,12073
6529,David,Davis,1987,12464
6530,David,Garcia,1988,10224
6531,David,Davis,1984,10538
6532,John,Martinez,1971,15306
6533,David,Martinez,1987,11660
6534,Emily,Martinez,1991,19684
6535,John,Williams,1978,10075
6536,William,Williams,1979,18547
6537,Jane,Jones,1977,17229
6538,John,Davis,1982,13958
6539,Emma,Johnson,1973,19742
6540,Michael,Rodriguez,1972,17771
6541,James,Miller,1992,17060
6542,Michael,Jones,1971,18771
6543,James,Williams,1989,14482
6544,David,Garcia,1986,12865
6545,James,Martinez,1996,11925
6546,Emma,Martinez,1993,12316
6547,Michael,Miller,1976,11209
6548,Emily,Smith,1975,10670
6549,John,Williams,1999,18512
6550,Emma,Smith,1997,11173
6551,James,Johnson,1998,16462
6552,David,Johnson,1995,10688
6553,Emily,Rodriguez,1994,11756
6554,Emily,Brown,1997,16455
6555,Olivia,Smith,1971,18392
6556,Emily,Garcia,1972,12139
6557,James,Williams,1989,14543
6558,Sarah,Garcia,1981,16246
6559,William,Rodriguez,1972,14375
6560,Emma,Johnson,1997,18046
6561,Michael,Smith,1993,14541
6562,Olivia,Miller,1987,15053
6563,Jane,Brown,1976,10830
6564,Sarah,Martinez,1970,12530
6565,Olivia,Rodriguez,1979,16003
6566,John,Smith,1995,13562
6567,William,Miller,1977,14873
6568,Michael,Williams,1978,10931
6569,Emma,Rodriguez,1987,18305
6570,Emily,Martinez,1999,11656
6571,Olivia,Jones,1983,16282
6572,Sarah,Johnson,1995,16327
6573,John,Garcia,1983,17421
6574,Emma,Jones,1991,12435
6575,Emma,Smith,1988,11093
6576,Michael,Smith,1970,18951
6577,John,Garcia,1975,17561
6578,Olivia,Johnson,1988,13329
6579,James,Rodriguez,1997,16384
6580,Emily,Jones,1983,14588
6581,Olivia,Jones,1980,13394
6582,Michael,Davis,1988,12751
6583,James,Martinez,1987,15503
6584,John,Williams,1991,15381
6585,Emma,Rodriguez,1978,10865
6586,Emma,Johnson,1979,11407
6587,Olivia,Miller,1995,16083
6588,Sarah,Miller,1982,12925
6589,James,Brown,1973,16764
6590,Olivia,Miller,1974,18523
6591,James,Brown,1984,10664
6592,David,Johnson,1985,14250
6593,Michael,Johnson,1989,17893
6594,James,Davis,1984,11907
6595,Jane,Miller,1990,19899
6596,Emma,Miller,1997,18688
6597,Olivia,Jones,1982,17155
6598,Michael,Smith,1999,10293
6599,David,Smith,1978,10918
6600,Michael,Davis,1999,12754
6601,Emma,Martinez,1989,11050
6602,Olivia,Smith,1975,17476
6603,Emma,Jones,1981,18070
6604,John,Garcia,1990,16723
6605,William,Garcia,1990,10840
6606,Emma,Brown,1997,18781
6607,James,Garcia,1972,15468
6608,Jane,Rodriguez,1995,12802
6609,John,Smith,2000,13729
6610,Olivia,Johnson,1978,12550
6611,Michael,Davis,1974,18863
6612,Jane,Davis,1988,15924
6613,Emma,Rodriguez,2000,10651
6614,James,Brown,1999,13879
6615,John,Williams,1982,10310
6616,Emily,Smith,1988,10458
6617,James,Williams,2000,15441
6618,Michael,Smith,1999,16928
6619,James,Miller,1985,15011
6620,John,Brown,1992,15132
6621,Sarah,Jones,1998,17505
6622,John,Johnson,1985,14352
6623,Emily,Davis,1971,11936
6624,Michael,Smith,1986,19975
6625,Emma,Johnson,1999,19338
6626,Michael,Rodriguez,1994,11657
6627,William,Rodriguez,1998,15886
6628,John,Johnson,1974,18165
6629,John,Garcia,1979,11754
6630,Olivia,Davis,1970,10899
6631,James,Jones,1979,11548
6632,Sarah,Williams,1998,13144
6633,James,Davis,1977,12472
6634,John,Smith,1999,14734
6635,Sarah,Brown,1979,15432
6636,Olivia,Williams,1995,18141
6637,Jane,Martinez,1997,13827
6638,James,Brown,1977,10559
6639,Emily,Martinez,1999,16246
6640,Olivia,Johnson,1984,19204
6641,James,Jones,1981,15465
6642,Olivia,Smith,1979,11173
6643,Sarah,Martinez,1976,15480
6644,Sarah,Johnson,1983,13135
6645,Sarah,Johnson,1977,12676
6646,John,Smith,1990,12898
6647,James,Williams,1970,12482
6648,William,Smith,1976,19062
6649,William,Miller,1989,15930
6650,William,Smith,1978,10227
6651,Michael,Miller,1991,17402
6652,Michael,Rodriguez,1990,19734
6653,David,Brown,1978,18921
6654,Sarah,Martinez,1992,10336
6655,Emily,Brown,1971,16484
6656,Michael,Davis,1999,18249
6657,John,Williams,1998,17812
6658,Jane,Williams,1991,13418
6659,Sarah,Smith,1981,17836
6660,Sarah,Martinez,1982,13103
6661,Emma,Davis,1982,11666
6662,Emily,Jones,1978,18065
6663,Emily,Martinez,1987,17007
6664,Emily,Miller,1986,18421
6665,Emma,Brown,1973,15294
6666,John,Martinez,2000,14207
6667,Emma,Rodriguez,1985,17551
6668,William,Rodriguez,1996,17291
6669,Michael,Rodriguez,1995,14306
6670,David,Brown,1987,16272
6671,Sarah,Jones,1985,16761
6672,Olivia,Davis,1991,18330
6673,Michael,Miller,1978,15473
6674,Michael,Jones,1981,15894
6675,Michael,Martinez,1976,14447
6676,William,Davis,1979,16102
6677,David,Martinez,1977,12222
6678,Jane,Jones,1996,18793
6679,Emily,Martinez,1991,10796
6680,Michael,Williams,1996,13814
6681,Sarah,Miller,1985,15878
6682,Emily,Jones,1971,11528
6683,Sarah,Brown,1987,12031
6684,Olivia,Miller,1972,14307
6685,Jane,Jones,2000,13440
6686,John,Miller,1997,16842
6687,James,Martinez,1988,16563
6688,Michael,Brown,1987,13115
6689,John,Rodriguez,1990,10808
6690,John,Jones,1978,15419
6691,John,Williams,1970,16198
6692,David,Rodriguez,1981,17369
6693,John,Williams,1970,15813
6694,Olivia,Rodriguez,1982,16558
6695,Emily,Williams,1976,11889
6696,Emily,Johnson,1982,11327
6697,Michael,Martinez,1998,10835
6698,Jane,Johnson,1986,13972
6699,James,Rodriguez,1997,18570
6700,Emily,Martinez,1981,12839
6701,Emma,Garcia,1980,11334
6702,Emily,Johnson,1990,17309
6703,Emma,Williams,1970,15315
6704,Sarah,Miller,1995,11886
6705,Sarah,Martinez,1979,14723
6706,James,Brown,1970,13857
6707,David,Davis,1983,17529
6708,Emily,Garcia,1991,10896
6709,James,Garcia,2000,11240
6710,David,Garcia,2000,14136
6711,William,Jones,1975,12601
6712,Olivia,Martinez,1995,10121
6713,Emma,Rodriguez,1994,12518
6714,Michael,Jones,1996,13532
6715,John,Smith,1982,18118
6716,Olivia,Martinez,1971,19856
6717,Sarah,Johnson,1977,18565
6718,John,Brown,1982,16915
6719,Emma,Williams,1984,15540
6720,Michael,Garcia,1999,12807
6721,Emma,Garcia,1972,19574
6722,John,Brown,1986,12937
6723,Jane,Smith,1971,16495
6724,William,Jones,1975,13171
6725,David,Davis,1996,15718
6726,Olivia,Rodriguez,1991,19924
6727,David,Garcia,1988,14246
6728,James,Jones,1983,16314
6729,Olivia,Brown,1972,10536
6730,David,Miller,1990,13421
6731,James,Davis,1980,16140
6732,John,Williams,1989,16145
6733,John,Johnson,1987,17576
6734,Jane,Rodriguez,1999,11016
6735,James,Garcia,1999,11400
6736,Sarah,Brown,1999,15236
6737,William,Garcia,1976,13699
6738,John,Brown,1973,17348
6739,Emma,Rodriguez,1987,14319
6740,Michael,Brown,1994,19932
6741,Emma,Smith,1994,17547
6742,Emily,Garcia,1997,14011
6743,Sarah,Rodriguez,1977,10121
6744,Jane,Garcia,1979,19451
6745,William,Smith,1990,12568
6746,Emily,Brown,1999,10674
6747,Sarah,Davis,1986,10474
6748,David,Smith,1974,12770
6749,Sarah,Williams,1971,10049
6750,Olivia,Miller,1988,11684
6751,Olivia,Davis,1975,19927
6752,Emma,Johnson,1982,13001
6753,Emma,Garcia,1989,14144
6754,John,Brown,1979,14420
6755,William,Brown,1973,12119
6756,John,Williams,1988,17316
6757,Emily,Davis,1986,10529
6758,Olivia,Brown,1977,14643
6759,William,Jones,1976,19225
6760,John,Brown,1972,13890
6761,James,Garcia,1990,10696
6762,John,Jones,2000,11270
6763,Jane,Brown,1999,15515
6764,Jane,Miller,1995,13084
6765,Sarah,Martinez,1975,17109
6766,James,Jones,2000,11944
6767,Jane,Martinez,1987,17635
6768,Emily,Williams,1984,17535
6769,Emily,Johnson,1973,16432
6770,Michael,Martinez,1992,11769
6771,John,Johnson,1996,18599
6772,John,Rodriguez,1972,10741
6773,Olivia,Davis,1988,19103
6774,James,Jones,1972,14523
6775,Jane,Brown,1973,19929
6776,Jane,Garcia,1979,16044
6777,Olivia,Williams,2000,16204
6778,Emma,Smith,1973,19774
6779,Jane,Rodriguez,1981,12147
6780,Jane,Garcia,1979,17237
6781,Jane,Williams,1972,16021
6782,Emily,Martinez,1972,14154
6783,David,Brown,1984,12625
6784,Emily,Garcia,1996,15982
6785,Olivia,Smith,1996,13593
6786,Olivia,Johnson,1988,16569
6787,Jane,Davis,1983,15599
6788,David,Williams,1975,15243
6789,David,Davis,1995,18126
6790,William,Davis,1987,10348
6791,Emily,Brown,1985,12746
6792,Sarah,Martinez,1996,15339
6793,Emily,Davis,1979,12614
6794,Emily,Smith,1985,16987
6795,Jane,Brown,1979,17051
6796,James,Johnson,1985,16831
6797,David,Johnson,1979,12977
6798,Jane,Martinez,1974,18834
6799,Emily,Miller,1990,18091
6800,Michael,Johnson,1986,16086
6801,Emily,Brown,1981,18735
6802,Jane,Martinez,1970,19515
6803,William,Miller,1976,18270
6804,Michael,Smith,1998,19704
6805,Michael,Davis,1972,15781
6806,James,Johnson,1978,18026
6807,Sarah,Brown,1997,18326
6808,William,Miller,1982,16816
6809,David,Jones,1984,11134
6810,James,Rodriguez,1996,19651
6811,William,Brown,1989,15666
6812,Olivia,Johnson,2000,11759
6813,David,Davis,1984,10365
6814,Emma,Garcia,1988,16910
6815,Olivia,Williams,1977,12990
6816,Emily,Williams,1984,15652
6817,Jane,Rodriguez,1976,15833
6818,William,Williams,1978,12247
6819,Sarah,Brown,1973,16890
6820,Emma,Miller,1988,19605
6821,Michael,Brown,1993,14889
6822,Emily,Garcia,1971,13712
6823,James,Williams,2000,11144
6824,Jane,Rodriguez,1997,18401
6825,Jane,Miller,1972,17795
6826,Sarah,Miller,1987,14954
6827,Jane,Williams,1976,10881
6828,James,Miller,1994,18951
6829,Sarah,Martinez,1994,15107
6830,Olivia,Davis,1987,16399
6831,Sarah,Williams,1992,10271
6832,David,Rodriguez,1976,17066
6833,Olivia,Miller,1986,14520
6834,Emily,Garcia,1978,12694
6835,John,Johnson,1978,10316
6836,James,Brown,1992,12924
6837,Michael,Jones,1972,17466
6838,David,Brown,1996,10338
6839,John,Williams,1988,18493
6840,John,Brown,1984,12879
6841,Michael,Williams,1999,11377
6842,Emma,Garcia,1978,14676
6843,David,Davis,1983,14940
6844,Emily,Smith,1982,18568
6845,John,Smith,1982,15418
6846,Emma,Smith,1971,16275
6847,Jane,Martinez,1995,17703
6848,John,Smith,1995,16622
6849,David,Brown,1995,12662
6850,David,Miller,1996,19328
6851,Emma,Williams,1997,19596
6852,William,Jones,1972,14347
6853,David,Brown,1981,10075
6854,James,Martinez,1971,13174
6855,Michael,Williams,1997,19488
6856,Jane,Garcia,1971,16300
6857,David,Davis,1986,13722
6858,Sarah,Davis,1993,12882
6859,William,Davis,1998,12122
6860,Michael,Garcia,1998,19731
6861,William,Davis,1989,19607
6862,Michael,Miller,1988,18602
6863,Olivia,Williams,1981,14151
6864,Olivia,Rodriguez,1983,15212
6865,David,Rodriguez,1972,13198
6866,Jane,Jones,1978,16854
6867,Michael,Williams,1999,11604
6868,Michael,Garcia,1974,17085
6869,Sarah,Brown,1971,15273
6870,Emma,Smith,1976,10464
6871,Emily,Davis,1996,19451
6872,Olivia,Smith,1981,12382
6873,William,Brown,1972,15896
6874,Olivia,Jones,1998,19232
6875,William,Miller,1970,14552
6876,Jane,Brown,1991,15718
6877,David,Johnson,1972,12729
6878,Emily,Rodriguez,1971,13324
6879,Michael,Brown,1984,17352
6880,Olivia,Miller,1978,10732
6881,Sarah,Williams,1997,11891
6882,Sarah,Smith,1983,18186
6883,Michael,Jones,1991,13981
6884,John,Johnson,1999,18706
6885,John,Johnson,1981,19704
6886,William,Martinez,1989,11094
6887,Emma,Martinez,1984,10445
6888,Emma,Martinez,1980,19797
6889,Jane,Williams,1976,18759
6890,Michael,Williams,1977,12788
6891,Sarah,Rodriguez,1989,10176
6892,John,Martinez,1984,19851
6893,James,Garcia,1974,12447
6894,Emma,Brown,1988,11069
6895,Emma,Brown,1975,15037
6896,Emily,Williams,1995,11473
6897,John,Davis,1999,18599
6898,William,Smith,1975,12462
6899,James,Davis,1971,11742
6900,David,Miller,1996,19752
6901,David,Rodriguez,1999,17620
6902,Olivia,Rodriguez,1979,15364
6903,Jane,Davis,1982,17355
6904,William,Brown,1983,11968
6905,Emily,Miller,1995,18992
6906,James,Smith,1998,18840
6907,David,Williams,1987,18608
6908,David,Williams,1984,14824
6909,Emily,Williams,1990,11578
6910,Jane,Rodriguez,1998,16222
6911,Sarah,Johnson,1971,19647
6912,Emily,Davis,1970,16223
6913,Michael,Davis,1988,13766
6914,David,Miller,1977,18624
6915,Emily,Martinez,1996,11870
6916,Jane,Johnson,1993,14636
6917,Emily,Johnson,1972,10700
6918,Olivia,Miller,1990,11577
6919,John,Miller,1990,11882
6920,Michael,Jones,1989,19512
6921,Olivia,Johnson,2000,18057
6922,Emma,Davis,1970,11375
6923,John,Jones,1986,12945
6924,Jane,Johnson,1987,13784
6925,James,Smith,1971,15775
6926,David,Johnson,1975,10103
6927,James,Rodriguez,1983,14459
6928,Sarah,Miller,1976,13638
6929,David,Martinez,1987,13073
6930,Michael,Davis,1989,17651
6931,Michael,Jones,1976,11214
6932,William,Brown,1983,11224
6933,Sarah,Miller,1985,18029
6934,Emily,Williams,1977,10162
6935,Jane,Garcia,1982,12417
6936,James,Brown,1995,17040
6937,John,Johnson,1981,18555
6938,Emma,Brown,1991,19186
6939,William,Williams,1977,13972
6940,Jane,Johnson,1976,17194
6941,John,Jones,1979,13755
6942,William,Davis,1980,17024
6943,Michael,Martinez,1975,14946
6944,Michael,Davis,2000,19718
6945,Jane,Brown,1986,13007
6946,John,Williams,1990,14297
6947,Emily,Davis,1975,10287
6948,William,Rodriguez,1982,19840
6949,Emily,Williams,1996,15899
6950,James,Smith,1976,10497
6951,Emma,Smith,1987,13477
6952,James,Miller,1978,18549
6953,David,Garcia,1975,13432
6954,David,Johnson,1978,19409
6955,Emily,Smith,1981,12022
6956,James,Davis,1976,17612
6957,Emily,Rodriguez,1971,12743
6958,Jane,Davis,1974,19270
6959,Emma,Jones,1992,11784
6960,William,Martinez,1991,19504
6961,Jane,Garcia,1985,15538
6962,James,Brown,1995,17447
6963,Olivia,Garcia,1977,13956
6964,Michael,Johnson,1970,14249
6965,David,Davis,2000,12656
6966,Emily,Miller,1994,17398
6967,James,Brown,1975,10206
6968,David,Martinez,1972,16371
6969,John,Martinez,1973,19233
6970,Emily,Rodriguez,1994,17443
6971,David,Jones,1984,15980
6972,Jane,Smith,1986,15574
6973,Emma,Brown,1980,13467
6974,John,Smith,1990,13244
6975,Emily,Jones,1984,15989
6976,Emily,Smith,1993,11449
6977,Sarah,Rodriguez,1996,18870
6978,Emma,Williams,1986,17665
6979,William,Garcia,1978,14320
6980,Olivia,Brown,1981,18170
6981,Emma,Martinez,1985,16808
6982,Olivia,Rodriguez,1980,11064
6983,Jane,Brown,1997,15392
6984,William,Johnson,1998,19693
6985,Michael,Garcia,1973,16933
6986,Michael,Johnson,1973,12775
6987,Emma,Smith,1999,12713
6988,Sarah,Davis,1994,12000
6989,William,Rodriguez,1978,14962
6990,John,Jones,1970,17037
6991,Sarah,Rodriguez,1987,11228
6992,Olivia,Smith,1975,14413
6993,Emma,Garcia,2000,10497
6994,Michael,Smith,1993,17214
6995,Olivia,Garcia,1976,15214
6996,Michael,Davis,1982,13064
6997,Emma,Martinez,1989,19583
6998,James,Jones,1979,13311
6999,Emma,Martinez,1991,18215
7000,Sarah,Jones,1974,12828
7001,James,Martinez,1979,12452
7002,David,Johnson,1989,14710
7003,Emily,Williams,1991,15204
7004,Emma,Miller,1972,14305
7005,Emma,Rodriguez,1986,17828
7006,Michael,Garcia,1998,15612
7007,Jane,Smith,1984,13448
7008,Jane,Williams,1996,12103
7009,Sarah,Johnson,1999,12249
7010,Michael,Brown,1998,14925
7011,Jane,Smith,1974,10962
7012,Olivia,Brown,2000,17536
7013,James,Garcia,1991,18043
7014,David,Martinez,1972,14809
7015,Emma,Martinez,1996,11755
7016,Emily,Smith,1972,10712
7017,Michael,Brown,1978,13555
7018,Jane,Rodriguez,1980,13464
7019,David,Jones,1976,10536
7020,Michael,Miller,1970,18737
7021,William,Martinez,1984,19293
7022,William,Martinez,2000,13653
7023,Michael,Miller,1987,14946
7024,Michael,Martinez,1990,16880
7025,David,Davis,1986,17825
7026,Emily,Brown,1997,11264
7027,Olivia,Williams,1999,12252
7028,Olivia,Martinez,1982,18506
7029,Michael,Brown,1975,11809
7030,John,Miller,1988,14998
7031,David,Jones,1995,17733
7032,Emily,Jones,1982,15692
7033,Michael,Williams,1986,19797
7034,Olivia,Johnson,2000,17362
7035,Emma,Rodriguez,1970,18087
7036,Emma,Jones,1981,12729
7037,Emily,Garcia,1997,17620
7038,James,Rodriguez,1987,16532
7039,Emily,Martinez,1984,18264
7040,Jane,Miller,1995,10427
7041,Jane,Williams,1978,18652
7042,David,Garcia,1999,17226
7043,Emily,Williams,1976,12446
7044,Olivia,Brown,1994,18072
7045,William,Rodriguez,1997,13617
7046,David,Jones,1987,10482
7047,Emily,Jones,1978,16429
7048,James,Williams,1991,15844
7049,Jane,Davis,1974,16138
7050,James,Williams,1972,17173
7051,William,Garcia,1995,13510
7052,John,Miller,1997,18637
7053,Jane,Smith,1981,15188
7054,David,Rodriguez,1995,14907
7055,Sarah,Williams,1986,12618
7056,Michael,Martinez,1998,19898
7057,Olivia,Garcia,1985,18840
7058,William,Smith,1991,19190
7059,William,Martinez,1998,15979
7060,David,Rodriguez,1986,14015
7061,Sarah,Brown,1977,17845
7062,David,Brown,1994,14550
7063,Emily,Davis,1979,18806
7064,William,Smith,1979,16854
7065,Jane,Jones,1992,11323
7066,James,Garcia,1989,12192
7067,Emma,Garcia,1992,19370
7068,Michael,Miller,1976,19849
7069,Jane,Johnson,1987,13686
7070,John,Smith,1985,12568
7071,John,Johnson,1989,12082
7072,Emily,Davis,1998,17507
7073,William,Martinez,1996,16135
7074,Jane,Garcia,1975,16329
7075,David,Rodriguez,1982,17529
7076,Olivia,Johnson,1989,14099
7077,William,Miller,1970,16703
7078,Sarah,Brown,1985,16422
7079,Emily,Williams,1990,14316
7080,Olivia,Miller,1990,13075
7081,Olivia,Davis,1977,19783
7082,Michael,Miller,1991,18681
7083,Olivia,Rodriguez,1995,17494
7084,Michael,Smith,1989,16637
7085,David,Jones,1974,14804
7086,Emma,Martinez,1988,14061
7087,David,Brown,1996,10242
7088,Emma,Brown,1989,18035
7089,Sarah,Garcia,1976,17135
7090,Jane,Johnson,1997,18326
7091,David,Miller,1996,12920
7092,James,Jones,1990,18079
7093,Olivia,Miller,1998,16936
7094,William,Rodriguez,1979,11523
7095,Olivia,Garcia,1986,11338
7096,Sarah,Johnson,1984,15927
7097,Michael,Johnson,1987,19340
7098,Emily,Miller,1975,16430
7099,Michael,Rodriguez,1985,14366
7100,Olivia,Garcia,1985,17582
7101,Michael,Williams,1988,12808
7102,Michael,Martinez,2000,18804
7103,Jane,Miller,1971,13671
7104,Michael,Johnson,1999,13494
7105,William,Smith,1999,12051
7106,William,Martinez,2000,10291
7107,Olivia,Miller,1996,11790
7108,Olivia,Brown,1975,16980
7109,Emily,Garcia,1981,11850
7110,Emma,Martinez,1985,14499
7111,Sarah,Rodriguez,1980,19525
7112,Olivia,Jones,1999,12405
7113,David,Williams,1978,16383
7114,William,Johnson,1984,16986
7115,Michael,Miller,1991,15840
7116,Emma,Johnson,1978,15167
7117,Michael,Davis,1983,18433
7118,William,Davis,1998,18077
7119,John,Johnson,1994,14363
7120,James,Johnson,1973,17010
7121,Emily,Williams,1999,13300
7122,Emma,Davis,1978,16395
7123,Jane,Rodriguez,1986,14658
7124,Emily,Davis,1972,18409
7125,John,Garcia,1995,13291
7126,Jane,Miller,1995,10888
7127,James,Johnson,1975,11452
7128,Sarah,Smith,1992,16115
7129,Sarah,Garcia,1976,14433
7130,David,Williams,1985,19891
7131,William,Brown,1986,17750
7132,Olivia,Garcia,1972,11397
7133,Olivia,Johnson,1973,18060
7134,Olivia,Rodriguez,1995,16452
7135,John,Martinez,1985,15893
7136,William,Williams,1990,15665
7137,William,Rodriguez,1980,14679
7138,James,Davis,1992,18358
7139,Olivia,Brown,1990,14174
7140,Michael,Brown,1974,17211
7141,John,Martinez,1984,17082
7142,Jane,Garcia,1993,11233
7143,William,Williams,1991,17530
7144,Emily,Miller,1976,13308
7145,John,Brown,1988,13251
7146,William,Martinez,2000,12436
7147,James,Brown,1975,18081
7148,Emma,Rodriguez,1974,12704
7149,William,Miller,1994,17407
7150,Jane,Davis,1987,19850
7151,William,Davis,1985,18413
7152,Sarah,Johnson,1979,18120
7153,James,Johnson,1996,19988
7154,Emma,Miller,1986,12987
7155,James,Miller,1975,17052
7156,Sarah,Brown,1973,19842
7157,Jane,Davis,1994,10503
7158,John,Smith,1986,17482
7159,Emily,Brown,1974,12718
7160,Emma,Smith,1987,14916
7161,Jane,Brown,1983,19776
7162,Olivia,Garcia,1977,17856
7163,Michael,Garcia,1974,15412
7164,Sarah,Miller,1985,10975
7165,Jane,Williams,1987,10525
7166,Jane,Miller,1987,18947
7167,James,Martinez,1996,15062
7168,Olivia,Miller,1973,12710
7169,Olivia,Davis,1978,14303
7170,Emma,Martinez,1987,10562
7171,David,Brown,1986,16766
7172,David,Smith,1984,19957
7173,John,Rodriguez,1987,19770
7174,Jane,Johnson,1999,11010
7175,John,Brown,2000,15072
7176,John,Miller,1998,14863
7177,David,Jones,1973,18177
7178,Emily,Miller,1993,10462
7179,John,Johnson,1993,10638
7180,Olivia,Smith,1999,12724
7181,James,Brown,1994,10219
7182,John,Rodriguez,1989,19631
7183,William,Davis,1990,19597
7184,James,Williams,1985,17970
7185,David,Garcia,1993,14882
7186,David,Smith,1988,19612
7187,John,Brown,1989,10424
7188,Emma,Johnson,1984,17217
7189,Jane,Garcia,1986,12694
7190,Michael,Rodriguez,1990,12924
7191,David,Williams,1988,19006
7192,David,Martinez,1976,17970
7193,Michael,Miller,1974,11682
7194,Sarah,Miller,1993,16759
7195,Michael,Miller,1970,14529
7196,James,Jones,1998,18167
7197,Olivia,Davis,1987,15715
7198,Michael,Johnson,1991,15500
7199,David,Jones,1972,18948
7200,Michael,Martinez,1993,14948
7201,James,Johnson,1994,11900
7202,Michael,Garcia,1995,18595
7203,William,Martinez,1977,16375
7204,David,Rodriguez,1988,17585
7205,Sarah,Smith,1991,13047
7206,Michael,Johnson,1993,14165
7207,Emily,Davis,1978,13742
7208,John,Davis,1977,17800
7209,William,Jones,1978,12489
7210,Sarah,Miller,1971,16206
7211,Emily,Miller,1988,14020
7212,Olivia,Brown,1997,18963
7213,Olivia,Jones,1979,18198
7214,John,Davis,1993,15128
7215,James,Smith,1977,12790
7216,David,Martinez,1976,12010
7217,John,Smith,1983,12492
7218,James,Smith,1990,19608
7219,David,Brown,1997,14073
7220,David,Miller,1987,11418
7221,David,Rodriguez,1984,10991
7222,Michael,Miller,1980,19291
7223,Emily,Williams,1974,10076
7224,Michael,Garcia,1996,18389
7225,Jane,Williams,1972,18006
7226,David,Martinez,1975,12239
7227,Olivia,Johnson,1975,14493
7228,Emily,Miller,1995,17834
7229,Olivia,Garcia,1999,11806
7230,John,Johnson,1986,12282
7231,Emily,Jones,1997,18629
7232,Michael,Rodriguez,1971,16754
7233,Olivia,Jones,1986,11392
7234,Michael,Brown,1985,18965
7235,Olivia,Rodriguez,1994,11078
7236,John,Davis,1974,13924
7237,Emma,Garcia,1988,12506
7238,William,Smith,1990,17374
7239,James,Brown,1982,12074
7240,Sarah,Brown,1983,15211
7241,Emma,Jones,1982,18428
7242,Emily,Brown,1986,17558
7243,Emily,Jones,1982,19073
7244,John,Williams,1971,11987
7245,Sarah,Garcia,1973,19237
7246,David,Davis,1972,17175
7247,John,Martinez,1994,15069
7248,William,Davis,1986,15314
7249,Emily,Williams,1988,19248
7250,John,Miller,1994,15607
7251,Emily,Smith,1975,12666
7252,Emma,Brown,1983,15921
7253,John,Brown,1991,10941
7254,Olivia,Brown,1989,16366
7255,Emma,Davis,1993,12277
7256,Michael,Smith,1977,11219
7257,Olivia,Brown,1973,10789
7258,Olivia,Brown,1995,12202
7259,David,Smith,1979,12322
7260,Olivia,Jones,1983,15683
7261,Michael,Johnson,1986,15219
7262,Olivia,Martinez,1972,10584
7263,John,Jones,1999,14072
7264,Emma,Garcia,1971,16258
7265,Michael,Johnson,2000,18766
7266,David,Brown,1993,12369
7267,Sarah,Davis,1973,19615
7268,Sarah,Miller,1989,13833
7269,Emily,Johnson,1997,18246
7270,William,Miller,1977,14753
7271,David,Martinez,1974,17471
7272,Emily,Johnson,1997,13000
7273,James,Johnson,1971,18689
7274,James,Garcia,1973,12957
7275,Michael,Martinez,1998,16102
7276,David,Davis,1970,19040
7277,Sarah,Miller,1988,11250
7278,James,Johnson,1995,15495
7279,William,Davis,1999,10370
7280,Jane,Garcia,1985,10424
7281,Sarah,Davis,1970,12346
7282,Olivia,Rodriguez,1971,11843
7283,Emily,Garcia,1994,11862
7284,Emily,Davis,1971,11884
7285,Olivia,Martinez,2000,19599
7286,Michael,Miller,1974,10333
7287,John,Garcia,1999,14873
7288,Sarah,Brown,1987,12274
7289,David,Davis,1995,18209
7290,Sarah,Smith,1973,14532
7291,Olivia,Martinez,1991,13404
7292,James,Martinez,1995,14321
7293,James,Johnson,1980,11582
7294,Olivia,Davis,1995,10033
7295,John,Garcia,1999,18663
7296,Emma,Garcia,1991,18049
7297,Olivia,Miller,1983,18170
7298,Sarah,Rodriguez,1987,13626
7299,David,Williams,1979,11797
7300,Sarah,Williams,1974,19056
7301,Jane,Davis,1975,11031
7302,Jane,Rodriguez,1986,11649
7303,Michael,Martinez,1981,17810
7304,Sarah,Brown,1981,11443
7305,James,Davis,1998,17741
7306,John,Davis,1986,13174
7307,John,Johnson,1986,13367
7308,John,Jones,1977,12091
7309,Emma,Johnson,1978,15139
7310,David,Davis,1999,15108
7311,David,Davis,1991,19874
7312,Olivia,Brown,1989,12288
7313,Emma,Miller,1982,10304
7314,James,Johnson,1970,19124
7315,William,Smith,1993,15627
7316,Michael,Davis,1970,13747
7317,Emily,Garcia,1974,12528
7318,Emma,Johnson,1970,15840
7319,Michael,Brown,1985,19821
7320,William,Johnson,1978,18044
7321,Sarah,Davis,1975,12482
7322,Michael,Rodriguez,1993,12288
7323,David,Brown,1996,13077
7324,Emma,Williams,1982,19446
7325,Jane,Williams,1979,19037
7326,Sarah,Rodriguez,1974,17322
7327,Emma,Rodriguez,1988,14244
7328,Emma,Davis,1971,13021
7329,Emma,Miller,1985,13730
7330,Emily,Johnson,1991,13565
7331,William,Garcia,1973,17925
7332,James,Jones,1998,18984
7333,Sarah,Brown,1974,15018
7334,David,Martinez,1993,14656
7335,Olivia,Brown,1980,12973
7336,James,Rodriguez,1974,10055
7337,Jane,Johnson,1980,11776
7338,Sarah,Miller,1999,12626
7339,William,Jones,1971,11926
7340,John,Davis,2000,15371
7341,Emily,Martinez,1998,10169
7342,Sarah,Smith,1986,16524
7343,David,Brown,1997,11083
7344,Sarah,Miller,1986,18314
7345,Jane,Rodriguez,1972,19492
7346,William,Williams,1999,12885
7347,William,Davis,1973,18346
7348,Emma,Rodriguez,1991,14107
7349,Jane,Davis,1974,17156
7350,Olivia,Rodriguez,1998,19858
7351,Emma,Rodriguez,1975,19922
7352,David,Jones,1970,14831
7353,Emma,Davis,1985,13908
7354,Michael,Garcia,1998,11306
7355,John,Johnson,1994,11609
7356,David,Johnson,1975,19123
7357,David,Miller,1975,13833
7358,James,Jones,1980,16925
7359,William,Rodriguez,1997,10968
7360,Emily,Davis,1985,19244
7361,James,Davis,1983,10766
7362,Olivia,Brown,1993,14764
7363,Jane,Brown,1989,11161
7364,David,Davis,2000,13906
7365,Emily,Davis,1989,12037
7366,Emma,Martinez,1971,18374
7367,Olivia,Rodriguez,1987,19039
7368,William,Smith,1977,17884
7369,Jane,Johnson,1983,18750
7370,James,Garcia,1992,11356
7371,Michael,Jones,1973,18367
7372,David,Garcia,1997,13100
7373,William,Miller,1992,14137
7374,Jane,Martinez,1991,10245
7375,Emma,Rodriguez,1996,14195
7376,Jane,Garcia,2000,14800
7377,Emily,Miller,1980,16181
7378,Sarah,Rodriguez,1998,16551
7379,John,Jones,1971,12540
7380,Olivia,Johnson,1979,11065
7381,Sarah,Williams,1996,19050
7382,Jane,Williams,1970,11649
7383,Sarah,Garcia,1992,15725
7384,Sarah,Garcia,2000,18470
7385,Sarah,Smith,1987,19054
7386,Michael,Davis,1987,19700
7387,William,Johnson,1995,17905
7388,Jane,Smith,1997,13716
7389,Jane,Davis,1975,12572
7390,Olivia,Rodriguez,1990,10633
7391,Olivia,Garcia,1987,10527
7392,Emily,Jones,1970,16078
7393,James,Smith,1980,14179
7394,James,Smith,1994,14136
7395,Emma,Miller,1988,12623
7396,David,Smith,1986,17391
7397,John,Brown,1979,13475
7398,David,Miller,1977,13265
7399,David,Williams,1982,16961
7400,Emily,Jones,1989,12505
7401,John,Rodriguez,1975,18298
7402,David,Davis,1989,19711
7403,Emily,Davis,1994,10850
7404,James,Smith,1988,14457
7405,Emma,Jones,1983,11280
7406,Michael,Johnson,1997,15638
7407,Jane,Johnson,1997,10514
7408,Jane,Williams,1978,18977
7409,John,Smith,2000,17142
7410,Jane,Davis,1998,17251
7411,Emma,Williams,1990,15560
7412,Jane,Jones,1990,13862
7413,William,Martinez,1999,19234
7414,David,Smith,1981,19060
7415,Olivia,Martinez,1993,12556
7416,Michael,Johnson,1984,19552
7417,Sarah,Williams,1980,12453
7418,David,Johnson,1994,17285
7419,Emma,Garcia,1993,18092
7420,Jane,Williams,1977,15188
7421,John,Rodriguez,1978,13882
7422,Emma,Martinez,1990,11135
7423,James,Martinez,1997,14324
7424,Michael,Johnson,1978,19451
7425,David,Jones,1988,12170
7426,Olivia,Davis,1978,17512
7427,Michael,Rodriguez,1997,11585
7428,Emma,Smith,1985,17691
7429,Olivia,Brown,1981,12761
7430,William,Brown,1987,11211
7431,Emma,Johnson,1970,13642
7432,Olivia,Rodriguez,1984,13049
7433,Emily,Brown,1984,17546
7434,Olivia,Johnson,1974,10407
7435,David,Garcia,1984,13323
7436,Olivia,Smith,2000,11516
7437,James,Martinez,1972,19440
7438,David,Martinez,1975,19663
7439,Michael,Johnson,1999,15823
7440,William,Garcia,1990,16048
7441,Olivia,Smith,1977,10487
7442,Sarah,Garcia,1984,15917
7443,James,Smith,2000,15720
7444,James,Smith,1983,15089
7445,Olivia,Davis,1975,14875
7446,William,Rodriguez,1993,16730
7447,Emily,Brown,1984,10392
7448,Michael,Davis,1983,14389
7449,James,Brown,1986,15282
7450,John,Williams,2000,14150
7451,Olivia,Martinez,1988,14518
7452,John,Brown,1998,12053
7453,William,Brown,1982,19514
7454,Michael,Miller,1973,10535
7455,James,Smith,1977,16625
7456,John,Davis,1987,11419
7457,John,Garcia,1985,10975
7458,Emma,Martinez,1988,17128
7459,David,Williams,1989,14673
7460,Sarah,Williams,1976,16832
7461,Olivia,Garcia,2000,10908
7462,James,Davis,2000,14747
7463,James,Martinez,1977,13222
7464,William,Williams,1992,14049
7465,William,Rodriguez,1994,18473
7466,Michael,Garcia,1985,11182
7467,James,Williams,1988,13358
7468,Jane,Martinez,1990,17847
7469,James,Smith,1976,18698
7470,James,Smith,1985,18069
7471,Sarah,Jones,1992,11204
7472,James,Rodriguez,1991,15397
7473,James,Jones,1993,14862
7474,David,Rodriguez,1984,11461
7475,Emily,Smith,1975,16558
7476,James,Jones,1971,11203
7477,Sarah,Garcia,1977,18646
7478,Michael,Martinez,1983,16070
7479,James,Williams,1996,11339
7480,William,Martinez,1982,14390
7481,Emma,Jones,1998,11195
7482,Jane,Brown,1987,18073
7483,Olivia,Williams,1983,11271
7484,William,Smith,1996,10703
7485,Jane,Martinez,1978,18407
7486,David,Davis,1986,12059
7487,Emma,Rodriguez,1987,13925
7488,Olivia,Jones,1989,18964
7489,Sarah,Miller,1975,17336
7490,David,Garcia,1991,12911
7491,Michael,Martinez,1976,10130
7492,Emily,Jones,1975,17747
7493,James,Johnson,1984,19392
7494,David,Rodriguez,1981,19940
7495,Olivia,Martinez,2000,16105
7496,Sarah,Jones,1983,15087
7497,Olivia,Johnson,1989,17214
7498,Jane,Garcia,1979,19529
7499,John,Davis,1983,11784
7500,Emily,Garcia,1980,14717
7501,John,Johnson,1994,17486
7502,David,Martinez,1981,12975
7503,Jane,Davis,1976,12667
7504,Emma,Williams,1986,12175
7505,David,Johnson,1976,18366
7506,William,Smith,1973,10423
7507,Jane,Jones,1981,16627
7508,Emma,Martinez,1985,11189
7509,Jane,Miller,1981,19902
7510,William,Jones,2000,11022
7511,Jane,Williams,1979,19536
7512,David,Martinez,1986,15781
7513,John,Martinez,1997,12616
7514,Jane,Johnson,1977,13093
7515,John,Miller,1996,16626
7516,Emma,Smith,1985,12464
7517,David,Jones,1977,13167
7518,Michael,Johnson,1985,15820
7519,John,Johnson,1971,16511
7520,Emily,Jones,1994,15347
7521,William,Jones,1999,14241
7522,John,Williams,1977,15950
7523,Michael,Davis,1972,18084
7524,David,Garcia,1993,11978
7525,Olivia,Garcia,1981,12644
7526,Jane,Johnson,1993,11893
7527,Jane,Davis,1972,14688
7528,William,Martinez,1976,15241
7529,Michael,Jones,1989,10623
7530,John,Davis,1983,10682
7531,John,Davis,1983,11431
7532,Jane,Miller,1984,16954
7533,Jane,Garcia,1979,18164
7534,Emily,Rodriguez,1995,15191
7535,Olivia,Rodriguez,2000,10613
7536,James,Martinez,1991,12828
7537,Emma,Miller,1985,10651
7538,James,Smith,1976,19590
7539,William,Jones,1975,12664
7540,John,Davis,1979,15752
7541,Jane,Martinez,1997,19064
7542,William,Martinez,1991,17050
7543,Michael,Rodriguez,2000,14609
7544,Sarah,Martinez,1992,14617
7545,Jane,Davis,1980,13158
7546,James,Garcia,1988,14400
7547,Emily,Miller,1976,11967
7548,Sarah,Jones,1999,17216
7549,James,Garcia,1972,11719
7550,Emma,Miller,1977,12357
7551,Sarah,Miller,1996,11307
7552,Emily,Johnson,1988,18766
7553,Michael,Miller,1978,13109
7554,Michael,Smith,1997,10036
7555,Olivia,Brown,1989,13270
7556,Sarah,Martinez,1999,13812
7557,William,Garcia,1989,17380
7558,William,Garcia,1993,17900
7559,David,Brown,1999,10660
7560,Emily,Rodriguez,1982,19605
7561,Michael,Johnson,1990,11090
7562,William,Davis,1996,11842
7563,William,Miller,1997,11139
7564,Jane,Martinez,1980,11280
7565,James,Garcia,1990,17432
7566,Emily,Rodriguez,1996,11143
7567,Sarah,Williams,1970,11566
7568,Sarah,Brown,1970,10922
7569,David,Rodriguez,1994,14502
7570,Michael,Jones,1996,17488
7571,Emily,Miller,1976,15052
7572,James,Brown,1985,10641
7573,John,Martinez,1970,12025
7574,Olivia,Jones,1986,15779
7575,John,Jones,1974,15624
7576,John,Brown,1970,17062
7577,John,Rodriguez,1995,10275
7578,James,Smith,1991,19339
7579,Emily,Garcia,1999,10596
7580,James,Rodriguez,1999,17945
7581,John,Jones,1989,12486
7582,William,Rodriguez,1991,11582
7583,Olivia,Garcia,1996,10816
7584,Michael,Jones,1970,12159
7585,Michael,Rodriguez,1975,14920
7586,James,Brown,1991,17587
7587,David,Brown,2000,19388
7588,Jane,Davis,1991,10607
7589,David,Davis,1996,10970
7590,James,Garcia,1991,12485
7591,Jane,Johnson,1981,11940
7592,William,Smith,1980,19022
7593,Jane,Brown,1999,10211
7594,David,Garcia,1979,18176
7595,John,Miller,1973,10398
7596,James,Brown,1988,13533
7597,Jane,Davis,1977,10537
7598,Emily,Brown,1988,11931
7599,James,Martinez,1976,13897
7600,Emily,Jones,1997,14051
7601,Michael,Rodriguez,1992,10653
7602,Sarah,Miller,1995,10017
7603,David,Smith,2000,16225
7604,John,Smith,1974,19453
7605,James,Garcia,1990,15628
7606,Olivia,Jones,2000,16186
7607,Emily,Brown,1986,17771
7608,William,Garcia,1984,15867
7609,Emma,Johnson,1984,14188
7610,Emma,Johnson,1987,16793
7611,Olivia,Smith,1992,13242
7612,John,Jones,1994,12812
7613,Michael,Brown,1982,12275
7614,David,Smith,1999,19623
7615,Emma,Jones,2000,17377
7616,Olivia,Smith,1988,14344
7617,Olivia,Rodriguez,1988,11036
7618,Jane,Martinez,1978,11538
7619,James,Rodriguez,1998,19401
7620,Jane,Johnson,1978,16338
7621,James,Garcia,1983,12542
7622,Emily,Rodriguez,1978,12807
7623,James,Garcia,1984,17207
7624,Emily,Williams,1991,13693
7625,David,Brown,1985,18299
7626,Emma,Jones,1984,17256
7627,James,Smith,1980,11077
7628,Michael,Williams,1981,13044
7629,Emily,Rodriguez,1997,10550
7630,Olivia,Davis,1970,12135
7631,Sarah,Garcia,1970,13350
7632,Emma,Davis,1974,19441
7633,James,Brown,1974,11435
7634,Emma,Garcia,1994,18149
7635,James,Smith,1990,11039
7636,Emma,Smith,1992,12388
7637,Michael,Garcia,1995,11842
7638,Michael,Garcia,1977,10475
7639,John,Martinez,1976,13168
7640,Michael,Garcia,1973,19106
7641,John,Miller,1976,17464
7642,David,Smith,1989,14317
7643,James,Miller,1984,16300
7644,Sarah,Smith,1994,11121
7645,James,Johnson,1979,18252
7646,Emma,Garcia,1972,16199
7647,Olivia,Williams,1970,11761
7648,Emma,Martinez,1974,13248
7649,James,Brown,1979,10737
7650,Emma,Smith,1997,14842
7651,David,Garcia,1981,10890
7652,Sarah,Johnson,1983,15100
7653,Sarah,Williams,1991,14038
7654,David,Davis,1977,13035
7655,Jane,Johnson,1997,15552
7656,Emily,Johnson,1974,13740
7657,John,Johnson,1999,13116
7658,Emily,Brown,1983,15331
7659,Olivia,Brown,1970,12444
7660,Olivia,Smith,1974,11783
7661,Emily,Rodriguez,1997,19599
7662,Michael,Williams,1973,16346
7663,James,Smith,1983,19895
7664,Emma,Williams,1971,15879
7665,Sarah,Davis,1992,17423
7666,William,Jones,1973,16432
7667,Jane,Garcia,2000,18069
7668,Emily,Williams,1983,15334
7669,Sarah,Davis,1981,17759
7670,Olivia,Rodriguez,1990,11678
7671,Michael,Smith,1989,11681
7672,Sarah,Jones,2000,18608
7673,John,Martinez,1970,11393
7674,Emma,Brown,1991,10288
7675,John,Johnson,1993,14532
7676,Emma,Rodriguez,1983,11970
7677,David,Smith,1999,16137
7678,Jane,Williams,1996,13884
7679,William,Miller,1973,13567
7680,Michael,Rodriguez,1987,17210
7681,David,Smith,1977,16566
7682,James,Rodriguez,1990,13060
7683,Jane,Garcia,1993,14034
7684,Emma,Brown,1983,15790
7685,Olivia,Williams,1980,11530
7686,James,Brown,1997,15048
7687,Olivia,Rodriguez,1977,10858
7688,Emily,Williams,1984,17316
7689,Jane,Brown,1976,12939
7690,Emily,Brown,1992,19198
7691,Emily,Jones,1982,11046
7692,William,Rodriguez,1982,13897
7693,David,Miller,1988,17736
7694,Sarah,Williams,1976,18241
7695,James,Johnson,1973,19337
7696,Olivia,Rodriguez,1999,12149
7697,David,Davis,1985,15402
7698,Emma,Miller,1988,12805
7699,James,Smith,1987,11360
7700,Jane,Miller,1990,11980
7701,Olivia,Rodriguez,1994,17891
7702,Olivia,Jones,1986,15186
7703,James,Johnson,1997,15383
7704,Michael,Miller,1990,10842
7705,Michael,Garcia,2000,11295
7706,Emily,Rodriguez,1976,13605
7707,Sarah,Miller,1993,19357
7708,Emma,Miller,1980,16089
7709,Olivia,Williams,1975,16377
7710,Emma,Davis,1997,17406
7711,Michael,Rodriguez,1987,12935
7712,Emily,Williams,1973,18475
7713,William,Rodriguez,1993,18150
7714,Olivia,Miller,1980,11250
7715,John,Jones,1976,12886
7716,James,Jones,1992,16067
7717,James,Smith,1973,16255
7718,Emily,Johnson,1984,18620
7719,Sarah,Garcia,1995,17536
7720,Michael,Rodriguez,1983,11470
7721,Emily,Miller,1999,12378
7722,Emily,Davis,1981,10516
7723,Michael,Smith,1994,19712
7724,Olivia,Davis,1986,12236
7725,Emily,Garcia,1998,17270
7726,John,Garcia,1989,16363
7727,Michael,Johnson,1981,18034
7728,Olivia,Jones,1986,10817
7729,William,Johnson,1970,18814
7730,Emma,Smith,1976,12691
7731,Jane,Williams,1992,19920
7732,David,Miller,1982,15959
7733,John,Miller,1999,19486
7734,David,Davis,1987,14923
7735,Emma,Williams,1992,15617
7736,Sarah,Martinez,1977,11444
7737,Michael,Johnson,1984,19647
7738,Sarah,Brown,1996,19794
7739,David,Martinez,1978,18346
7740,John,Williams,1970,15440
7741,William,Garcia,1992,18963
7742,James,Smith,1998,15643
7743,Emma,Garcia,1988,11348
7744,Emma,Garcia,1978,16564
7745,Emily,Rodriguez,1996,11282
7746,Jane,Jones,1971,15704
7747,William,Johnson,1992,14769
7748,James,Williams,2000,16319
7749,Michael,Davis,1991,12847
7750,Olivia,Miller,1979,16277
7751,James,Davis,1980,17335
7752,William,Brown,1977,14107
7753,Jane,Garcia,1993,17559
7754,John,Johnson,1987,15344
7755,James,Williams,1989,15231
7756,Olivia,Miller,1986,17468
7757,John,Johnson,1982,14359
7758,David,Jones,1989,16844
7759,Emily,Miller,1993,11712
7760,Michael,Brown,1989,15580
7761,David,Garcia,1983,17174
7762,Jane,Smith,1988,17288
7763,John,Rodriguez,1994,10327
7764,Michael,Williams,1972,18381
7765,Jane,Martinez,1974,15437
7766,Olivia,Miller,1980,19448
7767,Olivia,Jones,1991,12375
7768,James,Martinez,1986,12053
7769,William,Johnson,1978,14894
7770,Olivia,Johnson,1970,13369
7771,William,Jones,1978,11213
7772,David,Johnson,1972,11456
7773,Emma,Garcia,1981,10800
7774,Olivia,Rodriguez,1980,17669
7775,John,Johnson,1995,18257
7776,Sarah,Jones,1995,10475
7777,Sarah,Brown,1976,15711
7778,John,Rodriguez,1983,15721
7779,John,Davis,1970,11896
7780,Sarah,Davis,1990,12521
7781,James,Williams,1987,15751
7782,Jane,Williams,1980,16605
7783,Emily,Miller,1975,17169
7784,John,Johnson,1984,13856
7785,Sarah,Williams,1990,10353
7786,Michael,Williams,1991,10743
7787,William,Martinez,1972,12430
7788,Sarah,Jones,1991,13114
7789,John,Johnson,1991,19551
7790,Emma,Brown,1986,13046
7791,Emily,Williams,1978,13651
7792,William,Brown,1971,17238
7793,Olivia,Martinez,1988,14579
7794,Sarah,Davis,1977,10005
7795,William,Johnson,1971,13058
7796,David,Johnson,1988,13118
7797,Emma,Jones,1971,19587
7798,Jane,Garcia,1974,13046
7799,Olivia,Rodriguez,1988,15112
7800,Olivia,Brown,1975,16890
7801,Emma,Rodriguez,1988,15930
7802,Emily,Miller,1977,14236
7803,John,Davis,1986,18336
7804,James,Johnson,1976,18919
7805,William,Williams,1993,17005
7806,Sarah,Miller,1971,10323
7807,Emma,Jones,1981,14171
7808,John,Davis,1998,12418
7809,Michael,Rodriguez,1988,12862
7810,John,Johnson,1989,14040
7811,William,Brown,1986,11199
7812,Sarah,Miller,1976,15771
7813,William,Smith,1976,13081
7814,David,Garcia,1992,14809
7815,John,Williams,1973,18114
7816,Michael,Smith,1983,15235
7817,James,Brown,1976,13008
7818,William,Brown,2000,19202
7819,David,Davis,1981,14568
7820,John,Jones,1970,18136
7821,Emily,Jones,1971,14468
7822,William,Davis,1984,14364
7823,James,Williams,1981,12293
7824,Olivia,Smith,1972,10669
7825,James,Martinez,1981,18736
7826,Sarah,Rodriguez,1998,13665
7827,Sarah,Garcia,1976,11995
7828,Jane,Brown,1993,19239
7829,David,Martinez,1971,18642
7830,Jane,Garcia,1972,18677
7831,John,Brown,1973,15562
7832,Sarah,Davis,1995,11558
7833,David,Brown,1994,14040
7834,Olivia,Davis,1973,17867
7835,Emily,Brown,1974,18715
7836,Michael,Smith,1990,19070
7837,Emily,Jones,1973,19374
7838,David,Williams,1978,13620
7839,Emily,Garcia,1987,17019
7840,David,Rodriguez,2000,17666
7841,Michael,Jones,1992,10090
7842,Sarah,Brown,1989,16482
7843,Emma,Jones,1991,12857
7844,Olivia,Williams,1974,18398
7845,Olivia,Garcia,1997,12859
7846,James,Williams,1990,13670
7847,John,Johnson,1982,11500
7848,James,Johnson,1989,16909
7849,William,Williams,1977,18451
7850,Jane,Martinez,1997,12025
7851,Emily,Garcia,1997,19004
7852,David,Rodriguez,1987,16128
7853,Emma,Garcia,1980,13165
7854,James,Smith,1971,19193
7855,Michael,Martinez,1982,17589
7856,Sarah,Rodriguez,1972,18221
7857,Emma,Smith,1978,18446
7858,Emma,Rodriguez,1998,14307
7859,David,Johnson,1981,10771
7860,Olivia,Miller,1995,11656
7861,Michael,Jones,1980,16401
7862,David,Smith,1981,13878
7863,David,Smith,1980,18752
7864,Jane,Jones,1976,12049
7865,Michael,Johnson,1998,14293
7866,William,Davis,1998,15790
7867,William,Johnson,1998,11042
7868,David,Jones,1976,18585
7869,Michael,Rodriguez,1975,15324
7870,Emily,Rodriguez,1999,10456
7871,John,Smith,1973,18432
7872,William,Martinez,1995,10108
7873,Michael,Rodriguez,1971,18831
7874,Emma,Brown,1981,10631
7875,Sarah,Miller,1982,16664
7876,Emma,Rodriguez,1982,10194
7877,Emily,Smith,1989,13476
7878,Olivia,Brown,1991,11104
7879,Jane,Jones,1987,18346
7880,Emma,Williams,1978,17409
7881,Jane,Brown,1975,10104
7882,John,Garcia,1977,11380
7883,David,Williams,1996,10844
7884,Michael,Smith,1978,14220
7885,John,Johnson,1998,13494
7886,Emily,Garcia,1986,13368
7887,David,Rodriguez,1991,18531
7888,Emily,Jones,1984,11901
7889,William,Smith,1985,17150
7890,Michael,Davis,1993,17443
7891,Emma,Smith,1975,11187
7892,John,Brown,1975,12393
7893,David,Martinez,1975,12474
7894,James,Jones,1985,15795
7895,John,Johnson,1994,12924
7896,Jane,Johnson,1992,19841
7897,Emma,Rodriguez,1989,19456
7898,John,Jones,1998,13036
7899,Michael,Rodriguez,1985,12652
7900,William,Brown,1979,18229
7901,Jane,Brown,1993,12898
7902,Michael,Smith,2000,15868
7903,John,Miller,1970,11338
7904,Emma,Garcia,1993,10815
7905,Olivia,Smith,2000,10496
7906,Olivia,Brown,1973,17612
7907,William,Johnson,1977,12638
7908,David,Williams,1990,12522
7909,Olivia,Williams,1973,19771
7910,Emily,Williams,1983,12345
7911,David,Rodriguez,2000,10943
7912,Emily,Rodriguez,1990,13716
7913,James,Brown,1992,10436
7914,Olivia,Martinez,1998,12236
7915,Jane,Rodriguez,1993,15268
7916,James,Johnson,1991,14530
7917,Emma,Rodriguez,1980,16986
7918,Sarah,Miller,1977,12693
7919,William,Garcia,1987,15132
7920,William,Martinez,1975,18084
7921,Michael,Brown,1999,11997
7922,Michael,Miller,1995,16378
7923,David,Williams,1996,14509
7924,Michael,Rodriguez,1982,18958
7925,Olivia,Garcia,1973,16513
7926,Emily,Smith,1970,13212
7927,Emily,Johnson,1982,12260
7928,David,Brown,1994,12607
7929,James,Rodriguez,1988,19370
7930,John,Martinez,2000,15822
7931,James,Smith,1996,15873
7932,Emma,Johnson,1973,13108
7933,Emma,Miller,1980,19105
7934,Emma,Smith,1982,10676
7935,David,Jones,1974,15510
7936,Michael,Brown,1979,14889
7937,Jane,Rodriguez,1981,12238
7938,John,Miller,1977,14528
7939,Sarah,Davis,2000,15025
7940,Emily,Williams,1976,15302
7941,John,Johnson,1995,16413
7942,Jane,Smith,1975,17994
7943,Olivia,Johnson,1994,12373
7944,Sarah,Brown,1977,10851
7945,Emily,Garcia,1985,17648
7946,John,Garcia,1995,11904
7947,Emma,Williams,1993,13873
7948,David,Jones,1998,12114
7949,Sarah,Johnson,1978,16883
7950,Michael,Rodriguez,1984,17606
7951,David,Smith,1990,11725
7952,John,Davis,2000,17904
7953,John,Jones,1970,11868
7954,William,Garcia,1983,10811
7955,Sarah,Martinez,1978,19752
7956,Sarah,Williams,1980,19171
7957,James,Jones,1995,15318
7958,John,Davis,1978,13028
7959,William,Williams,1985,13257
7960,Olivia,Brown,1997,11187
7961,Olivia,Smith,1986,15834
7962,Jane,Johnson,1987,11318
7963,David,Brown,1999,18119
7964,Emma,Brown,1999,19800
7965,Michael,Brown,1995,13765
7966,Michael,Garcia,1975,16395
7967,Sarah,Davis,1994,18301
7968,Sarah,Williams,1975,15222
7969,Jane,Brown,1976,18525
7970,Michael,Brown,1970,12297
7971,Emma,Davis,1999,19545
7972,Emma,Williams,1978,17551
7973,Jane,Smith,1985,12971
7974,William,Johnson,1973,18236
7975,Michael,Miller,1980,17709
7976,Emily,Williams,1998,13814
7977,Jane,Jones,1988,16362
7978,John,Johnson,1993,16990
7979,David,Johnson,1985,15927
7980,Emily,Davis,1984,11382
7981,Michael,Martinez,1997,10903
7982,David,Miller,1976,11034
7983,James,Jones,1971,10428
7984,John,Brown,1974,15175
7985,William,Rodriguez,1979,14113
7986,Sarah,Brown,1993,18849
7987,Emma,Rodriguez,1970,15055
7988,Jane,Williams,1978,16975
7989,Olivia,Smith,1992,18631
7990,Michael,Johnson,1975,19489
7991,John,Brown,1996,13409
7992,Emma,Rodriguez,1988,18771
7993,David,Williams,1982,11963
7994,Emily,Jones,1979,11581
7995,Emma,Martinez,1978,14271
7996,Michael,Johnson,1981,17321
7997,Michael,Davis,1982,19406
7998,Emma,Johnson,1977,11976
7999,John,Rodriguez,1979,16242
8000,James,Martinez,1979,11657
8001,Olivia,Davis,1989,19215
8002,Sarah,Garcia,1994,16093
8003,Jane,Johnson,1980,16534
8004,Sarah,Rodriguez,1994,14730
8005,James,Jones,1974,15752
8006,Emma,Williams,1972,11075
8007,Emily,Miller,1997,10400
8008,Olivia,Johnson,1995,19256
8009,John,Rodriguez,1982,12465
8010,Jane,Brown,1980,17166
8011,James,Miller,1991,18429
8012,Emily,Smith,1993,18089
8013,John,Garcia,1994,10802
8014,Olivia,Smith,1975,17544
8015,Jane,Martinez,1979,19826
8016,Emily,Brown,1981,18463
8017,John,Martinez,2000,12465
8018,Sarah,Davis,1990,13186
8019,David,Martinez,1977,12500
8020,Michael,Rodriguez,1986,19656
8021,Emma,Martinez,1992,16907
8022,Emily,Smith,1984,14477
8023,Emma,Smith,1973,15235
8024,Emma,Jones,1986,18855
8025,John,Rodriguez,1971,11813
8026,John,Johnson,1982,18517
8027,John,Martinez,1986,17299
8028,John,Smith,1994,17456
8029,Olivia,Williams,1981,13334
8030,John,Miller,1994,17736
8031,David,Johnson,2000,16701
8032,David,Miller,1997,11774
8033,Olivia,Miller,1991,17121
8034,Emily,Miller,1997,18875
8035,Olivia,Martinez,1983,16313
8036,James,Smith,1974,11541
8037,Michael,Jones,1973,10935
8038,James,Brown,1977,16584
8039,John,Miller,1993,13843
8040,Jane,Brown,1988,12606
8041,Olivia,Rodriguez,1986,19890
8042,William,Davis,1990,16721
8043,Michael,Martinez,1988,13162
8044,William,Johnson,1983,10078
8045,James,Davis,1996,10382
8046,James,Martinez,1977,18449
8047,Sarah,Smith,1976,13606
8048,Olivia,Williams,1979,14095
8049,William,Rodriguez,1976,12668
8050,Emily,Miller,1977,15524
8051,David,Garcia,1997,11496
8052,David,Martinez,1976,11116
8053,Emily,Smith,1982,14634
8054,William,Davis,1977,11248
8055,John,Miller,1992,14055
8056,David,Miller,1973,10139
8057,James,Martinez,2000,15244
8058,David,Rodriguez,1985,14936
8059,David,Williams,1980,10679
8060,Jane,Jones,1970,10152
8061,Michael,Jones,1981,18486
8062,John,Williams,1980,16928
8063,William,Rodriguez,1970,11721
8064,Olivia,Williams,1999,10429
8065,James,Miller,1976,19330
8066,Olivia,Rodriguez,1990,12369
8067,Olivia,Johnson,1999,14988
8068,Michael,Jones,1998,18934
8069,Olivia,Garcia,1992,12068
8070,Emma,Miller,1989,15747
8071,William,Martinez,1994,14778
8072,John,Martinez,1976,19742
8073,John,Davis,1984,16419
8074,Emma,Smith,1986,12847
8075,Emily,Rodriguez,1971,17485
8076,Jane,Williams,1987,15909
8077,James,Garcia,1972,12360
8078,Emma,Jones,1977,11471
8079,David,Davis,1981,18747
8080,William,Rodriguez,1983,14648
8081,Sarah,Williams,1981,15683
8082,Olivia,Smith,1972,11524
8083,Olivia,Garcia,1973,18146
8084,Emma,Williams,1971,17015
8085,Michael,Jones,1971,19203
8086,Emily,Jones,1998,16358
8087,Emma,Martinez,1994,15568
8088,John,Smith,2000,11431
8089,Olivia,Martinez,1977,11477
8090,Emily,Johnson,1981,13119
8091,John,Martinez,1987,15986
8092,David,Jones,1977,11208
8093,Emily,Rodriguez,1996,18130
8094,William,Williams,1994,11546
8095,James,Rodriguez,1992,18007
8096,Olivia,Johnson,1988,19414
8097,Sarah,Smith,1984,11360
8098,Emma,Brown,1995,15117
8099,Michael,Williams,1979,14045
8100,Michael,Smith,1980,18813
8101,Michael,Johnson,1997,13118
8102,Michael,Jones,1982,18571
8103,Jane,Smith,1974,10505
8104,Olivia,Brown,1996,19356
8105,William,Rodriguez,1999,11369
8106,Emma,Garcia,1978,19247
8107,Olivia,Martinez,1970,16100
8108,Sarah,Garcia,1984,12316
8109,Olivia,Jones,1984,19934
8110,Olivia,Williams,1970,13740
8111,David,Johnson,1972,16926
8112,Emma,Davis,1970,10640
8113,James,Davis,1992,16493
8114,Sarah,Jones,1980,14765
8115,John,Smith,1970,10199
8116,Emily,Garcia,1993,12650
8117,Michael,Williams,1974,12855
8118,Emma,Garcia,1972,14975
8119,Michael,Martinez,1991,11832
8120,William,Martinez,1972,12580
8121,Sarah,Williams,1996,17891
8122,James,Rodriguez,1981,19392
8123,Emily,Martinez,1988,19435
8124,Sarah,Jones,1993,18025
8125,Jane,Garcia,1972,16779
8126,John,Smith,1997,15480
8127,Olivia,Miller,1975,10352
8128,Emma,Williams,2000,18701
8129,James,Johnson,1994,11041
8130,John,Williams,1976,10557
8131,John,Williams,1972,14103
8132,Olivia,Garcia,1999,16716
8133,Michael,Davis,1998,16442
8134,Emma,Williams,1975,13669
8135,Emma,Johnson,1980,13383
8136,James,Johnson,1979,18293
8137,Sarah,Davis,1979,12751
8138,David,Garcia,1991,15761
8139,John,Garcia,1998,11860
8140,Jane,Johnson,1976,12374
8141,Emily,Johnson,1975,18325
8142,Sarah,Martinez,1988,18091
8143,Michael,Johnson,1971,14281
8144,Olivia,Williams,1996,13992
8145,James,Jones,1978,10716
8146,James,Brown,1997,17590
8147,David,Martinez,1987,10085
8148,Emily,Rodriguez,1974,13686
8149,Sarah,Martinez,1979,16828
8150,Emily,Brown,2000,15356
8151,John,Rodriguez,1992,16123
8152,William,Davis,1983,18012
8153,William,Johnson,1999,19070
8154,David,Johnson,1997,18526
8155,Sarah,Brown,1989,13846
8156,Emily,Rodriguez,1993,12240
8157,Olivia,Williams,1991,13365
8158,Olivia,Johnson,1988,12974
8159,John,Rodriguez,1993,12330
8160,Michael,Martinez,1974,14360
8161,James,Johnson,1995,14202
8162,Emma,Davis,1992,10151
8163,David,Davis,1971,10630
8164,Olivia,Miller,1977,16428
8165,William,Smith,1982,12818
8166,Olivia,Miller,1991,19876
8167,Olivia,Johnson,1972,10655
8168,Olivia,Rodriguez,1994,16688
8169,Olivia,Williams,1981,16600
8170,James,Miller,1982,12551
8171,William,Garcia,1985,12095
8172,James,Miller,2000,16107
8173,Emily,Rodriguez,1974,15546
8174,John,Jones,1991,10527
8175,David,Jones,1978,14247
8176,John,Davis,1986,13183
8177,Emma,Williams,1982,14172
8178,Emma,Davis,1990,15563
8179,James,Williams,1982,15876
8180,Sarah,Williams,1996,12735
8181,William,Miller,1975,19012
8182,Olivia,Williams,1973,12160
8183,David,Miller,1979,10345
8184,Michael,Smith,1994,13081
8185,James,Johnson,1971,14752
8186,Michael,Rodriguez,1996,10454
8187,William,Johnson,1974,15479
8188,John,Martinez,1980,19411
8189,Sarah,Garcia,1989,13984
8190,James,Brown,1994,12655
8191,William,Davis,2000,16898
8192,Emily,Jones,1987,17610
8193,Olivia,Smith,1973,11370
8194,James,Rodriguez,1983,10227
8195,Sarah,Johnson,1980,13126
8196,Sarah,Garcia,1994,13626
8197,Sarah,Brown,1984,16510
8198,Jane,Davis,1973,13620
8199,Jane,Smith,1972,18000
8200,John,Martinez,1973,16094
8201,Jane,Martinez,1989,11579
8202,John,Brown,1975,19154
8203,William,Johnson,1992,17101
8204,John,Johnson,1971,13775
8205,Olivia,Rodriguez,1977,14901
8206,John,Garcia,1974,15094
8207,James,Jones,1990,12961
8208,James,Brown,1975,10309
8209,Michael,Davis,1975,15585
8210,Michael,Miller,1977,11925
8211,James,Miller,1986,13830
8212,Emma,Martinez,1977,13523
8213,Sarah,Martinez,1978,15939
8214,William,Rodriguez,1973,13832
8215,Jane,Smith,1970,13493
8216,Emily,Johnson,1989,13891
8217,Michael,Garcia,1986,14631
8218,James,Martinez,1995,12578
8219,Emma,Garcia,1984,16912
8220,Jane,Davis,1988,15183
8221,Jane,Rodriguez,1984,18562
8222,Olivia,Brown,1974,19650
8223,Olivia,Rodriguez,1985,11450
8224,Emma,Garcia,1992,16893
8225,William,Miller,1999,14881
8226,Emily,Miller,1980,12171
8227,Michael,Smith,1971,12264
8228,Michael,Brown,1973,10998
8229,Emily,Miller,1978,18573
8230,John,Williams,1975,12399
8231,Sarah,Miller,1995,18061
8232,Michael,Jones,1975,12708
8233,Michael,Brown,1980,14389
8234,Michael,Rodriguez,1984,14262
8235,Emma,Garcia,1986,16362
8236,David,Jones,1972,13131
8237,John,Miller,1973,16255
8238,Jane,Johnson,1981,16121
8239,Sarah,Miller,1999,15700
8240,William,Johnson,1975,19521
8241,John,Davis,1986,17820
8242,Sarah,Miller,1980,11166
8243,Emily,Rodriguez,1994,14904
8244,John,Smith,1971,19386
8245,James,Rodriguez,1994,19114
8246,Emily,Jones,1981,18820
8247,Jane,Brown,1985,11905
8248,Emily,Brown,1982,10145
8249,Olivia,Garcia,1973,18530
8250,Olivia,Jones,1994,16443
8251,John,Rodriguez,1979,11517
8252,Sarah,Jones,1980,16815
8253,Sarah,Miller,1981,18042
8254,William,Rodriguez,1972,15877
8255,David,Jones,1982,19064
8256,Michael,Smith,1972,14890
8257,Michael,Johnson,1996,11432
8258,David,Rodriguez,1974,17056
8259,James,Rodriguez,1973,17820
8260,Jane,Garcia,1975,14007
8261,John,Davis,1999,11788
8262,Sarah,Johnson,1995,11360
8263,Michael,Martinez,1980,17889
8264,David,Jones,1986,14462
8265,Emma,Rodriguez,1986,18283
8266,William,Garcia,1983,15005
8267,William,Davis,1984,15662
8268,William,Johnson,1972,19912
8269,Michael,Martinez,1977,17742
8270,William,Brown,1970,10573
8271,Michael,Smith,1988,19830
8272,David,Jones,1977,10934
8273,William,Miller,1999,10908
8274,Emily,Smith,1975,12939
8275,Emma,Williams,1994,16618
8276,Emily,Rodriguez,1979,18082
8277,John,Miller,1981,17936
8278,William,Davis,1999,19288
8279,Olivia,Johnson,1988,19361
8280,Olivia,Garcia,1987,13257
8281,Olivia,Johnson,1997,14523
8282,Jane,Williams,1982,18397
8283,William,Miller,1987,11783
8284,William,Miller,1993,15167
8285,David,Williams,1976,11120
8286,Emma,Garcia,1980,14339
8287,Emily,Johnson,1975,10958
8288,Olivia,Williams,1980,19105
8289,James,Brown,1971,16268
8290,James,Jones,1991,11176
8291,David,Garcia,1980,13945
8292,Emily,Williams,1997,12221
8293,Michael,Brown,1976,18578
8294,Sarah,Williams,1983,17159
8295,Michael,Martinez,1993,19389
8296,Sarah,Jones,1983,16817
8297,Emily,Smith,1974,14230
8298,Emma,Smith,1981,17700
8299,Emily,Miller,1970,13980
8300,Emma,Williams,1984,19226
8301,Jane,Williams,1996,11204
8302,John,Brown,1970,12341
8303,Olivia,Brown,1978,12163
8304,David,Brown,1987,16053
8305,John,Martinez,1992,17935
8306,Sarah,Garcia,1972,11673
8307,William,Garcia,1993,11434
8308,Emma,Davis,1971,19958
8309,Michael,Brown,1975,19667
8310,Michael,Garcia,1981,14141
8311,Emily,Williams,1992,10787
8312,Sarah,Garcia,1985,19714
8313,David,Brown,1984,12578
8314,Emma,Brown,1996,10620
8315,David,Garcia,1987,10601
8316,Jane,Garcia,1970,15535
8317,John,Garcia,1987,15751
8318,James,Miller,2000,11827
8319,Emma,Williams,1994,12356
8320,Emma,Miller,1978,13036
8321,Michael,Miller,1999,13134
8322,Olivia,Martinez,1996,16268
8323,John,Davis,1995,18565
8324,David,Martinez,1996,17587
8325,James,Smith,1975,13244
8326,Sarah,Miller,1973,15057
8327,David,Smith,1973,17369
8328,Olivia,Miller,1996,19304
8329,Emma,Garcia,1992,16208
8330,John,Jones,1972,18162
8331,Sarah,Williams,1988,16129
8332,James,Davis,1975,17051
8333,Emma,Garcia,1999,15289
8334,James,Rodriguez,1995,12773
8335,William,Davis,1992,14691
8336,Michael,Rodriguez,1977,10371
8337,James,Williams,1980,13590
8338,Sarah,Williams,1984,14963
8339,Emily,Garcia,1986,12790
8340,James,Smith,1994,17646
8341,David,Jones,1982,14039
8342,John,Miller,1973,10189
8343,David,Rodriguez,1975,19652
8344,Emily,Williams,1996,16744
8345,James,Jones,1990,17600
8346,Olivia,Johnson,1984,17161
8347,John,Brown,1984,17502
8348,Emily,Williams,1977,18736
8349,Michael,Jones,1988,16836
8350,Michael,Brown,1982,12592
8351,Sarah,Davis,1988,18196
8352,James,Miller,1988,14218
8353,Olivia,Brown,1974,16458
8354,Sarah,Smith,1987,14930
8355,Olivia,Garcia,1975,17802
8356,John,Martinez,1976,14819
8357,Olivia,Davis,1977,18248
8358,Sarah,Smith,1971,17967
8359,James,Smith,1984,17719
8360,David,Rodriguez,1996,10991
8361,Michael,Miller,1977,19643
8362,John,Garcia,1998,14045
8363,Jane,Davis,1974,16290
8364,Emily,Miller,1993,19780
8365,John,Miller,1997,11002
8366,William,Miller,1979,13634
8367,David,Williams,1985,17508
8368,Michael,Rodriguez,1990,15915
8369,Jane,Davis,1994,13883
8370,Emily,Jones,1988,10626
8371,John,Williams,1982,13751
8372,Emma,Martinez,1973,12943
8373,Sarah,Miller,1980,13535
8374,Jane,Miller,1978,16303
8375,Emma,Johnson,1980,11117
8376,Michael,Williams,1973,16268
8377,James,Rodriguez,1970,10611
8378,William,Garcia,1990,12062
8379,Sarah,Martinez,1970,14547
8380,Sarah,Smith,1990,15968
8381,William,Johnson,1985,19992
8382,Emily,Rodriguez,1975,17461
8383,Emma,Martinez,1991,17798
8384,Emma,Williams,1991,14747
8385,Michael,Davis,1993,19431
8386,John,Johnson,1992,16242
8387,James,Jones,1977,14925
8388,Jane,Smith,1983,12702
8389,Emma,Smith,1982,16480
8390,Michael,Rodriguez,1984,19995
8391,William,Miller,1990,19851
8392,Emily,Brown,1985,12843
8393,David,Davis,1973,16318
8394,David,Miller,1990,10373
8395,Jane,Jones,1986,12827
8396,Michael,Smith,1972,15682
8397,William,Jones,1972,18997
8398,Emma,Garcia,1993,12685
8399,Jane,Martinez,1973,16083
8400,Sarah,Williams,1986,10867
8401,Jane,Brown,1975,15222
8402,Emily,Miller,1987,18204
8403,John,Davis,1971,15194
8404,Sarah,Johnson,1981,13245
8405,Emily,Smith,1996,14901
8406,William,Martinez,1992,10365
8407,John,Johnson,1994,15915
8408,Emma,Williams,1982,16062
8409,Emily,Smith,1979,15650
8410,William,Garcia,1984,11054
8411,John,Johnson,1977,17645
8412,Emily,Davis,1974,13476
8413,David,Williams,1985,12106
8414,David,Johnson,1997,16591
8415,John,Brown,1997,11538
8416,John,Smith,1984,11374
8417,David,Johnson,1992,12976
8418,Jane,Rodriguez,1975,17786
8419,Jane,Johnson,1990,19698
8420,William,Smith,1981,11279
8421,Olivia,Martinez,1998,12889
8422,Emily,Miller,1999,13575
8423,Michael,Smith,1991,13661
8424,Olivia,Brown,1989,10129
8425,Michael,Miller,1986,14300
8426,Michael,Miller,1991,16631
8427,Olivia,Davis,1976,12745
8428,Emily,Williams,1984,18341
8429,James,Johnson,1973,14508
8430,David,Brown,1993,18100
8431,William,Jones,1994,17636
8432,Olivia,Williams,1990,12698
8433,David,Brown,1987,13887
8434,Emily,Jones,1988,16086
8435,Sarah,Williams,1980,12990
8436,James,Rodriguez,1974,10974
8437,Sarah,Brown,1979,18229
8438,Michael,Williams,1979,18290
8439,Sarah,Rodriguez,1980,14347
8440,James,Williams,1993,11255
8441,Michael,Miller,1997,18509
8442,Jane,Johnson,1998,14245
8443,William,Miller,1980,19201
8444,John,Brown,1992,17278
8445,Jane,Jones,1975,12325
8446,Emily,Johnson,1996,14220
8447,Olivia,Williams,1994,16219
8448,James,Brown,1970,10641
8449,William,Garcia,1997,15856
8450,William,Brown,1973,14743
8451,John,Smith,2000,16696
8452,William,Brown,1981,10577
8453,Sarah,Martinez,1985,19366
8454,Emily,Brown,1982,18084
8455,Emma,Martinez,1974,17255
8456,William,Garcia,1977,16312
8457,Jane,Williams,1985,19406
8458,James,Garcia,1975,13530
8459,Olivia,Garcia,1995,18755
8460,Jane,Johnson,2000,14243
8461,William,Smith,1980,10768
8462,William,Brown,1986,12366
8463,Michael,Johnson,1975,16381
8464,Sarah,Williams,1979,14581
8465,Michael,Brown,1994,12737
8466,David,Martinez,1996,16716
8467,Olivia,Garcia,1970,12800
8468,David,Rodriguez,1997,19210
8469,Sarah,Williams,1988,10879
8470,James,Garcia,1991,17782
8471,Michael,Martinez,1995,15215
8472,Jane,Garcia,1978,10314
8473,Emily,Williams,1991,18186
8474,James,Davis,1995,18543
8475,Sarah,Smith,1974,15207
8476,William,Jones,1978,18012
8477,Jane,Jones,1979,15293
8478,Michael,Garcia,1989,17392
8479,Michael,Davis,2000,17106
8480,Olivia,Smith,1973,12042
8481,James,Rodriguez,1970,18653
8482,Emily,Davis,1992,17118
8483,Emma,Smith,1970,10168
8484,John,Jones,1986,14651
8485,William,Williams,1970,11199
8486,Jane,Williams,1989,17533
8487,David,Miller,1998,15128
8488,William,Smith,1987,13042
8489,David,Jones,1972,14910
8490,Sarah,Williams,1995,18471
8491,William,Johnson,1979,11717
8492,Emily,Jones,1987,13212
8493,Michael,Garcia,1981,11641
8494,Emma,Garcia,1974,12077
8495,Sarah,Garcia,1975,18920
8496,David,Davis,1981,11504
8497,David,Garcia,1971,18657
8498,Jane,Rodriguez,1987,17985
8499,David,Jones,1982,19253
8500,Michael,Davis,1982,18191
8501,James,Garcia,1982,11012
8502,William,Jones,1995,13095
8503,Emma,Garcia,1980,10755
8504,David,Williams,1975,12132
8505,Jane,Williams,1994,18221
8506,Jane,Smith,1993,12962
8507,James,Martinez,1985,16515
8508,David,Johnson,1996,13222
8509,Michael,Johnson,1972,13525
8510,David,Davis,1991,10218
8511,Sarah,Davis,1992,11866
8512,Michael,Miller,1989,16248
8513,Sarah,Brown,1982,13763
8514,Sarah,Williams,1992,11745
8515,Emma,Johnson,1976,18935
8516,John,Jones,1980,19092
8517,Jane,Rodriguez,1994,19858
8518,Olivia,Martinez,1978,10180
8519,James,Davis,1992,19803
8520,Olivia,Williams,1971,15148
8521,Emma,Jones,1973,17557
8522,Sarah,Smith,1974,12970
8523,Sarah,Rodriguez,1993,13063
8524,Olivia,Rodriguez,1995,15554
8525,Emma,Williams,1981,19682
8526,John,Jones,1972,10301
8527,Emily,Garcia,1997,19346
8528,David,Smith,1980,15605
8529,Olivia,Brown,1985,15969
8530,Sarah,Jones,1977,12782
8531,James,Williams,1988,13816
8532,Sarah,Garcia,1988,17331
8533,Jane,Garcia,1991,10864
8534,William,Rodriguez,1988,18677
8535,Olivia,Jones,1994,12426
8536,Michael,Davis,1983,16491
8537,Michael,Rodriguez,1987,13544
8538,John,Johnson,1970,15267
8539,Jane,Garcia,1986,16010
8540,Jane,Williams,1996,11890
8541,Emma,Rodriguez,1987,19009
8542,Michael,Jones,1982,16899
8543,Michael,Brown,1977,11211
8544,James,Johnson,1999,13463
8545,William,Rodriguez,1983,15036
8546,William,Williams,1982,19174
8547,Emma,Martinez,1984,10422
8548,David,Miller,1972,14294
8549,Jane,Garcia,1982,11383
8550,James,Rodriguez,1989,12965
8551,William,Brown,1977,19951
8552,Olivia,Miller,1979,17681
8553,Emma,Brown,1998,19906
8554,Sarah,Williams,1981,17995
8555,David,Smith,1974,19584
8556,Olivia,Jones,1983,12840
8557,David,Williams,1990,12970
8558,Sarah,Davis,1983,12090
8559,John,Johnson,1981,13904
8560,David,Rodriguez,1999,13310
8561,William,Brown,1984,18435
8562,John,Williams,1970,13488
8563,James,Jones,1998,13578
8564,Jane,Williams,1979,16598
8565,James,Rodriguez,1970,12573
8566,Michael,Garcia,1981,15451
8567,Michael,Johnson,1981,16968
8568,David,Brown,1996,19911
8569,William,Davis,1977,19836
8570,Sarah,Jones,1996,12373
8571,Jane,Jones,1991,11158
8572,Michael,Smith,1980,16046
8573,John,Williams,1973,16253
8574,Jane,Smith,1990,17468
8575,John,Jones,1987,16159
8576,Emma,Johnson,1985,17055
8577,Jane,Brown,1979,12430
8578,Jane,Garcia,1975,16257
8579,Emma,Davis,1976,18465
8580,John,Garcia,1992,12789
8581,David,Johnson,1991,13059
8582,Olivia,Jones,1985,10457
8583,John,Davis,1977,15329
8584,Jane,Garcia,1979,14016
8585,Sarah,Williams,1978,14499
8586,Emma,Johnson,1994,17627
8587,John,Miller,1985,14918
8588,Emily,Martinez,1982,16511
8589,James,Garcia,1999,18061
8590,Emma,Jones,1971,15509
8591,David,Rodriguez,1986,16607
8592,Emily,Jones,1999,12754
8593,Emma,Brown,1998,10084
8594,Olivia,Jones,1990,10140
8595,Emma,Rodriguez,1972,19980
8596,John,Johnson,1989,10365
8597,John,Garcia,1992,12293
8598,James,Davis,1991,17051
8599,Sarah,Martinez,1998,11251
8600,William,Smith,1990,14492
8601,David,Williams,1987,17356
8602,Emma,Smith,1981,17842
8603,Olivia,Johnson,1994,12073
8604,Olivia,Jones,1982,16146
8605,Emily,Jones,1991,16562
8606,James,Martinez,1993,10472
8607,Michael,Williams,2000,19298
8608,Michael,Garcia,1981,17104
8609,William,Garcia,1986,12829
8610,John,Williams,1976,11435
8611,Michael,Williams,1979,12425
8612,Emily,Williams,1977,16299
8613,David,Rodriguez,1984,19497
8614,Michael,Martinez,1981,13341
8615,Michael,Garcia,1998,17462
8616,John,Williams,1985,14495
8617,Emily,Jones,1987,19226
8618,Sarah,Brown,1978,16407
8619,Emma,Miller,1975,12596
8620,David,Rodriguez,1971,11369
8621,Emily,Brown,2000,15447
8622,Olivia,Miller,1990,15971
8623,Emma,Johnson,1998,18743
8624,Sarah,Williams,1982,16059
8625,William,Martinez,1978,12108
8626,Emma,Rodriguez,1986,15236
8627,Sarah,Williams,1982,12067
8628,William,Garcia,1987,16506
8629,Sarah,Jones,1993,15388
8630,John,Martinez,1976,11024
8631,Jane,Garcia,1984,16997
8632,Olivia,Jones,1997,12792
8633,William,Davis,1980,12091
8634,Sarah,Rodriguez,1972,15204
8635,James,Brown,1992,12908
8636,David,Williams,1995,19868
8637,Michael,Jones,1989,11609
8638,Michael,Martinez,1991,18497
8639,Sarah,Johnson,1973,15657
8640,Emma,Jones,1988,18695
8641,Olivia,Jones,1983,12772
8642,David,Brown,1992,10180
8643,John,Miller,2000,13455
8644,John,Johnson,1980,13106
8645,Michael,Williams,1980,19975
8646,Emma,Smith,1975,14581
8647,David,Miller,1988,11198
8648,James,Rodriguez,1988,17262
8649,Michael,Rodriguez,1993,16549
8650,Olivia,Garcia,1974,12626
8651,John,Garcia,1973,11128
8652,John,Brown,1998,18280
8653,Jane,Smith,1986,11070
8654,Olivia,Miller,1990,13559
8655,Michael,Rodriguez,1990,11461
8656,James,Miller,1975,18646
8657,Michael,Johnson,1998,10761
8658,James,Davis,1984,13048
8659,James,Martinez,1971,16016
8660,Olivia,Johnson,1994,10384
8661,James,Williams,2000,19729
8662,Michael,Jones,1996,10753
8663,Michael,Garcia,1985,19881
8664,Sarah,Smith,1993,16756
8665,David,Miller,1995,10032
8666,Emma,Johnson,1999,19140
8667,Emily,Miller,1998,11239
8668,Olivia,Miller,1970,12132
8669,David,Smith,1977,10285
8670,James,Jones,1983,10160
8671,James,Davis,1973,12050
8672,William,Miller,1977,10140
8673,Olivia,Smith,1984,13700
8674,Olivia,Rodriguez,1971,14526
8675,Jane,Davis,1993,19650
8676,Jane,Johnson,1979,12262
8677,John,Smith,1988,18469
8678,David,Rodriguez,1995,14150
8679,Sarah,Johnson,1984,19039
8680,Jane,Williams,1999,15290
8681,Olivia,Miller,1978,10311
8682,Emma,Brown,1973,13800
8683,Emma,Garcia,1974,16394
8684,Jane,Williams,1996,11488
8685,Jane,Jones,1990,12546
8686,William,Johnson,1987,10725
8687,William,Smith,1996,13832
8688,Sarah,Rodriguez,1985,17556
8689,Sarah,Rodriguez,1973,15807
8690,David,Rodriguez,1974,18384
8691,Jane,Jones,1987,10445
8692,Emma,Johnson,1992,13174
8693,Jane,Martinez,1980,10626
8694,Emma,Davis,1979,19403
8695,Michael,Garcia,1986,18011
8696,Olivia,Miller,1983,18716
8697,Michael,Jones,1985,12085
8698,David,Rodriguez,1982,13252
8699,Emma,Smith,1979,11502
8700,James,Brown,1975,18718
8701,Emma,Williams,1971,11126
8702,Emily,Davis,1975,14835
8703,Sarah,Rodriguez,1988,16118
8704,David,Johnson,1994,14356
8705,James,Johnson,1996,15368
8706,Jane,Miller,1975,10348
8707,Jane,Williams,1991,13022
8708,Emma,Garcia,1987,19106
8709,John,Williams,1975,10669
8710,John,Garcia,1985,14199
8711,John,Rodriguez,1990,11147
8712,Jane,Williams,1973,16334
8713,Emily,Williams,1984,12186
8714,Emma,Rodriguez,1977,14040
8715,David,Davis,1979,16691
8716,John,Brown,1976,14567
8717,Olivia,Martinez,1985,13425
8718,Olivia,Miller,1981,14250
8719,John,Jones,1994,10764
8720,Jane,Williams,1986,10371
8721,John,Johnson,1970,15030
8722,Olivia,Brown,1971,18716
8723,Olivia,Brown,1989,12627
8724,Emma,Miller,1971,17585
8725,David,Johnson,1989,13740
8726,Emily,Jones,1979,14144
8727,Emily,Rodriguez,1982,15091
8728,William,Davis,1978,12431
8729,Michael,Smith,1972,11052
8730,John,Williams,1970,16167
8731,Olivia,Williams,1997,14814
8732,Emily,Rodriguez,1999,15828
8733,Emily,Martinez,1992,19073
8734,Emma,Smith,1997,12123
8735,Olivia,Garcia,1987,15343
8736,David,Rodriguez,1997,12060
8737,Michael,Williams,2000,10466
8738,Emily,Brown,1979,16054
8739,Emma,Johnson,1984,11963
8740,Jane,Brown,1985,19513
8741,Emily,Davis,1978,13720
8742,Sarah,Davis,1997,19472
8743,Michael,Smith,1997,13421
8744,John,Johnson,1977,10253
8745,Olivia,Davis,1970,14723
8746,Emily,Johnson,1970,14503
8747,Emily,Rodriguez,1981,12157
8748,Olivia,Martinez,1971,14278
8749,Olivia,Miller,1981,19955
8750,Jane,Garcia,1981,11124
8751,Sarah,Williams,1975,19178
8752,David,Davis,1971,17695
8753,Michael,Martinez,1996,12221
8754,James,Jones,1993,10527
8755,Olivia,Jones,1970,10146
8756,Emma,Brown,1986,17561
8757,John,Johnson,1976,12005
8758,John,Garcia,1970,18461
8759,Michael,Martinez,1987,14494
8760,Emily,Johnson,2000,11429
8761,James,Jones,1997,15580
8762,Emma,Garcia,1996,15872
8763,Emma,Martinez,1993,17566
8764,William,Davis,1985,18218
8765,William,Rodriguez,1993,16019
8766,William,Smith,1988,11534
8767,Emily,Rodriguez,1992,18609
8768,Sarah,Rodriguez,1975,15631
8769,Sarah,Smith,1972,15669
8770,Olivia,Brown,1987,13202
8771,Jane,Jones,1975,10552
8772,Emily,Rodriguez,1994,13165
8773,Sarah,Garcia,1977,10127
8774,William,Garcia,1986,19450
8775,John,Smith,1988,13800
8776,Emily,Davis,1991,12845
8777,James,Brown,1993,12269
8778,Emily,Jones,1975,17759
8779,James,Martinez,1973,10544
8780,David,Martinez,1993,10274
8781,William,Rodriguez,1995,17126
8782,Jane,Martinez,1999,13988
8783,William,Smith,1992,17196
8784,Jane,Miller,1991,16416
8785,Emma,Davis,1982,11075
8786,William,Brown,1996,17946
8787,James,Garcia,1987,15985
8788,Emily,Miller,1997,13210
8789,James,Williams,1986,17134
8790,John,Martinez,1980,13387
8791,John,Johnson,1974,19142
8792,Olivia,Williams,1985,14993
8793,John,Martinez,1983,18055
8794,John,Rodriguez,1990,13552
8795,Emily,Miller,1996,15614
8796,James,Johnson,1976,11521
8797,Michael,Martinez,1990,10803
8798,Sarah,Brown,1982,16237
8799,David,Davis,1994,10552
8800,Olivia,Jones,1982,13326
8801,Jane,Williams,1983,19079
8802,Sarah,Jones,1976,14265
8803,Sarah,Garcia,1976,15332
8804,Michael,Smith,1993,15940
8805,Emily,Garcia,1998,15732
8806,Olivia,Davis,1973,11436
8807,Michael,Brown,1985,14412
8808,Michael,Martinez,1996,18128
8809,Emma,Martinez,1996,19239
8810,Emily,Rodriguez,1985,10596
8811,John,Smith,1983,10658
8812,James,Johnson,1986,13696
8813,John,Jones,1995,10445
8814,Sarah,Miller,1991,10490
8815,William,Jones,1978,15290
8816,David,Martinez,1986,19427
8817,Emily,Martinez,1996,19779
8818,John,Miller,1983,14784
8819,David,Miller,1995,16290
8820,Emma,Miller,1970,14046
8821,Emma,Rodriguez,1986,16669
8822,Jane,Williams,1986,13032
8823,Jane,Johnson,1999,14708
8824,David,Garcia,1977,19993
8825,Jane,Brown,1997,13353
8826,Olivia,Miller,1976,17381
8827,Jane,Smith,1970,15672
8828,David,Martinez,1971,19481
8829,Michael,Miller,1986,13776
8830,Olivia,Smith,1988,10981
8831,Sarah,Johnson,1989,17396
8832,James,Davis,1997,15107
8833,Olivia,Miller,1989,19861
8834,Emma,Rodriguez,1979,19236
8835,Emily,Johnson,1997,10063
8836,James,Garcia,1997,16981
8837,Emily,Smith,1974,15357
8838,Olivia,Williams,1995,13596
8839,Michael,Johnson,1978,17360
8840,Michael,Jones,1991,15526
8841,Sarah,Garcia,1973,16555
8842,Michael,Martinez,1993,14949
8843,David,Brown,1988,15657
8844,Jane,Rodriguez,2000,10775
8845,James,Williams,1997,18762
8846,Emily,Jones,1976,13819
8847,Emma,Miller,1998,18900
8848,John,Williams,1973,14601
8849,Emily,Miller,1977,13713
8850,Emma,Brown,1979,17258
8851,Emily,Jones,1984,15839
8852,Michael,Jones,1974,12799
8853,Emma,Rodriguez,1970,13113
8854,Olivia,Brown,1984,17779
8855,Jane,Johnson,1980,10310
8856,James,Garcia,1977,10161
8857,Emily,Martinez,1985,19867
8858,James,Garcia,1985,12723
8859,Emily,Williams,1985,13950
8860,Sarah,Davis,1986,19181
8861,Sarah,Johnson,1996,13758
8862,Michael,Johnson,1975,19832
8863,William,Rodriguez,1985,18122
8864,Olivia,Rodriguez,1982,10503
8865,James,Smith,1980,17624
8866,Sarah,Johnson,1985,10960
8867,Emily,Johnson,1981,13913
8868,Sarah,Williams,1972,12085
8869,Emily,Davis,1971,18201
8870,Sarah,Johnson,1988,18473
8871,Olivia,Davis,1998,15605
8872,Sarah,Rodriguez,1996,11977
8873,Jane,Jones,1982,10543
8874,Jane,Williams,1973,12552
8875,Emily,Miller,1982,11575
8876,John,Jones,1974,10167
8877,Emily,Garcia,2000,17161
8878,James,Miller,1984,12195
8879,James,Johnson,1991,13878
8880,Emma,Garcia,1990,15127
8881,William,Brown,1979,12242
8882,Jane,Martinez,1976,10873
8883,David,Davis,2000,11640
8884,Sarah,Brown,1981,11462
8885,David,Garcia,1989,17994
8886,James,Rodriguez,1988,11023
8887,Olivia,Davis,1984,16443
8888,Olivia,Rodriguez,1991,16398
8889,Sarah,Johnson,1988,17133
8890,Olivia,Miller,1970,16063
8891,Olivia,Garcia,1989,10502
8892,John,Garcia,1984,13473
8893,Emily,Johnson,1972,19258
8894,James,Johnson,1978,16209
8895,David,Davis,1982,12591
8896,David,Miller,1995,13630
8897,Sarah,Davis,1981,13856
8898,Michael,Williams,1991,14886
8899,William,Martinez,1998,11621
8900,Sarah,Jones,1994,13304
8901,Olivia,Miller,1981,17806
8902,John,Brown,1993,14873
8903,Jane,Martinez,1994,13096
8904,William,Smith,1991,19517
8905,Jane,Jones,1997,19717
8906,Emily,Brown,1973,15782
8907,William,Davis,1992,16032
8908,Michael,Smith,1983,12205
8909,David,Martinez,1983,15764
8910,William,Garcia,1987,16105
8911,Olivia,Miller,1997,19330
8912,Emily,Miller,1991,16001
8913,David,Brown,2000,18946
8914,James,Brown,1994,13716
8915,Michael,Johnson,1995,12174
8916,Sarah,Brown,1980,10594
8917,John,Smith,1992,15328
8918,John,Johnson,1993,16751
8919,Olivia,Williams,1983,19844
8920,Emma,Brown,1977,14526
8921,William,Miller,1998,19803
8922,James,Martinez,1980,17376
8923,David,Garcia,1993,12991
8924,David,Davis,1999,13746
8925,David,Johnson,1984,10477
8926,James,Williams,1979,14318
8927,David,Johnson,1997,13998
8928,Emily,Martinez,1999,13514
8929,James,Rodriguez,1986,10823
8930,Emma,Rodriguez,1989,15099
8931,James,Jones,1988,13876
8932,James,Williams,1977,15375
8933,Jane,Williams,2000,17346
8934,Sarah,Brown,1981,19998
8935,James,Brown,1978,16654
8936,William,Rodriguez,2000,12390
8937,John,Garcia,1981,16868
8938,Olivia,Smith,1975,11492
8939,Michael,Rodriguez,1994,10135
8940,Emma,Garcia,1970,16123
8941,Olivia,Williams,1995,16756
8942,Emma,Garcia,1988,13281
8943,Michael,Rodriguez,1987,15901
8944,Emily,Davis,1997,12555
8945,John,Smith,1977,18313
8946,David,Brown,1999,11895
8947,Emily,Smith,1983,17754
8948,Emily,Williams,1997,14567
8949,Olivia,Miller,1989,15918
8950,David,Johnson,1983,13410
8951,William,Smith,1982,12509
8952,Jane,Martinez,1989,10264
8953,Olivia,Miller,1983,12233
8954,Emily,Smith,1997,19536
8955,Emily,Williams,1993,10599
8956,David,Garcia,1985,12525
8957,John,Miller,1988,18339
8958,Michael,Johnson,1997,18285
8959,David,Jones,1996,16699
8960,James,Davis,1976,11569
8961,Jane,Brown,1984,12820
8962,William,Garcia,1992,10523
8963,Emily,Jones,2000,18371
8964,William,Miller,1993,14075
8965,John,Johnson,1988,15688
8966,James,Rodriguez,1991,13489
8967,James,Martinez,2000,19050
8968,Emily,Garcia,1987,17898
8969,David,Rodriguez,1988,15732
8970,Jane,Brown,1982,16182
8971,Olivia,Johnson,1976,14273
8972,Michael,Davis,1986,19702
8973,Emily,Miller,1971,19864
8974,David,Rodriguez,1996,10135
8975,Michael,Martinez,1995,11109
8976,John,Miller,1987,17105
8977,John,Garcia,1988,14511
8978,Jane,Brown,1973,18107
8979,Michael,Miller,1998,12184
8980,Olivia,Davis,1979,13662
8981,Emma,Rodriguez,1982,13577
8982,David,Rodriguez,1970,19383
8983,William,Garcia,1973,15934
8984,William,Miller,1993,18079
8985,David,Johnson,1977,18998
8986,Sarah,Garcia,1980,16608
8987,William,Garcia,1976,15408
8988,David,Smith,1993,13182
8989,Emma,Garcia,1994,19551
8990,John,Garcia,1985,13997
8991,Jane,Johnson,1977,10172
8992,Jane,Miller,1999,11419
8993,Sarah,Johnson,1989,14150
8994,Olivia,Miller,1980,18580
8995,Jane,Garcia,1984,12417
8996,Sarah,Jones,1978,16891
8997,Sarah,Martinez,1981,15741
8998,Michael,Johnson,1986,12134
8999,James,Davis,1971,19903
9000,David,Jones,1991,18046
9001,Jane,Williams,1995,15812
9002,Emma,Davis,1996,15310
9003,Emily,Davis,1982,18718
9004,William,Jones,1980,16143
9005,Emily,Rodriguez,1985,13011
9006,John,Jones,1995,14441
9007,William,Brown,1975,18796
9008,John,Davis,1983,14863
9009,Emily,Garcia,1983,14643
9010,James,Rodriguez,1975,17913
9011,William,Davis,1996,16039
9012,Jane,Martinez,1986,11189
9013,Emily,Martinez,1979,19135
9014,James,Garcia,1975,10147
9015,Emily,Williams,1973,18520
9016,James,Williams,1970,11261
9017,Emma,Rodriguez,1982,12818
9018,Sarah,Rodriguez,1984,13590
9019,William,Williams,1999,17095
9020,Emily,Miller,1987,19180
9021,John,Martinez,1980,17959
9022,Olivia,Davis,1990,11538
9023,Olivia,Miller,2000,19635
9024,Michael,Rodriguez,1993,16223
9025,Emma,Williams,1982,16247
9026,Emily,Garcia,1992,11485
9027,Emma,Johnson,1971,16795
9028,James,Miller,1985,14585
9029,James,Brown,1988,15387
9030,Sarah,Rodriguez,1976,19410
9031,Olivia,Williams,1978,14721
9032,Michael,Smith,1992,19381
9033,Emily,Williams,1971,13673
9034,Sarah,Johnson,1999,15094
9035,Olivia,Martinez,1978,17169
9036,Olivia,Davis,1981,11839
9037,Olivia,Martinez,1975,19163
9038,James,Johnson,1996,19601
9039,David,Martinez,1981,14253
9040,Olivia,Williams,1991,10977
9041,John,Martinez,1974,13729
9042,David,Brown,1971,10601
9043,John,Martinez,1972,12461
9044,Emily,Davis,1999,16597
9045,Jane,Johnson,2000,16082
9046,William,Miller,1983,11179
9047,John,Jones,1984,17468
9048,John,Garcia,1995,15468
9049,Michael,Johnson,1986,13580
9050,William,Miller,1999,18269
9051,Michael,Johnson,1982,13681
9052,David,Davis,1989,17027
9053,Emma,Brown,1979,17529
9054,James,Brown,1971,11968
9055,Michael,Johnson,1992,13125
9056,William,Jones,1987,11279
9057,Jane,Brown,1982,18209
9058,William,Rodriguez,1990,19590
9059,James,Miller,1990,14775
9060,Michael,Jones,1998,12251
9061,William,Davis,1990,16582
9062,William,Garcia,1984,18766
9063,David,Williams,1988,10871
9064,John,Smith,1988,17804
9065,Sarah,Jones,1993,11763
9066,Emily,Martinez,1991,17238
9067,John,Davis,1976,12447
9068,Olivia,Martinez,1995,14741
9069,James,Davis,1984,19524
9070,Michael,Garcia,1997,13778
9071,Sarah,Brown,1993,10775
9072,Olivia,Miller,1980,13709
9073,Sarah,Johnson,2000,17372
9074,William,Miller,1998,18112
9075,John,Miller,1998,18891
9076,John,Jones,1999,17344
9077,Sarah,Jones,1979,18325
9078,Olivia,Martinez,1981,16992
9079,Emma,Brown,1995,14618
9080,William,Garcia,1977,17099
9081,Jane,Miller,1973,10676
9082,James,Rodriguez,1977,15364
9083,Emma,Martinez,1989,11873
9084,Emma,Williams,1975,18206
9085,Michael,Miller,1991,10407
9086,Olivia,Martinez,1975,12020
9087,Sarah,Rodriguez,1980,16435
9088,James,Martinez,1994,19685
9089,David,Jones,1991,12863
9090,Michael,Williams,1988,11121
9091,Jane,Jones,1990,17233
9092,David,Martinez,1980,13409
9093,Olivia,Garcia,1990,18377
9094,Sarah,Garcia,1977,10717
9095,Emily,Smith,1974,19134
9096,David,Brown,2000,16850
9097,John,Rodriguez,1997,10468
9098,Sarah,Garcia,1990,14010
9099,Jane,Johnson,1994,15994
9100,Jane,Jones,1976,17205
9101,Sarah,Miller,1991,17660
9102,William,Garcia,1980,14260
9103,William,Rodriguez,2000,14163
9104,John,Smith,1976,18689
9105,David,Davis,1986,15482
9106,Emily,Miller,1985,18406
9107,James,Williams,1983,17744
9108,Sarah,Garcia,1992,13778
9109,Jane,Martinez,1977,18310
9110,William,Johnson,1999,16139
9111,John,Miller,1992,16166
9112,Emily,Williams,1989,14082
9113,James,Smith,1993,15643
9114,John,Jones,1979,17756
9115,James,Johnson,1989,14726
9116,James,Smith,1985,10442
9117,John,Smith,1988,16556
9118,Olivia,Jones,1994,13622
9119,John,Brown,1984,16558
9120,John,Rodriguez,1989,12653
9121,Jane,Davis,1970,13130
9122,James,Jones,2000,17771
9123,Michael,Jones,1976,18395
9124,David,Garcia,1985,14494
9125,William,Davis,2000,19217
9126,Emma,Johnson,1977,19097
9127,Jane,Rodriguez,1983,13391
9128,William,Jones,1992,18984
9129,Olivia,Davis,1977,17729
9130,John,Miller,1978,14178
9131,William,Johnson,1976,18748
9132,James,Smith,1994,15911
9133,William,Jones,1987,13850
9134,Emma,Garcia,1994,11299
9135,Jane,Williams,1973,17094
9136,David,Brown,1990,16651
9137,Michael,Rodriguez,1983,15798
9138,Sarah,Martinez,1996,16791
9139,James,Martinez,2000,19800
9140,Jane,Rodriguez,1993,18381
9141,Olivia,Garcia,2000,18901
9142,Emily,Martinez,1976,17270
9143,William,Johnson,1990,12805
9144,William,Williams,1985,14510
9145,John,Miller,1976,12905
9146,John,Brown,1974,13247
9147,John,Davis,1994,10545
9148,Olivia,Jones,1982,14374
9149,David,Brown,1978,19811
9150,James,Brown,1991,13660
9151,Olivia,Williams,1987,12462
9152,Emily,Williams,1984,18174
9153,William,Martinez,1991,17731
9154,James,Davis,1993,10534
9155,Sarah,Williams,2000,10435
9156,Jane,Smith,1972,13143
9157,John,Brown,1978,17451
9158,Sarah,Miller,1983,13754
9159,Sarah,Brown,1974,16585
9160,Emma,Rodriguez,1999,15344
9161,Emily,Jones,1998,17289
9162,David,Jones,1990,11981
9163,John,Miller,1979,13960
9164,Olivia,Smith,1986,13294
9165,James,Martinez,1980,16716
9166,Olivia,Johnson,1991,13260
9167,Michael,Martinez,1976,12381
9168,Jane,Miller,2000,10820
9169,James,Miller,1999,10761
9170,John,Johnson,1990,16869
9171,William,Miller,1993,18621
9172,William,Garcia,1998,14899
9173,Jane,Smith,1995,19969
9174,Emily,Rodriguez,1971,11396
9175,William,Davis,1970,10592
9176,John,Rodriguez,1977,15593
9177,James,Johnson,1984,14036
9178,William,Smith,1974,17415
9179,William,Johnson,1995,14972
9180,Jane,Brown,1985,17117
9181,Michael,Brown,1999,12718
9182,Olivia,Brown,1973,19350
9183,David,Garcia,1991,15656
9184,John,Brown,1987,17653
9185,Sarah,Williams,1986,11314
9186,Jane,Williams,1989,15806
9187,John,Garcia,1993,17276
9188,Sarah,Davis,1984,13078
9189,James,Martinez,1987,10534
9190,David,Jones,1971,19184
9191,John,Johnson,1984,15614
9192,James,Smith,1995,10442
9193,Jane,Johnson,1977,14825
9194,John,Smith,1992,13016
9195,Emily,Williams,1983,12447
9196,David,Martinez,1978,11010
9197,John,Rodriguez,1997,12615
9198,William,Williams,1992,15020
9199,James,Williams,1972,17276
9200,Jane,Rodriguez,1980,15811
9201,Emily,Williams,1974,15616
9202,Olivia,Martinez,1999,19122
9203,James,Johnson,1999,15415
9204,Michael,Rodriguez,1983,19212
9205,Emma,Brown,1977,11693
9206,Michael,Martinez,1985,18174
9207,David,Miller,1999,17121
9208,William,Martinez,1988,10784
9209,Olivia,Garcia,1992,15260
9210,James,Johnson,1974,12867
9211,David,Davis,1979,10526
9212,Olivia,Williams,1989,14454
9213,Sarah,Garcia,1995,12273
9214,William,Brown,1988,12571
9215,Emily,Garcia,1989,14667
9216,John,Johnson,1974,16400
9217,Sarah,Johnson,1971,14366
9218,Emily,Williams,1982,18004
9219,Jane,Jones,1986,11907
9220,Emma,Garcia,1995,11957
9221,Emily,Williams,1999,16895
9222,John,Miller,1986,16126
9223,Emma,Johnson,1998,19679
9224,Jane,Miller,1997,17767
9225,Emily,Miller,1987,13898
9226,Sarah,Williams,1982,10498
9227,James,Jones,1970,16927
9228,William,Jones,1974,12523
9229,John,Smith,1987,16728
9230,Emily,Smith,1974,16343
9231,Jane,Miller,1989,13896
9232,James,Brown,1998,14452
9233,William,Williams,1973,19122
9234,William,Davis,1974,10811
9235,Sarah,Miller,1999,16573
9236,Sarah,Brown,1995,12170
9237,William,Williams,1977,11066
9238,James,Davis,2000,15108
9239,Jane,Jones,1979,18219
9240,William,Smith,1996,10005
9241,Emily,Miller,1996,18802
9242,William,Williams,1981,12176
9243,Michael,Williams,1983,14597
9244,David,Martinez,1997,14339
9245,Jane,Smith,1985,10418
9246,John,Jones,1983,17210
9247,Emily,Jones,1997,17072
9248,William,Brown,1985,10613
9249,James,Miller,1990,15135
9250,Jane,Jones,1999,10660
9251,Michael,Smith,1996,17799
9252,James,Rodriguez,1986,17452
9253,Jane,Rodriguez,1999,17284
9254,Michael,Williams,1973,13315
9255,Emily,Miller,1974,16869
9256,John,Miller,1974,11732
9257,James,Miller,1993,19136
9258,Emma,Smith,1985,18400
9259,William,Smith,1987,16954
9260,Michael,Williams,1980,11207
9261,Sarah,Smith,1988,15297
9262,William,Jones,1982,18539
9263,James,Williams,1977,16997
9264,Emily,Johnson,1985,18309
9265,Sarah,Davis,1989,16342
9266,William,Garcia,1972,19154
9267,Jane,Garcia,1975,11334
9268,James,Johnson,1977,13491
9269,David,Brown,1979,18381
9270,Emma,Johnson,1987,11677
9271,David,Jones,1997,12985
9272,Emma,Jones,1973,10240
9273,Sarah,Garcia,1988,14033
9274,William,Rodriguez,1978,14240
9275,Jane,Smith,1990,18041
9276,John,Johnson,1985,12173
9277,Emma,Brown,1983,16233
9278,Emily,Smith,1984,17161
9279,Michael,Brown,1995,10067
9280,Jane,Williams,1972,13972
9281,Emma,Garcia,1993,16736
9282,David,Garcia,1977,15412
9283,Olivia,Rodriguez,1999,19004
9284,Emily,Davis,1993,13685
9285,William,Miller,1990,19938
9286,John,Miller,1973,13767
9287,John,Jones,1989,18114
9288,Emily,Brown,1990,14967
9289,Emma,Miller,1987,12623
9290,Olivia,Brown,1988,14595
9291,James,Williams,1983,11157
9292,Jane,Martinez,1971,16699
9293,William,Brown,1991,12173
9294,Emma,Johnson,1991,10631
9295,Michael,Miller,1977,14863
9296,John,Miller,1983,14687
9297,Jane,Miller,1981,19210
9298,William,Brown,1984,19661
9299,Emma,Martinez,1997,18962
9300,Emma,Brown,1983,16705
9301,William,Smith,1993,19705
9302,Michael,Brown,1982,14823
9303,John,Garcia,1994,15958
9304,Michael,Brown,1971,17165
9305,Michael,Garcia,1978,13748
9306,Emma,Davis,1977,16761
9307,Jane,Jones,1984,18341
9308,David,Davis,1989,10375
9309,John,Smith,1997,13034
9310,William,Garcia,2000,14298
9311,Emma,Smith,1980,12498
9312,John,Miller,1998,11454
9313,Emily,Williams,1970,17116
9314,William,Davis,1991,14130
9315,James,Miller,1997,15026
9316,John,Garcia,1979,10517
9317,Emma,Rodriguez,1997,10066
9318,Olivia,Rodriguez,1990,16301
9319,Sarah,Rodriguez,1992,19064
9320,John,Jones,1993,17444
9321,William,Garcia,2000,12549
9322,James,Williams,1995,18641
9323,Emma,Brown,1987,10926
9324,Emily,Jones,1984,13045
9325,James,Garcia,1995,17486
9326,William,Rodriguez,1976,17198
9327,John,Rodriguez,1994,17553
9328,Emily,Brown,1992,12156
9329,James,Miller,1976,18631
9330,Emma,Jones,1996,10270
9331,William,Jones,1980,12931
9332,Sarah,Miller,1988,16852
9333,Emma,Brown,1988,18950
9334,Michael,Martinez,1997,19662
9335,Jane,Johnson,1992,12002
9336,Jane,Johnson,1985,18610
9337,Sarah,Jones,1983,16696
9338,Emma,Brown,1973,15784
9339,Jane,Garcia,1984,14928
9340,William,Brown,1980,16900
9341,David,Brown,1996,12327
9342,Emily,Johnson,1989,11584
9343,William,Miller,1984,16982
9344,Emma,Martinez,1997,16757
9345,Emily,Johnson,1991,11191
9346,Emily,Garcia,1995,13773
9347,Olivia,Garcia,1998,16182
9348,David,Garcia,1973,12301
9349,Sarah,Rodriguez,1973,12585
9350,James,Williams,1985,12407
9351,Emma,Martinez,1976,16910
9352,Emily,Johnson,1986,15895
9353,William,Johnson,1975,12046
9354,Michael,Brown,1978,16694
9355,Sarah,Brown,1970,19533
9356,Michael,Martinez,1990,14224
9357,David,Miller,1974,10012
9358,John,Rodriguez,2000,18427
9359,Michael,Johnson,1997,12180
9360,Michael,Smith,1980,14588
9361,Jane,Smith,1971,19921
9362,Emily,Brown,1982,12659
9363,Sarah,Johnson,1995,12312
9364,Emma,Martinez,1994,10265
9365,Sarah,Garcia,1995,13318
9366,Emma,Garcia,1990,12057
9367,Olivia,Johnson,1978,18899
9368,Michael,Smith,2000,12914
9369,William,Brown,1970,18612
9370,Michael,Smith,1970,15695
9371,Michael,Johnson,1997,15518
9372,Olivia,Miller,1996,14148
9373,William,Garcia,1997,16534
9374,Olivia,Johnson,1985,15214
9375,Jane,Smith,1985,10230
9376,David,Johnson,1987,14270
9377,Emma,Garcia,1993,11552
9378,Emily,Williams,1998,17190
9379,David,Johnson,1975,18192
9380,William,Martinez,1997,16337
9381,Michael,Brown,1981,11329
9382,David,Miller,1983,13555
9383,William,Williams,1977,13512
9384,Emma,Davis,1981,19608
9385,William,Martinez,1993,18571
9386,James,Davis,1984,15486
9387,Michael,Rodriguez,1974,16701
9388,James,Jones,1975,16373
9389,Olivia,Martinez,1992,10345
9390,Michael,Johnson,1998,19971
9391,Emily,Rodriguez,1985,18759
9392,John,Davis,2000,15333
9393,Sarah,Davis,1971,12254
9394,Olivia,Jones,1999,15853
9395,Michael,Smith,1991,16189
9396,Sarah,Smith,1988,19535
9397,Olivia,Brown,1986,19132
9398,Olivia,Garcia,1977,16887
9399,Olivia,Davis,1987,11708
9400,David,Brown,1978,17582
9401,Olivia,Martinez,1994,15306
9402,Olivia,Rodriguez,1989,19200
9403,Emily,Johnson,1986,10220
9404,Sarah,Smith,1994,12275
9405,William,Johnson,1984,15720
9406,Michael,Miller,1988,18159
9407,Emma,Jones,1987,17047
9408,Jane,Davis,1995,14996
9409,William,Rodriguez,1987,14679
9410,Michael,Johnson,1980,15127
9411,William,Smith,1976,10966
9412,Emma,Jones,1997,11966
9413,Sarah,Smith,1996,11905
9414,Emma,Garcia,1995,18526
9415,Emily,Jones,2000,12908
9416,Jane,Davis,1986,13486
9417,Olivia,Garcia,1981,19671
9418,Michael,Johnson,1979,11790
9419,Emma,Martinez,1990,18183
9420,John,Johnson,1970,14849
9421,Michael,Williams,1971,16905
9422,Michael,Davis,1989,17459
9423,Michael,Johnson,1973,16257
9424,David,Garcia,1982,14970
9425,William,Davis,1991,18071
9426,John,Williams,1987,15391
9427,David,Rodriguez,1981,11461
9428,John,Johnson,1998,18059
9429,Emily,Brown,1971,10453
9430,Michael,Miller,1994,16660
9431,Emma,Davis,1982,10697
9432,Sarah,Garcia,1981,10996
9433,David,Miller,1973,19298
9434,James,Smith,1982,12652
9435,William,Williams,1991,16781
9436,William,Williams,1998,16832
9437,William,Rodriguez,1982,11235
9438,William,Jones,1993,15991
9439,David,Jones,1992,13555
9440,Olivia,Rodriguez,1996,19162
9441,Emma,Martinez,1994,17183
9442,Michael,Miller,1983,16302
9443,Sarah,Williams,1971,14183
9444,William,Rodriguez,1995,17384
9445,Emily,Rodriguez,1981,15568
9446,Emily,Martinez,1972,12538
9447,Olivia,Miller,1996,11708
9448,John,Williams,1980,10204
9449,William,Brown,1999,12997
9450,Sarah,Johnson,1996,11011
9451,Michael,Miller,1991,11179
9452,John,Johnson,1980,17856
9453,William,Johnson,1974,14485
9454,John,Williams,1977,10918
9455,Emily,Garcia,1987,14682
9456,Jane,Williams,1978,18663
9457,Emily,Miller,1995,12646
9458,Michael,Smith,1990,12574
9459,James,Johnson,1986,16234
9460,Emily,Williams,1976,17294
9461,Jane,Davis,1997,12541
9462,Jane,Brown,1973,19418
9463,John,Jones,1982,16942
9464,Sarah,Martinez,1977,10906
9465,Jane,Johnson,1987,13331
9466,Emma,Smith,1990,18789
9467,James,Smith,1996,16332
9468,Olivia,Smith,1990,10875
9469,William,Smith,1982,14896
9470,Olivia,Jones,1980,18636
9471,Emma,Smith,1977,16968
9472,Olivia,Rodriguez,1984,11641
9473,John,Davis,1981,12306
9474,Emily,Garcia,1982,13770
9475,Jane,Johnson,1992,11676
9476,Sarah,Garcia,1994,12934
9477,Emma,Jones,1985,16993
9478,David,Smith,1978,13780
9479,Emma,Williams,2000,10997
9480,John,Rodriguez,1994,14050
9481,Emily,Martinez,1975,12818
9482,David,Davis,1979,15454
9483,Emma,Johnson,1976,13927
9484,John,Martinez,1994,16424
9485,Michael,Smith,1974,17120
9486,Emily,Rodriguez,1979,19501
9487,James,Johnson,1976,14356
9488,David,Smith,1991,16125
9489,Emily,Johnson,1999,11037
9490,William,Jones,1972,13263
9491,Emma,Jones,1986,19394
9492,William,Rodriguez,1987,15322
9493,Emma,Martinez,1979,12875
9494,Michael,Garcia,1980,10908
9495,Olivia,Miller,1983,13109
9496,David,Martinez,1998,16836
9497,Olivia,Rodriguez,1990,13759
9498,David,Davis,1980,19392
9499,Emily,Johnson,1999,15190
9500,Michael,Rodriguez,1981,12325
9501,Emily,Brown,1984,13961
9502,William,Williams,1973,12594
9503,Emily,Johnson,1990,15577
9504,Sarah,Williams,1994,18992
9505,James,Garcia,1991,19045
9506,Olivia,Miller,1984,18504
9507,Michael,Davis,1984,12874
9508,Michael,Martinez,1974,11057
9509,William,Smith,1989,11856
9510,Emma,Johnson,1977,19968
9511,William,Miller,1983,13417
9512,Sarah,Williams,1970,10197
9513,James,Jones,1994,17781
9514,James,Martinez,1994,16134
9515,David,Davis,1987,14232
9516,Jane,Williams,1998,10993
9517,Olivia,Smith,1998,18239
9518,James,Williams,1997,16093
9519,Olivia,Johnson,1976,11518
9520,Michael,Rodriguez,1987,13263
9521,Olivia,Brown,1985,19124
9522,Emma,Jones,1996,16676
9523,Emma,Brown,1992,10945
9524,Michael,Garcia,1999,17591
9525,Emily,Garcia,1982,10519
9526,Michael,Garcia,1995,10459
9527,Olivia,Smith,1996,19315
9528,Jane,Martinez,1974,17767
9529,James,Jones,1982,12357
9530,James,Miller,1981,15477
9531,Emily,Davis,1972,19947
9532,Emma,Williams,1995,12426
9533,John,Garcia,1996,18090
9534,William,Smith,1974,10859
9535,Sarah,Miller,1985,12143
9536,David,Williams,1977,13401
9537,Sarah,Jones,1984,11826
9538,Emma,Jones,1998,19135
9539,Jane,Brown,1973,17143
9540,James,Martinez,1983,14846
9541,Olivia,Brown,1992,16520
9542,Emily,Martinez,1971,14601
9543,James,Garcia,1976,11872
9544,James,Williams,1990,11959
9545,Jane,Martinez,1977,13017
9546,James,Martinez,1973,13337
9547,David,Johnson,1996,11526
9548,Olivia,Davis,1976,17877
9549,Emily,Rodriguez,1977,18684
9550,David,Jones,1993,19692
9551,James,Martinez,1983,19021
9552,John,Smith,1988,12493
9553,David,Rodriguez,1992,13509
9554,Emily,Johnson,1988,19193
9555,Sarah,Brown,1997,16496
9556,Emily,Jones,1985,15396
9557,Emily,Davis,1986,18752
9558,David,Johnson,1971,10646
9559,William,Miller,1977,19798
9560,Emily,Rodriguez,1980,11985
9561,David,Garcia,1996,16417
9562,Jane,Johnson,1988,12479
9563,William,Williams,1994,14597
9564,Emma,Smith,1994,16179
9565,Michael,Jones,1995,18684
9566,David,Rodriguez,1973,15562
9567,James,Jones,1993,14885
9568,Emma,Davis,1995,19756
9569,Emily,Smith,1972,17074
9570,Olivia,Williams,1993,13862
9571,Olivia,Garcia,1987,16859
9572,John,Davis,1972,15614
9573,John,Davis,1994,19642
9574,Michael,Rodriguez,1985,13984
9575,William,Martinez,1998,18236
9576,Emma,Johnson,1986,10080
9577,Jane,Williams,2000,19970
9578,Michael,Garcia,1975,10641
9579,Emma,Davis,1983,19066
9580,Emma,Williams,1995,18698
9581,Emily,Garcia,1981,17899
9582,William,Williams,1975,16508
9583,Sarah,Miller,1998,19883
9584,William,Jones,1980,17780
9585,John,Smith,1976,11556
9586,Michael,Davis,1986,15994
9587,David,Smith,1984,10987
9588,Olivia,Brown,1993,13423
9589,Olivia,Davis,1995,10415
9590,John,Williams,1991,19798
9591,Olivia,Jones,1994,16230
9592,Jane,Jones,1974,10481
9593,Olivia,Jones,1990,10417
9594,John,Johnson,1979,13063
9595,John,Rodriguez,1991,15155
9596,David,Garcia,1991,10618
9597,Emma,Garcia,1973,10987
9598,David,Martinez,1980,11912
9599,James,Davis,1978,14824
9600,Emily,Garcia,1984,16718
9601,Olivia,Davis,1971,17361
9602,Emma,Williams,1991,12281
9603,William,Martinez,1986,12394
9604,Sarah,Martinez,1970,14149
9605,David,Garcia,1983,15392
9606,Emily,Johnson,1974,18141
9607,Jane,Davis,1993,16789
9608,David,Jones,1978,15433
9609,Emma,Brown,1999,11534
9610,Sarah,Garcia,1986,18905
9611,John,Smith,1999,15555
9612,Emma,Davis,1980,13253
9613,Jane,Davis,1991,11343
9614,John,Johnson,1992,17995
9615,Michael,Garcia,1981,16755
9616,Emma,Smith,1975,14411
9617,Olivia,Brown,1972,19191
9618,Olivia,Brown,1975,10020
9619,Michael,Jones,1997,15038
9620,Olivia,Garcia,1998,17430
9621,David,Smith,1974,17316
9622,David,Miller,1970,11842
9623,David,Rodriguez,1983,17136
9624,Michael,Smith,1986,17023
9625,John,Miller,1988,18475
9626,Jane,Davis,1972,14327
9627,William,Miller,1985,18230
9628,David,Jones,1980,18375
9629,John,Martinez,1987,17601
9630,Emily,Williams,1978,13231
9631,Emma,Martinez,1995,15937
9632,James,Rodriguez,1997,10909
9633,John,Davis,1976,18023
9634,James,Williams,1997,17505
9635,Jane,Rodriguez,1973,17571
9636,John,Williams,1984,16127
9637,John,Miller,1990,13734
9638,David,Johnson,1975,15950
9639,Jane,Johnson,1997,19443
9640,Emma,Williams,1993,11228
9641,William,Williams,1992,14949
9642,John,Davis,1990,15273
9643,Michael,Smith,1979,19367
9644,Michael,Williams,1999,12357
9645,Olivia,Rodriguez,1998,18725
9646,James,Miller,1996,19285
9647,Emily,Garcia,1993,11658
9648,Michael,Garcia,1985,15779
9649,Olivia,Smith,1992,15334
9650,William,Martinez,1985,13648
9651,John,Johnson,1999,14561
9652,Emily,Davis,1979,19248
9653,Jane,Brown,1988,16519
9654,John,Brown,1998,17654
9655,William,Smith,1982,16693
9656,Michael,Williams,1984,14557
9657,David,Garcia,1975,19001
9658,William,Jones,1991,10036
9659,David,Johnson,1984,16305
9660,Sarah,Williams,2000,16865
9661,Olivia,Miller,1978,14369
9662,Jane,Davis,1975,14554
9663,William,Smith,2000,11706
9664,Jane,Miller,1980,16353
9665,Michael,Miller,1986,13998
9666,John,Jones,1999,10994
9667,Sarah,Miller,1971,18714
9668,Michael,Williams,1992,11088
9669,Olivia,Brown,1978,12270
9670,Michael,Williams,1971,12962
9671,Emily,Davis,1994,16747
9672,William,Rodriguez,2000,18912
9673,Sarah,Miller,1984,15091
9674,Olivia,Brown,1984,18030
9675,Emma,Brown,1980,13268
9676,Olivia,Williams,1998,14880
9677,James,Smith,1985,18177
9678,William,Martinez,1975,10237
9679,William,Johnson,1978,18843
9680,Jane,Brown,1994,11362
9681,Emily,Miller,1987,17417
9682,David,Rodriguez,1990,10016
9683,William,Miller,1997,11545
9684,Emma,Rodriguez,1974,11552
9685,Jane,Johnson,1980,19301
9686,James,Jones,1975,15709
9687,James,Jones,1978,12769
9688,James,Martinez,1976,10203
9689,Olivia,Smith,1998,16790
9690,David,Williams,1991,13117
9691,William,Smith,1987,13551
9692,Jane,Johnson,1972,12624
9693,David,Johnson,1991,19715
9694,John,Williams,1997,13354
9695,James,Rodriguez,1971,16739
9696,Michael,Davis,1974,17994
9697,David,Miller,1972,12756
9698,John,Rodriguez,1975,10056
9699,Sarah,Miller,1973,16410
9700,Emma,Jones,1992,11412
9701,Olivia,Brown,1992,11726
9702,Jane,Williams,1993,12826
9703,Emily,Smith,1997,11725
9704,Olivia,Rodriguez,1971,13838
9705,David,Miller,1973,12422
9706,William,Smith,1984,10582
9707,William,Williams,1983,17172
9708,Olivia,Brown,1972,15603
9709,Michael,Brown,1971,15486
9710,Jane,Davis,1997,13613
9711,Emily,Garcia,1970,14831
9712,John,Martinez,1973,18039
9713,Emma,Davis,1981,10166
9714,John,Johnson,1997,17487
9715,David,Johnson,1975,16557
9716,James,Miller,1974,14742
9717,Olivia,Smith,1977,12660
9718,David,Garcia,1998,17825
9719,Emily,Martinez,1971,17585
9720,Sarah,Miller,1982,10971
9721,Jane,Johnson,1984,11801
9722,John,Williams,1978,15703
9723,Jane,Rodriguez,1992,12151
9724,David,Johnson,1982,12503
9725,Emma,Garcia,1972,12488
9726,Michael,Jones,1970,13417
9727,David,Williams,1972,17705
9728,Emma,Garcia,1973,18541
9729,James,Martinez,1998,16374
9730,Michael,Jones,1998,12938
9731,William,Davis,1974,16657
9732,John,Williams,1971,16638
9733,Jane,Johnson,1988,10394
9734,Emily,Johnson,1995,12082
9735,Michael,Rodriguez,1988,14799
9736,David,Williams,1988,17349
9737,James,Garcia,1991,12891
9738,Emily,Rodriguez,1975,15419
9739,James,Williams,1984,10804
9740,Emily,Garcia,1996,17582
9741,David,Williams,1986,18172
9742,Emily,Martinez,1987,11328
9743,Olivia,Davis,1973,16530
9744,John,Brown,1993,11286
9745,Michael,Garcia,1983,14865
9746,Jane,Miller,1974,18206
9747,Sarah,Miller,1997,17774
9748,William,Johnson,1994,14969
9749,Emily,Garcia,1980,12153
9750,William,Jones,1993,18571
9751,Emma,Jones,1991,12255
9752,Jane,Martinez,1999,14772
9753,James,Brown,1981,11212
9754,James,Brown,1998,15810
9755,Emma,Rodriguez,2000,11119
9756,James,Garcia,1989,13667
9757,Sarah,Miller,1989,12930
9758,John,Brown,1987,11102
9759,Emma,Smith,1990,17188
9760,Emma,Garcia,1986,14743
9761,Olivia,Martinez,1971,11017
9762,William,Davis,1976,17315
9763,Olivia,Rodriguez,1986,19188
9764,Olivia,Brown,1983,11985
9765,Emma,Miller,1977,19722
9766,David,Martinez,1985,17258
9767,Olivia,Williams,1985,13098
9768,Emily,Miller,1983,18052
9769,John,Jones,1984,14712
9770,William,Johnson,1996,17340
9771,Olivia,Martinez,1996,10035
9772,Olivia,Jones,1970,19313
9773,James,Brown,1970,19111
9774,Olivia,Williams,1991,14634
9775,Emma,Martinez,1993,12796
9776,James,Davis,1972,19279
9777,John,Williams,1984,10321
9778,Olivia,Martinez,1970,14870
9779,David,Smith,1976,15416
9780,Michael,Davis,1990,19839
9781,Emma,Smith,1999,11025
9782,David,Rodriguez,1977,15831
9783,John,Miller,1996,13167
9784,Sarah,Miller,2000,17033
9785,John,Martinez,1994,13472
9786,Jane,Miller,1987,18090
9787,John,Martinez,1971,13888
9788,John,Garcia,1995,19530
9789,William,Brown,1983,14823
9790,Emily,Garcia,1994,17613
9791,Olivia,Martinez,1981,15205
9792,Jane,Smith,1990,12216
9793,David,Jones,1987,17210
9794,Olivia,Brown,1996,13145
9795,Jane,Jones,1997,16965
9796,James,Johnson,1999,10635
9797,John,Williams,1972,17760
9798,Emma,Miller,1976,13653
9799,Emily,Brown,1972,15605
9800,David,Davis,1988,19330
9801,Emma,Rodriguez,1995,19722
9802,David,Davis,1993,15969
9803,John,Brown,1982,17916
9804,David,Brown,1993,14112
9805,David,Jones,1982,17321
9806,James,Brown,1996,16133
9807,James,Garcia,1990,10613
9808,Emily,Miller,2000,16080
9809,Olivia,Jones,1994,16065
9810,Sarah,Rodriguez,1989,17333
9811,Jane,Smith,1973,10426
9812,Michael,Martinez,1970,18102
9813,Olivia,Williams,1980,18455
9814,Sarah,Brown,1998,13290
9815,John,Jones,1974,11330
9816,William,Martinez,1980,19641
9817,John,Martinez,2000,15250
9818,Sarah,Smith,1996,11224
9819,Olivia,Martinez,1988,17890
9820,Jane,Garcia,1980,14739
9821,John,Williams,1992,14641
9822,William,Williams,1976,11874
9823,David,Jones,1988,13332
9824,John,Miller,1992,13795
9825,William,Johnson,1985,14837
9826,John,Smith,1973,14833
9827,Sarah,Williams,1999,13606
9828,James,Rodriguez,1980,19783
9829,John,Brown,1985,12835
9830,Michael,Rodriguez,1994,19734
9831,Emma,Miller,1980,11619
9832,Olivia,Rodriguez,1984,10877
9833,Emma,Williams,1979,16311
9834,James,Smith,1989,10050
9835,Olivia,Smith,1972,18722
9836,Olivia,Smith,1980,15031
9837,James,Williams,1997,12207
9838,Emily,Garcia,1999,13893
9839,Michael,Jones,1994,17628
9840,Sarah,Williams,1987,19521
9841,Emily,Garcia,1995,10406
9842,David,Johnson,2000,18547
9843,Jane,Davis,1987,10273
9844,John,Martinez,1982,12881
9845,Sarah,Rodriguez,1985,16821
9846,John,Rodriguez,1977,18414
9847,Jane,Jones,1996,15924
9848,Michael,Davis,1996,10675
9849,Jane,Rodriguez,1987,16178
9850,Emma,Garcia,1976,12578
9851,David,Martinez,1977,11711
9852,Sarah,Rodriguez,1987,19859
9853,John,Rodriguez,1989,12557
9854,William,Martinez,1983,13863
9855,William,Garcia,1995,17533
9856,James,Martinez,1982,13594
9857,Jane,Jones,1990,11663
9858,Michael,Johnson,1982,10852
9859,William,Rodriguez,1975,17587
9860,James,Rodriguez,1972,12290
9861,William,Jones,1985,12378
9862,Sarah,Smith,1987,19057
9863,Emma,Garcia,1998,12038
9864,Sarah,Davis,1973,17018
9865,Sarah,Johnson,1992,19904
9866,Sarah,Smith,1996,11032
9867,Jane,Garcia,1986,17081
9868,William,Rodriguez,1998,12768
9869,Sarah,Miller,1975,18836
9870,David,Miller,2000,18053
9871,Emma,Brown,1984,11246
9872,James,Garcia,1971,11948
9873,Emma,Miller,1980,16186
9874,Michael,Garcia,1994,18139
9875,John,Williams,2000,15674
9876,David,Johnson,1975,14679
9877,William,Martinez,1974,14949
9878,Sarah,Jones,1990,14082
9879,John,Johnson,1998,14802
9880,David,Miller,1973,13271
9881,David,Williams,1997,17891
9882,Olivia,Rodriguez,1974,17149
9883,David,Garcia,1996,16249
9884,Emma,Garcia,1973,11649
9885,Jane,Brown,1991,11821
9886,William,Garcia,1995,13712
9887,Emma,Brown,1998,16398
9888,Olivia,Johnson,1997,10821
9889,Emily,Johnson,1977,17663
9890,John,Smith,1997,14660
9891,Emma,Jones,1977,19767
9892,Sarah,Martinez,1979,19283
9893,David,Johnson,1983,11515
9894,Sarah,Williams,1978,11984
9895,Michael,Johnson,1985,10111
9896,David,Johnson,1999,14605
9897,Jane,Garcia,1981,12999
9898,David,Smith,2000,15287
9899,David,Williams,1987,14100
9900,Emma,Martinez,2000,16777
9901,John,Garcia,1996,13009
9902,John,Garcia,1979,14944
9903,William,Rodriguez,1972,16881
9904,James,Williams,1996,13259
9905,Emily,Rodriguez,1972,11615
9906,William,Jones,1976,17812
9907,Michael,Garcia,1972,12704
9908,David,Garcia,1988,16039
9909,Emma,Smith,1970,17746
9910,Michael,Davis,1975,10548
9911,Sarah,Davis,1977,19780
9912,Emma,Davis,1995,17398
9913,Sarah,Martinez,1981,19236
9914,Jane,Johnson,1990,15795
9915,William,Miller,1971,13412
9916,Sarah,Brown,1983,12740
9917,Michael,Garcia,1990,13874
9918,Olivia,Miller,1992,15145
9919,Emma,Jones,1979,19617
9920,Sarah,Johnson,2000,17325
9921,Emily,Garcia,1986,11041
9922,Olivia,Davis,1980,16257
9923,Jane,Williams,1991,17762
9924,John,Johnson,1980,18848
9925,William,Davis,1987,16409
9926,James,Rodriguez,1988,11750
9927,John,Martinez,1981,17204
9928,Michael,Rodriguez,1980,13119
9929,Emma,Garcia,1975,14067
9930,Jane,Johnson,1984,10914
9931,James,Jones,1999,19359
9932,William,Jones,1993,11273
9933,Emily,Brown,2000,14808
9934,Michael,Davis,2000,12003
9935,William,Johnson,1971,11852
9936,Emily,Brown,1986,16414
9937,Emily,Miller,1988,16461
9938,Olivia,Smith,1986,16423
9939,Emma,Martinez,1983,11500
9940,David,Williams,1993,18785
9941,Jane,Johnson,1989,18009
9942,Jane,Smith,1995,10921
9943,Michael,Miller,1971,11748
9944,Michael,Davis,1987,11636
9945,David,Rodriguez,1970,14899
9946,Sarah,Brown,1978,16716
9947,John,Rodriguez,1979,15340
9948,Emily,Davis,1994,16620
9949,William,Miller,1992,14638
9950,William,Davis,1993,15333
9951,Olivia,Martinez,1982,17244
9952,Emily,Miller,1980,18054
9953,Olivia,Rodriguez,1974,10119
9954,David,Jones,1975,19030
9955,John,Martinez,1996,19668
9956,David,Johnson,1972,19341
9957,Emily,Davis,1997,10563
9958,Michael,Jones,1983,16570
9959,John,Smith,1993,13773
9960,James,Martinez,1991,19544
9961,Jane,Williams,1986,17147
9962,David,Martinez,1980,15842
9963,Emma,Miller,1996,18227
9964,James,Smith,1976,11230
9965,James,Jones,1982,15007
9966,Emma,Martinez,1973,11050
9967,John,Garcia,1992,10455
9968,Sarah,Martinez,1980,18817
9969,Emma,Brown,1979,10803
9970,Sarah,Miller,1988,15757
9971,David,Martinez,1972,17193
9972,Emily,Jones,1977,17031
9973,Michael,Davis,1986,16833
9974,Emily,Smith,1982,13783
9975,Emily,Miller,1980,12984
9976,William,Miller,1996,15157
9977,Jane,Jones,1975,19516
9978,John,Martinez,1983,14654
9979,John,Jones,1977,16614
9980,Jane,Brown,1993,10552
9981,Michael,Johnson,1971,14440
9982,James,Garcia,1978,18744
9983,James,Brown,1992,15036
9984,Olivia,Rodriguez,1979,17139
9985,James,Williams,1998,12485
9986,David,Williams,1980,13187
9987,Michael,Garcia,1999,19064
9988,Jane,Johnson,1970,18615
9989,Jane,Williams,1996,17006
9990,Sarah,Davis,1973,14390
9991,James,Martinez,1972,13161
9992,William,Johnson,1994,10208
9993,David,Jones,1974,18458
9994,John,Brown,1983,13172
9995,William,Johnson,1976,19745
9996,Michael,Johnson,1979,11459
9997,Jane,Martinez,1977,10075
9998,Michael,Miller,1977,14458
9999,Olivia,Jones,1983,16768
10000,Emma,Williams,1993,16154
