outcome,ate_diff_in_means
converted,0.01836751146449217
post_purchases,0.020069155488995835
post_clicks,0.31053792927174584
