variable,smd
baseline_activity,-0.003215685916399116
pre_metric,-0.0025599816054992885
