model,mae,rmse,r2
word2vec_ridge,0.23521767379840214,0.3329207667441351,0.18626153469085693
