model,mae,rmse,r2
word2vec_ridge,0.27236923575401306,0.36661436112448575,0.06904870271682739
